model,k_factor,history_size,rider,premium,strike,expected_price,spend,overrun,profit,pct_return,premium_over_price
trip-specific,1,2,1,23.113632706937,21.9675778632092,21.9675778632092,659.457612486463,14.8052468056002,8.30838590133676,1.25988171855508,3.50494592363378
trip-specific,1,2,2,69.8741402056362,70.263294521236,70.263294521236,2035.22109017259,3.39463435998317,66.479505845653,3.2664513043158,3.43324568239958
trip-specific,1,2,3,21.4589983284756,19.4214709516813,19.4214709516813,590.782768252058,15.4559118594168,6.00308646905883,1.01612416469426,3.63229929538503
trip-specific,1,2,4,22.1518297176956,25.4431015865831,25.4431015865831,849.678205394564,86.4396081332517,-64.2877784155561,-7.56613244960225,2.6070846088619
trip-specific,1,2,5,10.3884270306106,7.66913906057842,7.66913906057842,220.089694972749,5.15803725225412,5.23038977835646,2.37648099744247,4.72008788593981
trip-specific,1,2,6,19.7687151456579,23.486218908231,23.486218908231,674.727330033021,8.04335153175256,11.7253636139053,1.7377928967738,2.92988208209832
trip-specific,1,2,7,20.8423582121289,16.5298431369072,16.5298431369072,485.303579755982,8.44449501018364,12.3978632019453,2.55466139528151,4.29470522813963
trip-specific,1,2,8,29.5416606260421,33.8292832870094,33.8292832870094,987.669689188694,17.1186604929866,12.4230001330555,1.25780919157903,2.99104659679377
trip-specific,1,2,9,18.2140823176545,15.8144948970861,15.8144948970861,474.196460577112,18.2669559241285,-0.0528736064740052,-0.0111501478542578,3.84104138936156
trip-specific,1,2,10,18.0007268949533,17.014541370209,17.014541370209,541.652702235874,34.776810755683,-16.7760838607296,-3.0972030216927,3.32329679528019
trip-specific,1,2,11,21.1447668602046,32.2250333365207,32.2250333365207,972.306001805736,20.2866074829616,0.858159377242927,0.0882602159864468,2.17470290432592
trip-specific,1,2,12,17.7479141979128,15.1685328050822,15.1685328050822,493.592092977696,39.0338596496079,-21.2859454516951,-4.31245673391631,3.59566420337993
trip-specific,1,2,13,18.9726831204601,19.7405643424671,19.7405643424671,606.048313770194,24.0733590869457,-5.10067596648562,-0.841628604616452,3.13055620969095
trip-specific,1,2,14,26.8308671907238,27.2615559248579,27.2615559248579,826.337444600877,15.7498054691055,11.0810617216183,1.34098506536522,3.24696252917392
trip-specific,1,2,15,17.8345432747689,10.0690108908811,10.0690108908811,303.066209464454,8.98914975262818,8.84539352214073,2.91863402976246,5.88470199508028
trip-specific,1,2,16,41.9435622137513,33.7338104789234,33.7338104789234,983.353276729689,7.60216352438205,34.3413986893693,3.49227480113531,4.26536049722048
trip-specific,1,2,17,24.2901232442942,21.8546663116368,21.8546663116368,718.243377486556,74.567799974117,-50.2776767298228,-7.00008914885734,3.38187917990916
trip-specific,1,2,18,18.2296473868203,15.9942580634992,15.9942580634992,481.237943095987,11.9306130496909,6.29903433712946,1.30892304472199,3.78807358155137
trip-specific,1,2,19,20.9350383330221,10.519253465261,10.519253465261,309.288496132862,12.4161569845192,8.51888134850285,2.75434794860374,6.76877368372245
trip-specific,1,2,20,17.4944261561267,17.4434491344122,17.4434491344122,567.768833471208,47.6246216656389,-30.1301955095122,-5.30677165305166,3.08125862583365
trip-specific,1,2,21,21.0881872431041,21.1164273241227,21.1164273241227,585.493177488831,0,21.0881872431041,3.60178189155865,3.60178189155865
trip-specific,1,2,22,24.7760409785349,22.1082222973417,22.1082222973417,655.54373244801,12.6580117122083,12.1180292663266,1.84854627792321,3.77946424504941
trip-specific,1,2,23,26.4502322797406,32.5090599199003,32.5090599199003,960.8268072974,13.5126415668219,12.9375907129187,1.34650601072522,2.75286160615558
trip-specific,1,2,24,18.2982857469349,19.4085443035976,19.4085443035976,586.460593688136,14.1454346784627,4.15285106847213,0.708121076363487,3.12012195599717
trip-specific,1,2,25,21.5327412918324,24.9596520852177,24.9596520852177,759.395733720482,24.1619816342452,-2.62924034241286,-0.346227958054427,2.83550991079944
trip-specific,1,2,26,17.8337417039538,18.2313686847666,18.2313686847666,560.820656326652,17.7757187848397,0.058022919114137,0.0103460738222776,3.179936670087
trip-specific,1,2,27,26.7526001695372,21.7703805878397,21.7703805878397,687.401299543805,47.1537286413651,-20.401128471828,-2.96786294779588,3.89184602753757
trip-specific,1,2,28,25.5056696428545,29.3810131697054,29.3810131697054,813.924885882353,1.65732089208247,23.848348750772,2.93004295168082,3.13366381655778
trip-specific,1,2,29,15.4096671602926,10.5005722671822,10.5005722671822,315.695175434064,12.4304899251767,2.97917723511588,0.943687920165287,4.8811855103915
trip-specific,1,2,30,36.9745842430744,38.9566820984863,38.9566820984863,1138.36988693696,14.7427658588862,22.2318183841882,1.95295207992613,3.24802901652315
trip-specific,1,2,31,27.6641260489632,25.9019113116247,25.9019113116247,806.307274759688,48.4601161206646,-20.7959900717014,-2.57916438592216,3.43096570190418
trip-specific,1,2,32,21.7582252360151,17.4596415473541,17.4596415473541,555.641873345395,36.0813779466949,-14.3231527106798,-2.57776697505595,3.91587212551382
trip-specific,1,2,33,18.9999177097357,23.3328832070114,23.3328832070114,694.487239194546,15.5314501269511,3.46846758278465,0.4994285549159,2.73581955685341
trip-specific,1,2,34,18.8410827976446,21.056604854817,21.056604854817,651.308065715851,28.6019455957591,-9.76086279811452,-1.49865529262045,2.89280661324782
trip-specific,1,2,35,28.9028357200456,24.4142059212449,24.4142059212449,735.30739548099,23.539396030371,5.36343968967457,0.729414626132811,3.93071467765386
trip-specific,1,2,36,33.953461403949,47.9347451459383,47.9347451459383,1448.03037960001,21.6315955184549,12.3218658854941,0.850939735732466,2.34480311202642
trip-specific,1,2,37,23.4316491415092,22.3707562596124,22.3707562596124,701.133393370052,43.6846011038018,-20.2529519622926,-2.8886018201109,3.3419673578637
trip-specific,1,2,38,30.8451799025925,22.8578975103477,22.8578975103477,632.411097334958,3.60115847189027,27.2440214307022,4.30796068340849,4.87739383963645
trip-specific,1,2,39,15.7536252304447,16.8370306822307,16.8370306822307,493.789243461012,6.76430913796365,8.98931609248107,1.82047628852224,3.19035407090405
trip-specific,1,2,40,20.2003817377406,15.0918781001467,15.0918781001467,452.154370808312,10.7327704170057,9.46761132073483,2.09388915201896,4.46758519698229
trip-specific,1,2,41,29.5784042110495,22.9852020574282,22.9852020574282,667.335355410812,6.46040650290907,23.1179977081404,3.46422492390036,4.43231487305824
trip-specific,1,2,42,30.8015888308824,31.7153893245389,31.7153893245389,1013.95200037864,62.8605538976257,-32.0589650667433,-3.16178330480847,3.0377758335089
trip-specific,1,2,43,18.2230210683001,26.270334885652,26.270334885652,784.514156607704,10.033518146651,8.18950292164908,1.04389485551938,2.3228415847966
trip-specific,1,2,44,23.9085396552175,31.5786019946425,31.5786019946425,910.627258565651,6.38160066315399,17.5269389920635,1.92471055826624,2.62550230407954
trip-specific,1,2,45,9.07457982904855,6.71949049140503,6.71949049140503,218.22544422899,19.5959996689528,-10.5214198399042,-4.82135338391789,4.15835094808026
trip-specific,1,2,46,50.1758740910725,64.9508642327499,64.9508642327499,1847.75967493302,0.972729350421133,49.2031447406513,2.66285412589897,2.71549784161683
trip-specific,1,2,47,18.773740809743,21.9705112545516,21.9705112545516,718.71200132422,64.5263242386531,-45.7525834289101,-6.36591337623575,2.61213681908087
trip-specific,1,2,48,22.6004700656401,12.697250238283,12.697250238283,391.585367769411,29.9159810919848,-7.31551102634472,-1.86817783003897,5.7715307889003
trip-specific,1,2,49,14.5509535428397,10.4610644751652,10.4610644751652,302.768932162473,3.02134425580893,11.5296092870308,3.80805560355306,4.80595992426044
trip-specific,1,2,50,13.0312344101123,12.7994783428852,12.7994783428852,405.453487249091,30.7093023364524,-17.6780679263401,-4.36007297564062,3.2139899692382
trip-specific,1,2,51,25.1477979697508,24.5271604986151,24.5271604986151,737.112000828445,22.7465759988787,2.40122197087212,0.325760802723789,3.41166579047513
trip-specific,1,2,52,30.9178618256067,15.5380627630246,15.5380627630246,449.247988601111,10.8915575381578,20.0263042874489,4.45773933230235,6.88213695110358
trip-specific,1,2,53,23.1302689043938,17.7549071914696,17.7549071914696,514.554422742881,6.71237656203175,16.4178923423621,3.19070085042607,4.49520359403302
trip-specific,1,2,54,28.8872351804314,39.4473060089764,39.4473060089764,1180.17554908259,18.577411834086,10.3098233463455,0.873583879479611,2.44770663168602
trip-specific,1,2,55,34.7635409938581,12.0825360907681,12.0825360907681,309.649670094893,0.920921454902093,33.842619538956,10.929325236673,11.2267327729446
trip-specific,1,2,56,22.7058612951255,24.3792509597813,24.3792509597813,408.666449253121,0,22.7058612951255,5.55608647018191,5.55608647018191
trip-specific,1,2,57,22.8141226521305,24.3156203647984,24.3156203647984,761.989352320797,37.6029450090603,-14.7888223569298,-1.94081745524231,2.99402118712621
trip-specific,1,2,58,24.0198934068177,17.4093144052656,17.4093144052656,509.413969244461,3.48428776071068,20.535605646107,4.03122153806746,4.71520116388699
trip-specific,1,2,59,20.0356353503325,23.3160444682608,23.3160444682608,724.177507421803,41.1970815652284,-21.1614462148959,-2.9221352497172,2.76667462673106
trip-specific,1,2,60,22.3401828415272,34.5770640105354,34.5770640105354,1064.53639694915,39.6040052567043,-17.2638224151771,-1.62172213788589,2.09858328052961
trip-specific,1,2,61,21.4085075370831,20.8100313278471,20.8100313278471,583.653848148979,5.78039065563296,15.6281168814502,2.67763451419258,3.66801445839497
trip-specific,1,2,62,7.24705884092072,7.52873518353934,7.52873518353934,228.02410800553,17.4027301694669,-10.1556713285461,-4.4537708829892,3.17819852659832
trip-specific,1,2,63,36.338444215773,29.6765810777936,29.6765810777936,908.055374187716,26.1668555109221,10.1715887048509,1.1201507082043,4.0017872531484
trip-specific,1,2,64,22.8642762165211,24.6882258540963,24.6882258540963,736.98564195566,10.6367296398732,12.2275465766479,1.65912955158814,3.10240456731947
trip-specific,1,2,65,17.9964707759614,17.9205094247283,17.9205094247283,514.161587399171,4.91464817367295,13.0818226022884,2.54430181540036,3.50015855268273
trip-specific,1,2,66,17.5673706423707,18.656287768357,18.656287768357,615.197619666469,60.5255003935266,-42.958129751156,-6.98281793977777,2.85556544446561
trip-specific,1,2,67,20.945321242649,18.7781093071596,18.7781093071596,589.530458991288,31.1173634729246,-10.1720422302756,-1.72544812148983,3.55288194582641
trip-specific,1,2,68,9.23085613178784,7.13150134894843,7.13150134894843,208.81764158118,7.35034644422966,1.88050968755818,0.900551157133492,4.42053461665942
trip-specific,1,2,69,28.702680105623,32.8849606804066,32.8849606804066,1145.20826762216,159.399049341583,-130.69636923596,-11.4124542173739,2.50632840480793
trip-specific,1,2,70,22.1598927612402,28.7933138361866,28.7933138361866,805.307256316798,3.63504467678819,18.524848084452,2.30034535751961,2.75173141523547
trip-specific,1,2,71,28.9404551280697,26.5436363443745,26.5436363443745,787.683014047978,28.7235254055582,0.216929722511519,0.0275402311136173,3.67412456685361
trip-specific,1,2,72,26.711622495423,33.5275923326623,33.5275923326623,985.562744794509,11.4763561818387,15.2352663135843,1.54584438119776,2.71029141843145
trip-specific,1,2,73,28.0875359551106,33.1351814665725,33.1351814665725,1028.30939528681,44.3054405788387,-16.217904623728,-1.57714251158861,2.73142850623053
trip-specific,1,2,74,25.4508698769956,25.2153447721444,25.2153447721444,714.92548094727,7.62009478266685,17.8307750943288,2.4940746370801,3.55993324552839
trip-specific,1,2,75,20.3504882095188,19.0018138529033,19.0018138529033,658.416631569366,88.3622159822677,-68.0117277727489,-10.3295883657495,3.09082232036158
trip-specific,1,2,76,23.960490026387,24.1059737948349,24.1059737948349,751.76131930049,40.0610253133252,-16.1005352869382,-2.14170839514856,3.18724699066481
trip-specific,1,2,77,19.6938661851946,22.1306948423942,22.1306948423942,643.167078138021,5.90148711199215,13.7923790732025,2.14444730491051,3.06201403252926
trip-specific,1,2,78,40.2582730635338,40.5932587178162,40.5932587178162,1232.7179218129,30.6716930926329,9.58657997090086,0.777678315636258,3.26581388581807
trip-specific,1,2,79,16.8294365738932,6.482793144259,6.482793144259,173.52415114315,0.674655193778013,16.1547813801152,9.3098172638737,9.69861339935887
trip-specific,1,2,80,17.5978440964592,17.7118610509249,17.7118610509249,589.630970415037,61.7493234005214,-44.1514793040622,-7.48798511600982,2.98455219950068
trip-specific,1,2,81,24.1357397149756,21.6944666754587,21.6944666754587,618.18756109822,6.05422623097539,18.0815134840002,2.92492353807283,3.90427456548916
trip-specific,1,2,82,9.91020367682815,7.53580701832724,7.53580701832724,249.139121198501,24.8831862995252,-14.9729826226971,-6.00988819044899,3.97777901324949
trip-specific,1,2,83,24.2836265315262,21.903660367838,21.903660367838,615.535394391592,3.87555947447798,20.4080670570482,3.31549854695521,3.94512269363952
trip-specific,1,2,84,32.5036666391759,48.2056402124212,48.2056402124212,1335.67027995055,0,32.5036666391759,2.43350976113502,2.43350976113502
trip-specific,1,2,85,12.1439394297166,8.96909991654058,8.96909991654058,267.253754985675,7.29617368943025,4.84776574028637,1.81391866338649,4.5439733598383
trip-specific,1,2,86,25.0105574492215,30.0303066114994,30.0303066114994,875.502985299142,15.0881530733413,9.92240437588018,1.13333758336528,2.85670727218318
trip-specific,1,2,87,22.3282006156784,16.6621303194141,16.6621303194141,505.058549123835,18.1163959672801,4.21180464839823,0.83392403825354,4.42091330884564
trip-specific,1,2,88,26.2570230004887,24.6125544570478,24.6125544570478,717.554044136389,18.3901534870815,7.86686951340723,1.09634522691254,3.65923977643946
trip-specific,1,2,89,22.5626709048654,18.3775744122012,18.3775744122012,661.528903958966,138.87374379275,-116.311072887884,-17.5821603851037,3.41068557546579
trip-specific,1,2,90,22.0711319640283,16.4426567045051,16.4426567045051,489.666482333909,9.09575395235398,12.9753780116743,2.64983993795726,4.50738058664545
trip-specific,1,2,91,22.9120874808299,18.7148884880575,18.7148884880575,560.941724431617,12.8561106257649,10.055976855065,1.79269546497979,4.08457536369681
trip-specific,1,2,92,15.0166693061118,11.6983175999383,11.6983175999383,358.675418731606,13.9188580882866,1.09781121782515,0.30607372585146,4.1867015473811
trip-specific,1,2,93,35.1000133483607,21.0922908432871,21.0922908432871,646.005845045009,36.6901880895514,-1.59017474119072,-0.246154853456461,5.43338943719855
trip-specific,1,2,94,17.0407622190104,17.5472305113288,17.5472305113288,518.652344769042,5.76146915211362,11.2792930668968,2.17473095044417,3.28558472566025
trip-specific,1,2,95,18.1999452271614,17.5936872925783,17.5936872925783,484.582136029379,0.969817395755364,17.2301278314061,3.5556671512054,3.7558019320089
trip-specific,1,2,96,15.7515872655537,10.9297304401225,10.9297304401225,349.127574525365,23.4135608126016,-7.66197354704785,-2.1946056702809,4.51169956625964
trip-specific,1,2,97,23.2045512964458,29.1387092968263,29.1387092968263,887.978021966804,29.8717295253486,-6.66717822890284,-0.750826942105566,2.61318982254195
trip-specific,1,2,98,16.2357559384404,15.5016287532171,15.5016287532171,506.007386593235,42.6457103365714,-26.4099543981311,-5.21928238556748,3.20860057947965
trip-specific,1,2,99,19.999572239465,21.8560718679534,21.8560718679534,660.66495605261,17.1562535303392,2.84331870912585,0.43037226101931,3.0271882981292
trip-specific,1,2,100,13.447706853064,10.0008134556458,10.0008134556458,285.194310811456,4.60853182997868,8.83917502308529,3.09935180611963,4.7152787917829
trip-specific,1,4,1,36.6092441497434,32.719552945575,32.719552945575,996.98236541054,28.2091789107202,8.40006523902323,0.842549028995535,3.67200518483277
trip-specific,1,4,2,17.8714960572733,18.5427039182992,18.5427039182992,560.929469898815,17.4636077995119,0.40788825776141,0.0727164963957035,3.18605047805691
trip-specific,1,4,3,8.43633505350786,6.25653859379665,6.25653859379665,189.480216166448,8.28367168693737,0.152663366570492,0.0805695547847516,4.45235667564207
trip-specific,1,4,4,32.6795938709053,28.4246913539345,28.4246913539345,822.035145970146,8.03134489048468,24.6482489804206,2.99844223221518,3.97544971539357
trip-specific,1,4,5,17.4767381473767,22.2170622799294,22.2170622799294,645.157857007684,4.09713035607925,13.3796077912974,2.07385024393155,2.70890882867579
trip-specific,1,4,6,22.64879108288,25.0333490574891,25.0333490574891,728.38436595798,3.19919855312975,19.4495925297502,2.6702375062883,3.10945596053425
trip-specific,1,4,7,45.9691873949639,46.2972866766027,46.2972866766027,1400.26322169973,33.4120836560913,12.5571037388726,0.896767375181787,3.2828961499941
trip-specific,1,4,8,40.3504049361144,33.6864636857523,33.6864636857523,1054.0971436554,52.9201490929958,-12.5697441568813,-1.19246544140059,3.82795885360123
trip-specific,1,4,9,13.5115447512085,12.8626899047798,12.8626899047798,377.527457222542,9.32556125219254,4.18598349901594,1.10878915398951,3.57895683948726
trip-specific,1,4,10,18.9606438969675,16.4348212953699,16.4348212953699,541.625814218917,66.6479373752771,-47.6872934783096,-8.80447205919825,3.50069058734041
trip-specific,1,4,11,21.5349715303902,14.5946447391795,14.5946447391795,456.061227742615,20.205060964605,1.32991056578521,0.291607899309467,4.72194745363089
trip-specific,1,4,12,20.2550716424202,19.0472265579766,19.0472265579766,584.709718706956,20.892572187769,-0.637500545348797,-0.109028552964467,3.46412433287629
trip-specific,1,4,13,30.8821314356522,24.2101090049969,24.2101090049969,740.453695829502,20.5617624306031,10.3203690050492,1.39378992409345,4.17070393592352
trip-specific,1,4,14,25.9590499050958,37.0973569013165,37.0973569013165,1081.72960016003,11.5067029960366,14.4523469090592,1.33604062484017,2.39977254031463
trip-specific,1,4,15,25.8957057685367,19.2040358462147,19.2040358462147,585.764245441738,20.5012205122705,5.3944852562662,0.920931125148839,4.42084097314751
trip-specific,1,4,16,30.9075369865541,26.7474113799707,26.7474113799707,800.476749083597,10.8178707067502,20.0896662798039,2.50971265596446,3.86114112895068
trip-specific,1,4,17,28.9056671954542,29.1055212199876,29.1055212199876,855.821806412075,12.9925706879983,15.9130965074559,1.85939367146644,3.37753338123477
trip-specific,1,4,18,21.3790616797168,17.9724457315357,17.9724457315357,546.37413552908,17.9249524926582,3.45410918705858,0.632187536423883,3.9128978276057
trip-specific,1,4,19,10.5713858015489,11.5920255234366,11.5920255234366,369.493343642715,29.0686848708746,-18.4972990693257,-5.0061251136399,2.86104905093258
trip-specific,1,4,20,17.4982066814962,15.9780218517649,15.9780218517649,483.645708188099,15.2557580130724,2.24244866842374,0.463655239870673,3.61798034909694
trip-specific,1,4,21,23.2878994606907,25.9011658486776,25.9011658486776,795.769445766561,27.0419085642142,-3.75400910352345,-0.471745820789492,2.92646313383616
trip-specific,1,4,22,41.665555049684,36.4796490131143,36.4796490131143,1065.0651758362,7.71124772154841,33.9543073281355,3.18800277189398,3.91201928247927
trip-specific,1,4,23,18.4296168491791,20.1304968939577,20.1304968939577,652.631756036863,50.3157225581039,-31.8861057089248,-4.8857729361125,2.82389213805559
trip-specific,1,4,24,19.9179812386292,17.5381497208263,17.5381497208263,543.898083316018,21.1675969065958,-1.2496156679666,-0.229751805769931,3.66207968912006
trip-specific,1,4,25,18.9729332808611,14.4621274264501,14.4621274264501,440.347392977359,13.4750553328605,5.49787794800058,1.24853196264597,4.30862850182392
trip-specific,1,4,26,22.0734972722301,22.0458931703402,22.0458931703402,701.43292848895,48.9878642864198,-26.9143670141898,-3.83705496577835,3.14691489032052
trip-specific,1,4,27,13.9040630226853,15.2070667192068,15.2070667192068,464.017736667853,14.2583680744697,-0.35430505178446,-0.076355928617891,2.99645076555293
trip-specific,1,4,28,18.8034926011602,17.230723476443,17.230723476443,523.191834568675,12.9968774004124,5.80661520074786,1.10984438538398,3.59399580780194
trip-specific,1,4,29,10.2734471390052,10.8303059996472,10.8303059996472,325.144845766569,12.7078166298941,-2.4343694908889,-0.748703084974197,3.1596524665136
trip-specific,1,4,30,19.346797990596,19.2507161636035,19.2507161636035,573.012418656538,17.0929756397294,2.25382235086661,0.393328709376114,3.37633136048879
trip-specific,1,4,31,35.3265770841463,38.4097936063245,38.4097936063245,1100.74509439306,7.80789915773924,27.5186779264071,2.5000045938502,3.20933313844339
trip-specific,1,4,32,23.4986178705806,24.4699793426372,24.4699793426372,769.341739192408,44.7773157944611,-21.2786979238805,-2.7658317285914,3.05437969545855
trip-specific,1,4,33,21.3658520281578,22.1179731980528,22.1179731980528,657.356510916024,8.30795572354344,13.0578963046143,1.98642533964077,3.250268564068
trip-specific,1,4,34,24.5678011383409,35.6919039856164,35.6919039856164,1046.19182048495,11.3299140802401,13.2378870581008,1.26534033232687,2.34830751467286
trip-specific,1,4,35,15.4859769715748,15.3575951597638,15.3575951597638,422.912008468315,1.78467733625093,13.7012996353239,3.23975185404327,3.66174917275612
trip-specific,1,4,36,24.3929980050122,18.6029906793672,18.6029906793672,595.107945290472,37.2327058250989,-12.8397078200867,-2.15754266460342,4.09891990151568
trip-specific,1,4,37,26.435102154585,36.3626486656366,36.3626486656366,1078.33176005344,17.2249856905712,9.2101164640138,0.854107873402276,2.45148136537079
trip-specific,1,4,38,16.9698992890282,16.3602620547465,16.3602620547465,510.510338944384,26.9491279284302,-9.97922863940196,-1.95475544335433,3.32410491903415
trip-specific,1,4,39,18.8482428594345,14.7282210256324,14.7282210256324,467.538819296544,29.9322461545745,-11.08400329514,-2.37071294140173,4.03137495359069
trip-specific,1,4,40,27.4944892390245,27.9554900728459,27.9554900728459,821.163982014474,10.4785367571749,17.0159524818496,2.07217472448148,3.34823370742287
trip-specific,1,4,41,20.826711276455,18.2223980029078,18.2223980029078,548.397890784181,12.3646790068842,8.46203226957076,1.54304610060963,3.79773730469201
trip-specific,1,4,42,22.3222272670758,23.0822712719734,23.0822712719734,559.299846188829,0,22.3222272670758,3.99110198566716,3.99110198566716
trip-specific,1,4,43,133.423524867886,55.7728765586491,55.7728765586491,1447.01619849644,2.21050523381577,131.21301963407,9.06783350251437,9.22059649411824
trip-specific,1,4,44,25.1531093007132,27.5919670937445,27.5919670937445,779.148710991684,7.96705720916336,17.1860520915499,2.20574735594131,3.22828093608714
trip-specific,1,4,45,20.5374717894132,19.775183263071,19.775183263071,608.987765976588,25.6146857911753,-5.07721400176212,-0.833713628650679,3.37239480607278
trip-specific,1,4,46,23.2041177056142,21.0449672559341,21.0449672559341,612.830957210046,8.82675547933176,14.3773622262825,2.34605678076975,3.78638145358265
trip-specific,1,4,47,25.1291171629109,25.0385471858665,25.0385471858665,812.911709968116,68.4362361993074,-43.3071190363966,-5.32740745462938,3.09124802297367
trip-specific,1,4,48,23.0190071810023,18.1942257997611,18.1942257997611,559.617544036116,36.5218598058514,-13.5028526248491,-2.41287157072717,4.11334623553487
trip-specific,1,4,49,6.7017640634877,4.77848190240785,4.77848190240785,135.173870939884,5.54651722896111,1.15524683452658,0.854637679970235,4.95788425447118
trip-specific,1,4,50,38.6421966175948,28.3340989490084,28.3340989490084,826.675592470218,6.68687968367224,31.9553169339226,3.86552079497542,4.67440879706231
trip-specific,1,4,51,23.0226660783822,26.7372476487503,26.7372476487503,796.910600480545,13.650253494854,9.37241258352823,1.17609335073176,2.88898981447848
trip-specific,1,4,52,22.1883844861852,28.0209293547013,28.0209293547013,835.29526218605,8.8620294239653,13.3263550622199,1.59540651856968,2.65635224939695
trip-specific,1,4,53,15.7594984175692,10.0932845570908,10.0932845570908,311.735263894374,19.6067859692494,-3.84728755168014,-1.23415217887692,5.05541087033036
trip-specific,1,4,54,24.512794786983,25.3622584644876,25.3622584644876,773.652085111942,27.132677469084,-2.61988268210101,-0.338638353404287,3.16845197714889
trip-specific,1,4,55,33.8353483386541,15.6456831481827,15.6456831481827,452.956373519096,8.27725781519579,25.5580905234583,5.64250599343445,7.46989121176979
trip-specific,1,4,56,23.0270191759612,20.6893831649973,20.6893831649973,604.463704980804,10.9104820157186,12.1165371602425,2.00451028910451,3.80949575404076
trip-specific,1,4,57,18.3465197424878,16.7673894166683,16.7673894166683,526.258115764615,28.0643127291326,-9.71779298664485,-1.84658301611664,3.48622077130945
trip-specific,1,4,58,14.808597006826,14.7757803341484,14.7757803341484,437.651779630246,6.54742265255679,8.26117435426925,1.88761356374439,3.3836483012447
trip-specific,1,4,59,22.9674160310128,22.2054647029377,22.2054647029377,688.210932876353,32.4569787813021,-9.48956275028936,-1.37887416444084,3.33726404708819
trip-specific,1,4,60,19.0473568172074,18.7289605397396,18.7289605397396,605.646882225921,55.532539330654,-36.4851825134466,-6.02416747847416,3.14496076446444
trip-specific,1,4,61,27.202311904257,27.6838937078336,27.6838937078336,819.387948506627,7.50390567806137,19.6984062261956,2.40403904671736,3.31983304780531
trip-specific,1,4,62,30.9864095287995,11.4051190302095,11.4051190302095,320.618861093565,3.4041363370446,27.5822731917549,8.60282302097808,9.66456228529764
trip-specific,1,4,63,20.5733138867132,25.1412077222981,25.1412077222981,755.136286924144,16.698563378521,3.87475050819223,0.513119363390024,2.72445043933902
trip-specific,1,4,64,47.1975756563561,25.8782286828383,25.8782286828383,761.381093879733,29.1029560685342,18.0946195878219,2.37655225921332,6.19894242656509
trip-specific,1,4,65,14.6482872279572,9.52011297980734,9.52011297980734,306.632729537092,22.1053621677869,-7.45707493982973,-2.43192399946585,4.77714406093276
trip-specific,1,4,66,27.4865519864723,29.5417827043825,29.5417827043825,879.523201009591,17.9479719319092,9.53858005456316,1.08451716152729,3.12516508432307
trip-specific,1,4,67,22.7161142464771,28.2448214151873,28.2448214151873,952.259318337563,111.365203082072,-88.6490888355945,-9.30934327745477,2.38549666136473
trip-specific,1,4,68,12.544891778626,6.69151437457933,6.69151437457933,274.36722923431,73.6217979969305,-61.0769062183045,-22.261006312144,4.57229961961407
trip-specific,1,4,69,25.9313693288543,24.5711456896171,24.5711456896171,713.534447525508,11.0273939370671,14.9039753917872,2.08875345030268,3.63421407596825
trip-specific,1,4,70,17.3473961622559,17.9600145761961,17.9600145761961,539.21011162513,10.7636649132676,6.58373124898829,1.22099550936564,3.21718673078524
trip-specific,1,4,71,24.0690617732643,21.1986767394911,21.1986767394911,611.015851170146,7.36116376876933,16.707898004495,2.73444591862846,3.93918778492736
trip-specific,1,4,72,25.2899268799172,28.3029607653785,28.3029607653785,821.627971743559,13.8625846203783,11.4273422595388,1.39081709149813,3.07802652169326
trip-specific,1,4,73,13.91911903611,11.449033148089,11.449033148089,390.906462527744,50.7824763655037,-36.8633573293936,-9.43022458391239,3.56072881121072
trip-specific,1,4,74,32.8384816436182,35.951328229975,35.951328229975,1086.73141869572,22.7247998592696,10.1136817843486,0.930651457237428,3.0217661032595
trip-specific,1,4,75,22.2279976624917,24.4253163440124,24.4253163440124,718.709119330984,20.2624525304275,1.9655451320642,0.273482703808439,3.09276688783117
trip-specific,1,4,76,23.7340114012431,22.9956496452191,22.9956496452191,690.148149588383,22.7091892509027,1.02482215034037,0.148493066445458,3.43897341685238
trip-specific,1,4,77,16.9234381610601,13.2468966553664,13.2468966553664,448.498438533295,51.7382056580323,-34.8147674969722,-7.76251699132453,3.77335497898367
trip-specific,1,4,78,16.6768259841209,15.7312768296879,15.7312768296879,493.419662391589,28.1238149127226,-11.4469889286016,-2.31992962605471,3.37984625567796
trip-specific,1,4,79,26.8971840095579,20.2461178293287,20.2461178293287,553.341423576547,1.3434688708401,25.5537151387178,4.6180737696358,4.86086579886009
trip-specific,1,4,80,25.541675399163,25.9791747641376,25.9791747641376,771.190173334728,13.7762660270669,11.7654093720961,1.5256171277729,3.31198143886058
trip-specific,1,4,81,16.607747546693,10.7311210025616,10.7311210025616,328.183564872525,14.6457818181949,1.96196572849804,0.597825710516649,5.06050555979055
trip-specific,1,4,82,15.7537825965331,19.1481312061414,19.1481312061414,607.630310914533,39.8535117360573,-24.0997291395243,-3.9661828428625,2.5926591076114
trip-specific,1,4,83,24.8790859863677,29.209283324616,29.209283324616,731.643702665795,0,24.8790859863677,3.40043738444259,3.40043738444259
trip-specific,1,4,84,20.6408465279492,25.6357089364581,25.6357089364581,743.795249200341,7.55814315987642,13.0827033680728,1.75891192934321,2.77507103603315
trip-specific,1,4,85,28.2379380362024,31.8481434621147,31.8481434621147,943.238216590585,19.8787471926101,8.35919084359226,0.88622266322152,2.99372285171723
trip-specific,1,4,86,50.6463315390797,36.1884609714555,36.1884609714555,1020.55474107819,10.6587659097005,39.9875656293792,3.91821859424546,4.96262762794804
trip-specific,1,4,87,28.830374694832,20.279362133163,20.279362133163,540.559765957983,0.307292565453974,28.523082129378,5.27658252160688,5.33342962433369
trip-specific,1,4,88,19.5933485829045,18.0658675821611,18.0658675821611,541.302662627644,8.79679991106646,10.796548671838,1.99454933759763,3.61966602709703
trip-specific,1,4,89,19.5954556240861,21.172770480403,21.172770480403,660.65861351054,28.5034575469936,-8.90800192290745,-1.34835174184334,2.96604861018338
trip-specific,1,4,90,16.643627297698,14.5558225358295,14.5558225358295,439.336538631883,15.2814501503908,1.36217714730718,0.310053234258427,3.7883549020364
trip-specific,1,4,91,39.4836455334816,45.6100897750399,45.6100897750399,1340.47738597463,25.4857165924616,13.99792894102,1.04424954031153,2.94549135603463
trip-specific,1,4,92,19.4581181949558,15.859852405745,15.859852405745,486.066065965116,16.1637509498921,3.29436724506363,0.677761208967026,4.00318383804893
trip-specific,1,4,93,32.3120173388513,24.6333482605155,24.6333482605155,721.951836427019,7.97241940418468,24.3395979346666,3.37136034657445,4.47564722582677
trip-specific,1,4,94,36.0101668113255,23.2070511092975,23.2070511092975,697.5003099201,19.1781246082214,16.8320422031042,2.41319494252731,5.16274563597693
trip-specific,1,4,95,20.012657497108,26.5678488049042,26.5678488049042,821.02885867041,29.7862500632091,-9.77359256610111,-1.19040792085295,2.43750963023601
trip-specific,1,4,96,26.8390756566587,24.6132482432845,24.6132482432845,708.542408720465,7.9039400302512,18.9351356264075,2.67240681621329,3.78792791035989
trip-specific,1,4,97,31.5016357496607,21.5875161962337,21.5875161962337,629.354906953131,13.2087258616413,18.2929098880194,2.90661273725188,5.00538494284064
trip-specific,1,4,98,35.2510515604108,33.2612205838318,33.2612205838318,1006.68634847569,31.4566218053989,3.79442975501188,0.376922738721682,3.50169162557804
trip-specific,1,4,99,14.9149894623417,13.18541656957,13.18541656957,604.130717022497,208.568219935397,-193.653230473055,-32.0548558476698,2.46883481373888
trip-specific,1,4,100,20.8974966606979,26.4397387450124,26.4397387450124,819.032183502964,35.3429138284344,-14.4454171677364,-1.76371789273945,2.55148663039348
trip-specific,1,6,1,14.1604278672151,14.9351103206131,14.9351103206131,576.827354163434,128.774044545041,-114.613616677826,-19.8696569867164,2.45488147623509
trip-specific,1,6,2,24.6659258142546,19.3622155913889,19.3622155913889,560.983875650136,15.5324859362814,9.13343987797315,1.6281109447911,4.39690459653029
trip-specific,1,6,3,30.1335400743464,24.8536947214234,24.8536947214234,717.924645109529,3.20296083865896,26.9305792356874,3.7511707418233,4.19731238920612
trip-specific,1,6,4,15.7965117808176,17.6705280112613,17.6705280112613,529.289689087147,8.01517798013607,7.78133380068153,1.47014649276501,2.98447374028039
trip-specific,1,6,5,15.9940499394622,15.3439209759759,15.3439209759759,461.73753192066,15.8735731296757,0.120476809786521,0.0260920547838901,3.46388344757958
trip-specific,1,6,6,22.5448769123868,21.0094251629172,21.0094251629172,619.546409495866,9.50869631726929,13.0361805951175,2.10414916385768,3.63893270412654
trip-specific,1,6,7,21.1641655879532,14.7255854165733,14.7255854165733,444.164150743669,10.4187659566116,10.7453996313417,2.41924063735232,4.76494231975225
trip-specific,1,6,8,19.058310169853,20.8073658640672,20.8073658640672,642.883156341895,29.4936718349691,-10.4353616651162,-1.62321279725153,2.96450606643635
trip-specific,1,6,9,17.8531332791001,19.1090182858424,19.1090182858424,597.948950719334,34.1344569412156,-16.2813236621154,-2.72286181663652,2.98572867426605
trip-specific,1,6,10,15.7343722054168,16.6986650683115,16.6986650683115,488.782161228373,11.716005645766,4.01836655965085,0.822118088260867,3.21909706480988
trip-specific,1,6,11,15.8208982857033,11.6148244036869,11.6148244036869,333.227515593984,4.58606815780282,11.2348301279005,3.37151933803371,4.74777668269748
trip-specific,1,6,12,9.76548538308094,7.09782485922097,7.09782485922097,215.623482022718,9.61572067376383,0.149764709317106,0.0694565860416476,4.5289526407203
trip-specific,1,6,13,18.8827490089775,21.1840185183301,21.1840185183301,602.633049742977,1.48414062867086,17.3986083803067,2.88709827443536,3.13337428423997
trip-specific,1,6,14,21.618848974371,23.3431654128324,23.3431654128324,708.0314770775,27.5908943889886,-5.97204541461752,-0.843471739317011,3.05337399173352
trip-specific,1,6,15,19.6303577983813,20.9515290850691,20.9515290850691,642.111705635888,24.6347308469487,-5.00437304856736,-0.779361753514755,3.0571561966685
trip-specific,1,6,16,19.4348222881512,20.3945601496824,20.3945601496824,632.997467149637,23.6696084253396,-4.23478613718844,-0.669005226238506,3.07028436869825
trip-specific,1,6,17,28.933546500012,26.514875070035,26.514875070035,801.601148058501,24.2084797699802,4.72506673003182,0.589453588168637,3.60946919426074
trip-specific,1,6,18,16.8775987717674,13.9742690471874,13.9742690471874,396.213765613175,5.73910564394858,11.1384931278188,2.81123325197473,4.25972044299062
trip-specific,1,6,19,19.3576496192089,17.7054366455292,17.7054366455292,533.178715250157,15.5214026467854,3.83624697242345,0.719504898207265,3.63061185031114
trip-specific,1,6,20,29.284483830038,25.7540456915362,25.7540456915362,787.896599412833,25.481557170686,3.80292665935203,0.482668241262382,3.71679276847518
trip-specific,1,6,21,21.8623187641105,27.1312552194014,27.1312552194014,833.595173678211,28.221449653961,-6.35913088985047,-0.762856011004841,2.62265419167961
trip-specific,1,6,22,11.4008104640667,9.42067566527138,9.42067566527138,274.783286388914,3.55993648045957,7.84087398360709,2.85347558312173,4.14901889190253
trip-specific,1,6,23,21.4827500719306,25.2718510018419,25.2718510018419,816.193521068527,60.8662875598287,-39.3835374878981,-4.82526955572237,2.63206574389445
trip-specific,1,6,24,25.4531968561172,27.0096433014995,27.0096433014995,822.617298865365,23.7340524711831,1.71914438493411,0.208984711032131,3.09417233155985
trip-specific,1,6,25,22.6530894533897,18.1921474002873,18.1921474002873,565.264077746732,23.1628964708679,-0.509807017478146,-0.0901891766252597,4.00752327013065
trip-specific,1,6,26,27.4032935801803,26.9653172090252,26.9653172090252,812.802536417399,20.9710007681863,6.43229281199402,0.791372138225076,3.37145768527817
trip-specific,1,6,27,23.3510325827216,28.1892599998106,28.1892599998106,848.549589387629,17.9832804464484,5.36775213627323,0.632579663393269,2.75187600993046
trip-specific,1,6,28,26.7483647041949,27.0621639552124,27.0621639552124,812.943770798209,20.8875451356387,5.86081956855617,0.720937877757718,3.29030932581368
trip-specific,1,6,29,22.9053676067164,25.2835081850362,25.2835081850362,753.277741357446,15.145926200786,7.75944140593038,1.03009036108613,3.04075991485421
trip-specific,1,6,30,9.01690946085098,6.59337351199634,6.59337351199634,191.693855412312,5.00867203782892,4.00823742302207,2.09095769627085,4.70380724591125
trip-specific,1,6,31,21.7543294164644,23.3339731588979,23.3339731588979,721.995244165521,29.623282563641,-7.86895314717668,-1.08988988650079,3.01308486340626
trip-specific,1,6,32,11.3185276261702,8.95581397287385,8.95581397287385,285.091955627126,18.2984027900729,-6.97987516390267,-2.44828906117285,3.9701322337463
trip-specific,1,6,33,7.65766524187578,7.92144240254143,7.92144240254143,232.441386142557,4.73856255809513,2.91910268378065,1.25584463774896,3.29444999832315
trip-specific,1,6,34,5.71229523169992,5.19979595524091,5.19979595524091,152.53210733025,3.64476156723587,2.06753366446405,1.35547439857209,3.74497889767701
trip-specific,1,6,35,33.2715003130924,38.3505164087812,38.3505164087812,1116.09581600066,9.23139828104131,24.0401020320511,2.15394607590186,2.98106128847567
trip-specific,1,6,36,25.8777464384164,26.8286671751836,26.8286671751836,785.510331871123,9.35101871666068,16.5267277217557,2.10394784781357,3.29438651389529
trip-specific,1,6,37,26.9018816558689,34.010326134033,34.010326134033,1021.35992953065,26.3206793995637,0.581202256305147,0.0569047443022587,2.63392765645615
trip-specific,1,6,38,18.1993454743648,17.375696591157,17.375696591157,509.040739830333,11.9998493697473,6.19949610461753,1.21787818135811,3.57522375918886
trip-specific,1,6,39,10.0533465134864,7.32061475247937,7.32061475247937,213.127137160575,5.52145037575564,4.53189613773074,2.12638155708736,4.71706543212841
trip-specific,1,6,40,24.1508120383188,27.7068573911473,27.7068573911473,833.755811084975,34.9219663166528,-10.771154278334,-1.29188356292442,2.8966289310645
trip-specific,1,6,41,23.212268109218,22.162747547052,22.162747547052,661.136798459772,14.8381676303888,8.37410047882915,1.26662144632367,3.51096296005529
trip-specific,1,6,42,18.8430789720466,20.3508200783813,20.3508200783813,599.320194579663,7.61524411870722,11.2278348533394,1.87342842021436,3.1440754278708
trip-specific,1,6,43,17.0400986993177,15.8074724798296,15.8074724798296,483.070435822401,19.7945827576619,-2.75448405834414,-0.570203401840309,3.52745633673647
trip-specific,1,6,44,28.5852680963993,29.3588271968819,29.3588271968819,890.680042798494,24.6790973429034,3.90617075349589,0.438560489266471,3.20937561445579
trip-specific,1,6,45,36.4106545009613,28.3709780191771,28.3709780191771,806.28613358734,0.0595379760023391,36.351116524959,4.50846356035234,4.51584778457773
trip-specific,1,6,46,26.038146018754,32.0027977455615,32.0027977455615,854.72253023156,0.940954894891348,25.0971911238627,2.93629689591351,3.04638582671967
trip-specific,1,6,47,25.0855900232084,19.8297798091649,19.8297798091649,633.573012593107,40.0369929526572,-14.9514029294488,-2.35985476531825,3.95938424216292
trip-specific,1,6,48,31.23186019135,23.0062849041581,23.0062849041581,691.807809633369,16.7033673850196,14.5284928063304,2.10007643799655,4.51452842197628
trip-specific,1,6,49,24.9831668826354,22.3971893424463,22.3971893424463,666.89830409859,15.1625349854781,9.82063189715734,1.47258312651302,3.74617340141595
trip-specific,1,6,50,24.2919889350039,22.0080180936726,22.0080180936726,669.366071566552,19.548857634002,4.7431313010019,0.708600495675155,3.62910370974616
trip-specific,1,6,51,43.0330813195569,34.7244499652067,34.7244499652067,995.098111241073,13.1539121801336,29.8791691394233,3.00263549914273,4.32450638117347
trip-specific,1,6,52,20.5744966399949,23.2964493177809,23.2964493177809,692.015438419852,11.3820955757938,9.19240106420109,1.32835202133511,2.97312682603942
trip-specific,1,6,53,21.2248113151012,24.8776311821434,24.8776311821434,817.956058802467,78.9336571983621,-57.7088458832608,-7.05525012770854,2.59485959993689
trip-specific,1,6,54,39.3540802148334,33.8557751649173,33.8557751649173,1005.8152541589,27.6350797612485,11.7190004535849,1.16512454997362,3.91265493857941
trip-specific,1,6,55,17.679313356498,17.01828962304,17.01828962304,510.088630933365,14.4503172713825,3.22899608511557,0.633026476047333,3.46592970012844
trip-specific,1,6,56,19.5719909001312,16.1176178446584,16.1176178446584,492.672904583958,19.1081560177926,0.463834882338535,0.0941466189885609,3.97261361808783
trip-specific,1,6,57,16.5831593933168,15.1801322035115,15.1801322035115,461.942734284638,24.1784433768918,-7.59528398357505,-1.6442046643156,3.58987341125677
trip-specific,1,6,58,29.5180606591794,25.0898548983168,25.0898548983168,717.586681075656,4.61646520215484,24.9015954570246,3.47018640587048,4.11351846928543
trip-specific,1,6,59,27.8149069259526,28.739199577514,28.739199577514,843.294238632205,12.6678067689718,15.1471001569808,1.79618209909141,3.29836321081328
trip-specific,1,6,60,20.8823292892151,23.6973771033881,23.6973771033881,691.313112751881,7.25851941051405,13.6238098787011,1.9707148074292,3.02067600107999
trip-specific,1,6,61,29.9654131491891,23.2735967534901,23.2735967534901,698.231524577211,18.1383774062637,11.8270357429253,1.69385588112579,4.29161561665861
trip-specific,1,6,62,26.9229750683731,18.5100139045923,18.5100139045923,526.666215258487,5.78275233580475,21.1402227325684,4.01396978201702,5.11196167294676
trip-specific,1,6,63,24.0442520047916,24.4095045483933,24.4095045483933,721.477276159013,19.3574360530771,4.68681595171451,0.649613800266322,3.33264162286552
trip-specific,1,6,64,31.9132474738056,29.7613353877244,29.7613353877244,822.26468281563,2.18102599955903,29.7322214742466,3.61589426076727,3.88114048198288
trip-specific,1,6,65,22.3312533595207,25.2755247415123,25.2755247415123,778.666807470328,23.6058120934598,-1.27455873393909,-0.163684739314853,2.86788304641734
trip-specific,1,6,66,27.9998539016947,20.8995467962579,20.8995467962579,554.177986120718,0,27.9998539016947,5.05250201252047,5.05250201252047
trip-specific,1,6,67,23.5546805670265,25.12192211076,25.12192211076,753.407508567974,26.7491419615374,-3.19446139451087,-0.424001799581568,3.12641967317231
trip-specific,1,6,68,28.1660392919635,24.9645922154317,24.9645922154317,787.726615747041,41.3708052190646,-13.2047659271011,-1.67631328726634,3.57561097072393
trip-specific,1,6,69,17.1030698722432,17.4644036732665,17.4644036732665,751.526939629835,227.594829431841,-210.491759559598,-28.0085447985771,2.27577601950867
trip-specific,1,6,70,22.2031345613895,20.2398215520961,20.2398215520961,587.330156193118,4.94456224656922,17.2585723148203,2.93847883219291,3.78034983003478
trip-specific,1,6,71,23.1558440812675,24.1246671059748,24.1246671059748,738.245678803289,29.4658210972866,-6.30997701601901,-0.854725899140732,3.13660407993226
trip-specific,1,6,72,47.2824372898642,43.9945928488941,43.9945928488941,1254.25307860122,0.366261632287831,46.9161756575764,3.74056691253242,3.76976848584618
trip-specific,1,6,73,18.7580247211788,20.394534832946,20.394534832946,628.39228911822,21.5261502428377,-2.76812552165886,-0.440509148440249,2.9850819378291
trip-specific,1,6,74,18.4528939520547,22.56873735313,22.56873735313,665.585632112602,6.39125163616451,12.0616423158902,1.812184899125,2.77242973131561
trip-specific,1,6,75,22.386373218758,20.0335803570528,20.0335803570528,615.490722859658,20.8334415688049,1.55293164995312,0.252307889018696,3.63715851227582
trip-specific,1,6,76,24.8225865175003,27.844745955365,27.844745955365,1026.44722440553,191.10484574458,-166.282259227079,-16.1997865329494,2.41830129472817
trip-specific,1,6,77,18.5369110751697,16.0672560040267,16.0672560040267,493.240208353965,15.0924778431507,3.444433232019,0.698327746538287,3.75819139664848
trip-specific,1,6,78,21.9304489950656,20.0266562231196,20.0266562231196,592.585778985099,9.24803430558108,12.6824146894845,2.1401820865842,3.70080581964439
trip-specific,1,6,79,21.5338548127411,22.3663208810632,22.3663208810632,698.828403891914,33.5925177045823,-12.0586628918412,-1.72555420253157,3.08142237676871
trip-specific,1,6,80,29.4383303739106,30.4919423175771,30.4919423175771,1029.96691229301,115.936707697097,-86.4983773231861,-8.39817049371183,2.85818214377123
trip-specific,1,6,81,13.6092783499841,10.4845405828543,10.4845405828543,377.908561643542,63.3723441579126,-49.7630658079285,-13.168017573221,3.60120932185201
trip-specific,1,6,82,23.7398900906001,23.7534912740285,23.7534912740285,729.123784305508,33.1297273399,-9.38983724929989,-1.28782484557732,3.25594783788495
trip-specific,1,6,83,25.793861167805,35.359924320653,35.359924320653,1036.14810500029,14.2841412096192,11.5097199581858,1.11081802906763,2.48939905823577
trip-specific,1,6,84,18.8864375219555,17.7862612101669,17.7862612101669,522.972969175318,8.00471026030585,10.8817272616497,2.08074372922356,3.61136017254157
trip-specific,1,6,85,20.649076770196,19.9006607393564,19.9006607393564,594.456047515907,12.566227946277,8.08284882391897,1.35970503752049,3.47360866400194
trip-specific,1,6,86,24.1265909682768,21.9416432034273,21.9416432034273,660.031091055975,21.3832120450725,2.74337892320431,0.415643893201336,3.6553718900843
trip-specific,1,6,87,23.2134898004038,28.5489483668334,28.5489483668334,859.395957354926,20.6394463274136,2.57404347299025,0.299517754413544,2.70114021386032
trip-specific,1,6,88,17.7759739858315,18.1973946640447,18.1973946640447,561.238722203261,23.0489527381376,-5.27297875230612,-0.939525115374421,3.16727504403976
trip-specific,1,6,89,34.4793022608876,22.1234718065114,22.1234718065114,650.896664372817,15.2869851895847,19.192317071303,2.94859662398118,5.29720063846245
trip-specific,1,6,90,24.7611738800516,28.0416341187279,28.0416341187279,855.797612508427,29.7480636215099,-4.98688974145837,-0.582718351695479,2.89334458499763
trip-specific,1,6,91,16.7221916841749,13.6881694210128,13.6881694210128,407.148272503604,16.9364378436688,-0.214246159493957,-0.0526211638272543,4.10715034632177
trip-specific,1,6,92,22.3840092156018,26.4079408042541,26.4079408042541,785.789959209232,7.74578523079528,14.6382239848065,1.86286727302261,2.84859954664318
trip-specific,1,6,93,11.5586946219011,8.85871020907177,8.85871020907177,289.409695376465,23.9503264801309,-12.3916318582298,-4.28169202904925,3.99388645458663
trip-specific,1,6,94,19.6858181706608,18.012268378555,18.012268378555,684.203123125968,143.835071769319,-124.149253598658,-18.1450872412637,2.87718917164844
trip-specific,1,6,95,22.4011889493821,21.5281364565398,21.5281364565398,690.079336682198,52.574820308984,-30.1736313596019,-4.37248730047075,3.24617587552814
trip-specific,1,6,96,12.5375257237031,8.55455478807525,8.55455478807525,244.585581139945,9.86580793625301,2.67171778745004,1.09234476333311,5.12602814330639
trip-specific,1,6,97,13.5524618316535,12.8038833071645,12.8038833071645,393.193069499204,23.0186545354182,-9.46619270376471,-2.40751768992812,3.4467702721502
trip-specific,1,6,98,13.178580544439,12.7445680259755,12.7445680259755,386.481915648431,13.0297004896947,0.148880054744268,0.0385218683504195,3.40988284596143
trip-specific,1,6,99,15.4951064724174,14.4558378986729,14.4558378986729,435.177154385322,8.38100678100234,7.11409969141504,1.6347594582403,3.56064336472439
trip-specific,1,6,100,30.645292350421,21.0936297391563,21.0936297391563,621.435546795237,14.3541789674686,16.2911133829524,2.62152904946719,4.93137100194216
trip-specific,1,8,1,17.0014074946365,12.5588021439556,12.5588021439556,378.296023189149,8.91011166129463,8.0912958333419,2.1388794323371,4.49420730128473
trip-specific,1,8,2,23.5583609667613,22.0833133690356,22.0833133690356,710.916443982627,55.6647407992904,-32.1063798325291,-4.51619597553067,3.31380166630904
trip-specific,1,8,3,15.6884614097659,13.5414114728387,13.5414114728387,550.494902219591,144.25255803443,-128.564096624664,-23.3542755993369,2.84988314088108
trip-specific,1,8,4,18.6394139756707,18.1926575983028,18.1926575983028,542.339879541782,9.47164959091322,9.16776438475746,1.69040941494165,3.43685107416754
trip-specific,1,8,5,10.2582749269175,8.18451115057868,8.18451115057868,241.226816047201,5.08346769312447,5.174807233793,2.14520396968654,4.25254335111327
trip-specific,1,8,6,33.1408355407226,54.6139344489306,54.6139344489306,1501.05729099508,0,33.1408355407226,2.20783282154094,2.20783282154094
trip-specific,1,8,7,17.1398422031998,16.3987832884059,16.3987832884059,503.875125724654,16.4787293658459,0.661112837353926,0.13120569037877,3.40160514543161
trip-specific,1,8,8,24.6936720136491,22.4277359696494,22.4277359696494,687.693749589609,25.8476070273276,-1.15393501367851,-0.167797804526672,3.59079488920547
trip-specific,1,8,9,19.0961638413752,22.3773603375125,22.3773603375125,665.908354249131,9.40170327527574,9.6944605660995,1.45582504022357,2.86768647960692
trip-specific,1,8,10,24.9252345631422,22.747812537948,22.747812537948,709.301741978135,36.9862598884924,-12.0610253253502,-1.70040824821801,3.51405235430967
trip-specific,1,8,11,14.185955895375,12.5340268422193,12.5340268422193,379.700833695934,12.9826034764827,1.20335241889233,0.316921194820441,3.73608763438618
trip-specific,1,8,12,11.6764411031877,7.90950994672638,7.90950994672638,230.060138690045,6.53200977336292,5.14443132982475,2.23612458860409,5.07538644880985
trip-specific,1,8,13,23.8924808139036,22.5847013936545,22.5847013936545,697.239627341507,26.8493096714983,-2.95682885759471,-0.424076421024541,3.42672445411671
trip-specific,1,8,14,16.2318687773967,14.6084653376524,14.6084653376524,459.216369698342,36.1131945567718,-19.8813257793751,-4.32940267186798,3.53468862359139
trip-specific,1,8,15,25.5704461028348,35.8796495467345,35.8796495467345,1031.89308670464,9.16715802716304,16.4032880756718,1.58963058159987,2.47801312289961
trip-specific,1,8,16,27.8605544795925,23.4857750418153,23.4857750418153,760.431811991875,56.6625101375295,-28.801955657937,-3.7875790049463,3.66378076774755
trip-specific,1,8,17,18.7493059035089,23.0503835735694,23.0503835735694,669.869127566114,11.8474693656963,6.90183653781253,1.03032611204065,2.79895059078661
trip-specific,1,8,18,27.354255487869,22.2105731741739,22.2105731741739,670.575595183962,20.3736083681166,6.98064711975241,1.04099331527825,4.07922025261966
trip-specific,1,8,19,22.2361532002772,26.0640959155239,26.0640959155239,1062.43224753174,280.509370066025,-258.273216865748,-24.309617621808,2.09294787991766
trip-specific,1,8,20,19.8640219235382,12.9226710207738,12.9226710207738,379.541919873365,14.1457713743714,5.71825054916685,1.50661896611441,5.23368325958986
trip-specific,1,8,21,24.1314566382679,22.619578454242,22.619578454242,697.455740500349,29.8679079366852,-5.73645129841729,-0.822482483878046,3.45992659275501
trip-specific,1,8,22,17.0003016600107,14.5456717962865,14.5456717962865,426.566862058347,3.49397312992595,13.5063285300848,3.16628639761458,3.98537794942106
trip-specific,1,8,23,22.5767514889022,19.8080863448176,19.8080863448176,617.625802123675,27.1077456652765,-4.53099417637422,-0.733614781117406,3.65540937753462
trip-specific,1,8,24,26.2064494101638,26.1569771975699,26.1569771975699,814.545290760466,48.7897905030986,-22.5833410929348,-2.77250895058896,3.2173102843302
trip-specific,1,8,25,19.9509814468771,18.7428138994398,18.7428138994398,552.836439630185,9.84769436754269,10.1032870793344,1.82753638419582,3.60883979721437
trip-specific,1,8,26,24.8620980108514,21.4041770428389,21.4041770428389,644.770073943036,15.8048020477341,9.05729596311727,1.40473268365701,3.85596339154039
trip-specific,1,8,27,19.39587016719,18.8635172631859,18.8635172631859,585.264678655379,23.208418876698,-3.81254870950793,-0.651422996902375,3.31403395327926
trip-specific,1,8,28,16.8392260158599,14.3366897802043,14.3366897802043,457.265251040708,29.5264350239686,-12.6872090081088,-2.77458411266403,3.68259472538856
trip-specific,1,8,29,23.727267419875,21.4310772377093,21.4310772377093,646.066081345907,24.2311988403154,-0.50393142044036,-0.0779999809602374,3.6725759337877
trip-specific,1,8,30,23.3113425867972,19.6212200934319,19.6212200934319,613.829315467379,29.2381635316179,-5.92682094482069,-0.965548694967089,3.79769131245347
trip-specific,1,8,31,24.9665261205315,31.9928738434961,31.9928738434961,998.747250621847,46.1098532752797,-21.1433271547483,-2.11698476682502,2.49978421517422
trip-specific,1,8,32,22.685985684283,27.9506848788639,27.9506848788639,857.744618703714,38.1679857712186,-15.4820000869356,-1.80496615768142,2.64484150522189
trip-specific,1,8,33,104.08231946611,55.8135722965454,55.8135722965454,1412.48951242352,0,104.08231946611,7.3687144966852,7.3687144966852
trip-specific,1,8,34,23.7396596320452,28.1826479266681,28.1826479266681,856.796787467703,32.3450690651355,-8.60540943309031,-1.00436994617171,2.77074563995608
trip-specific,1,8,35,31.6824250148116,39.6964029012106,39.6964029012106,1180.94811682703,22.5453349182403,9.13709009657127,0.773708003457493,2.68279567606542
trip-specific,1,8,36,19.2775529040616,15.6084573438955,15.6084573438955,467.25806753246,6.98675093737773,12.2908019666838,2.63040979294167,4.1256757761004
trip-specific,1,8,37,16.8513809238603,11.2641375475719,11.2641375475719,315.726560772104,5.93501465716348,10.9163662666968,3.45753814313278,5.33733395209149
trip-specific,1,8,38,22.8882173656023,17.8662864630061,17.8662864630061,543.405784561496,15.0881027592123,7.80011460639006,1.43541250903032,4.2119936916152
trip-specific,1,8,39,12.1443470250045,9.40405712376766,9.40405712376766,291.772664804082,14.9395692502522,-2.79522222524763,-0.958013742351273,4.16226346397431
trip-specific,1,8,40,24.7743908368002,35.4712002140657,35.4712002140657,1020.40139703613,3.91965409531711,20.8547367414831,2.04377775276062,2.42790640122212
trip-specific,1,8,41,15.1856724638017,10.6696023727887,10.6696023727887,337.516211039877,18.9530879822773,-3.76741551847558,-1.11621764977401,4.49924239698447
trip-specific,1,8,42,23.2034217830313,19.7841840379258,19.7841840379258,606.240492875981,19.2564019296945,3.94701985333677,0.651065031075748,3.82742856270705
trip-specific,1,8,43,26.721150138642,28.3388622300552,28.3388622300552,892.717831279699,44.1343686098058,-17.4132184711638,-1.9505848165038,2.99323584702432
trip-specific,1,8,44,24.5431106343198,22.2966748612183,22.2966748612183,653.293080979745,8.90532490316979,15.63778573115,2.39368610910404,3.75683002757543
trip-specific,1,8,45,16.8206921243401,14.3790429882831,14.3790429882831,448.976203941718,26.0821258887928,-9.26143376445264,-2.06278944922767,3.74645515211396
trip-specific,1,8,46,20.0491627876367,22.1755260889485,22.1755260889485,866.228296375361,200.962513706907,-180.913350919271,-20.8851813865101,2.31453565665429
trip-specific,1,8,47,36.1113659473306,25.2793378614115,25.2793378614115,712.838703055734,0.573722425245556,35.537643522085,4.98536953307184,5.0658537187349
trip-specific,1,8,48,56.7705640542751,46.7542884872948,46.7542884872948,1386.32733843265,11.5859196889369,45.1846443653382,3.25930558481397,4.09503314840914
trip-specific,1,8,49,16.3762699405774,16.5106404681252,16.5106404681252,482.474186493305,9.50302215062517,6.87324778995218,1.42458352848014,3.39422717298153
trip-specific,1,8,50,17.0046986699448,10.923418132401,10.923418132401,361.545811713785,36.7790725262296,-19.7743738562848,-5.46939646805784,4.70333167167385
trip-specific,1,8,51,24.1484890293463,21.4123675638984,21.4123675638984,610.147587076148,11.1694595708263,12.97902945852,2.12719508090101,3.95781111666225
trip-specific,1,8,52,22.6627548068709,20.4273179192518,20.4273179192518,599.134213767035,12.4092270501532,10.2535277567177,1.71139079042891,3.78258398304106
trip-specific,1,8,53,17.3907085909537,16.3381877879481,16.3381877879481,500.614809851716,24.2905489409677,-6.89984035001397,-1.3782733179743,3.47387017897152
trip-specific,1,8,54,22.290843465442,19.7189996021803,19.7189996021803,551.312809483921,12.4229249194903,9.86791854595176,1.78989466165117,4.04322973854141
trip-specific,1,8,55,24.0602215287078,17.548828977622,17.548828977622,522.42304200398,13.8753955981968,10.184825930511,1.94953612525257,4.60550542265792
trip-specific,1,8,56,16.8302389218595,10.9352322185861,10.9352322185861,304.49044846192,1.04199334221597,15.7882455796435,5.18513656483973,5.52734544117047
trip-specific,1,8,57,32.8625050041208,54.36069147081,54.36069147081,1622.93664793365,21.0710140905204,11.7914909136005,0.726552754145615,2.02487910085473
trip-specific,1,8,58,16.1521220712711,10.774610746784,10.774610746784,314.535131759794,9.38847369410749,6.76364837716359,2.15036340752196,5.13523623924027
trip-specific,1,8,59,22.3188603810986,20.0867438149105,20.0867438149105,566.834473546363,10.6706727873746,11.648187593724,2.05495398345268,3.93745642205954
trip-specific,1,8,60,11.7165102404054,7.06548394614284,7.06548394614284,228.186545990464,20.3602532372131,-8.64374299680767,-3.7880160547103,5.13461921672412
trip-specific,1,8,61,21.1558656825208,16.3828563618601,16.3828563618601,490.216137229673,14.5729637845244,6.58290189799642,1.34285703755041,4.31562000428579
trip-specific,1,8,62,21.8017070230526,21.685680054393,21.685680054393,659.434818904788,19.8920205706777,1.90968645237488,0.289594422015287,3.30612008920936
trip-specific,1,8,63,19.516145686218,21.455972546922,21.455972546922,653.323165185325,19.0174849299593,0.498660756258708,0.0763268138697112,2.9872116474979
trip-specific,1,8,64,34.0686397831921,45.9965247575304,45.9965247575304,1336.88931910916,15.5088984541993,18.5597413289928,1.38827807685382,2.54835155732218
trip-specific,1,8,65,19.0468747608638,23.2774648813414,23.2774648813414,686.061262838312,11.0509646507866,7.99591011007718,1.16548048158224,2.77626442310191
trip-specific,1,8,66,22.4999617884123,26.4249762116403,26.4249762116403,745.95894279053,2.04356626472804,20.4563955236842,2.74229509832802,3.01624667226898
trip-specific,1,8,67,24.7659399753938,27.5892468388569,27.5892468388569,800.582906411204,16.9195956471026,7.84634432829116,0.980078923176638,3.09348847908991
trip-specific,1,8,68,19.1190256995373,15.5460847702118,15.5460847702118,475.612668657842,14.6409964803297,4.47802921920758,0.941528582879085,4.01987309410625
trip-specific,1,8,69,17.7750737326575,17.9830733599263,17.9830733599263,536.696279844306,11.7524402910901,6.02263344156744,1.12216791279317,3.31194278779313
trip-specific,1,8,70,22.8117327379762,19.7387069771425,19.7387069771425,619.530065884815,32.902682041091,-10.0909493031148,-1.62880703597538,3.68210261198485
trip-specific,1,8,71,22.4514452991971,19.5617062481836,19.5617062481836,608.010330732285,25.5581372219288,-3.10669192273177,-0.510960384339207,3.69260918184674
trip-specific,1,8,72,33.8409888959033,45.6690645819524,45.6690645819524,1360.99703263525,13.2727099832986,20.5682789126047,1.5112655222164,2.48648513438551
trip-specific,1,8,73,22.8496240241538,21.0845893531903,21.0845893531903,614.937597398746,17.9563767756878,4.893247248466,0.795730700019803,3.71576304991112
trip-specific,1,8,74,29.4602778564877,34.2081463076442,34.2081463076442,1003.4392200558,11.5956038444919,17.8646740119958,1.78034440501563,2.93593047467783
trip-specific,1,8,75,13.1291668211171,12.7913622426429,12.7913622426429,624.994611156499,241.253743877213,-228.124577056096,-36.5002470395658,2.10068480379737
trip-specific,1,8,76,19.2171078013573,18.4557491721787,18.4557491721787,552.739577616118,25.9124046379338,-6.69529683657651,-1.21129318538258,3.4767019731494
trip-specific,1,8,77,20.3701292939367,20.3619930893643,20.3619930893643,634.80680647336,27.9891646047859,-7.61903531084923,-1.20021323545291,3.20887064949761
trip-specific,1,8,78,23.9042454616783,27.9027192756216,27.9027192756216,839.518792120485,20.2374483049723,3.66679715670591,0.436773684058243,2.84737467297189
trip-specific,1,8,79,24.5476503751776,28.0732703163938,28.0732703163938,853.281728322507,24.6122674294379,-0.0646170542602924,-0.00757276900647164,2.87685175486372
trip-specific,1,8,80,21.4704448101524,27.3288037612116,27.3288037612116,332.755448298354,0,21.4704448101524,6.4523195397545,6.4523195397545
trip-specific,1,8,81,28.9780715160854,34.8253510863322,34.8253510863322,967.53070212952,7.3066254748792,21.6714460412062,2.23987166438312,2.99505446724379
trip-specific,1,8,82,103.329760131108,55.3516614696112,55.3516614696112,1520.35894772172,29.0214149985605,74.3083451325471,4.88755272193445,6.79640556501137
trip-specific,1,8,83,20.4624578381336,20.7517024019748,20.7517024019748,615.299664391078,9.3602005542006,11.102257283933,1.80436589298649,3.32560848353199
trip-specific,1,8,84,21.4630488164202,19.6182589206777,19.6182589206777,571.901802184759,13.3233510215462,8.13969779487398,1.42326842891192,3.75292554323624
trip-specific,1,8,85,39.5368730890882,25.5444191930928,25.5444191930928,723.948492732443,3.3752132284753,36.1616598606129,4.99505976234935,5.46128260311196
trip-specific,1,8,86,34.810611443505,12.3499617460039,12.3499617460039,357.893801834654,12.4044592382805,22.4061522052245,6.26055888377082,9.72651978465596
trip-specific,1,8,87,20.4593651194158,16.3382872243334,16.3382872243334,499.828470724362,22.4122779432344,-1.95291282381863,-0.390716603435659,4.09327725764913
trip-specific,1,8,88,23.5846180116514,22.0158087013223,22.0158087013223,691.028576168505,37.1121589779087,-13.5275409662573,-1.95759501600679,3.41297289649283
trip-specific,1,8,89,21.7379254001554,23.5029223625822,23.5029223625822,690.116904997249,16.2183489969091,5.51957640324631,0.799803100500533,3.14989029289785
trip-specific,1,8,90,17.4365901134424,18.020670140063,18.020670140063,542.835070073661,12.2047650286829,5.23182508475953,0.963796440795468,3.21213404857508
trip-specific,1,8,91,20.7717484392922,21.5456575634783,21.5456575634783,664.80679787922,28.4368805877495,-7.66513214845727,-1.1529864274718,3.12447894720023
trip-specific,1,8,92,21.6712972078111,21.5850243122297,21.5850243122297,642.117220240396,15.0259501751607,6.64534703265041,1.03491182344596,3.37497524201232
trip-specific,1,8,93,23.9708013322529,17.4458920463886,17.4458920463886,495.091834227646,3.21789782762378,20.7529035046291,4.19172809363825,4.84168787991583
trip-specific,1,8,94,22.9245886295381,21.7428293768397,21.7428293768397,644.863021216922,13.9686676362547,8.95592099328338,1.38880982450857,3.55495475399986
trip-specific,1,8,95,25.6678819574798,37.9650841250408,37.9650841250408,1124.89134287726,8.94864798103469,16.7192339764451,1.48629768397723,2.28180989390728
trip-specific,1,8,96,55.9809719141638,46.7523638884847,46.7523638884847,1425.80741459576,42.042144568752,13.9388273454118,0.977609402414537,3.92626460916779
trip-specific,1,8,97,20.8681827713278,13.5713918731586,13.5713918731586,394.51608055663,9.44940477563756,11.4187779956903,2.89437580835217,5.2895645576435
trip-specific,1,8,98,23.2456194232435,22.0213842830328,22.0213842830328,633.859739294901,10.3091022111903,12.9365172120533,2.04091164181585,3.66731281104898
trip-specific,1,8,99,16.2181501515691,16.2036931566801,16.2036931566801,507.8059681461,32.6545825415892,-16.4364323900201,-3.23675447337224,3.1937691104298
trip-specific,1,8,100,32.9820438078583,54.3436074855316,54.3436074855316,1612.64876125127,20.7281932886311,12.2538505192273,0.759858613584238,2.04520938473095
trip-specific,0.9,2,1,69.8272327884246,19.7708200768883,21.9675778632092,659.457612486463,66.3330101798158,3.49422260860884,0.529863109083537,10.5885854475382
trip-specific,0.9,2,2,221.326570571369,63.2369650691124,70.263294521236,2035.22109017259,138.112138099223,83.2144324721456,4.08871708700153,10.874817072213
trip-specific,0.9,2,3,62.165252175117,17.4793238565131,19.4214709516813,590.782768252058,66.4030525566634,-4.23780038154639,-0.717319564699681,10.5225229163411
trip-specific,0.9,2,4,78.7519028405106,22.8987914279248,25.4431015865831,849.678205394564,162.714462556819,-83.9625597163088,-9.88168923049159,9.26843860893674
trip-specific,0.9,2,5,25.814663623417,6.90222515452058,7.66913906057842,220.089694972749,15.1369174431716,10.6777461802454,4.85154299548985,11.7291559818888
trip-specific,0.9,2,6,72.8348315574631,21.1375970174079,23.486218908231,674.727330033021,43.9829619326096,28.8518696248535,4.27607840095072,10.7947059968504
trip-specific,0.9,2,7,54.5031722683731,14.8768588232165,16.5298431369072,485.303579755982,41.1457080510288,13.3574642173443,2.75239350677378,11.2307377365274
trip-specific,0.9,2,8,105.096079276512,30.4463549583084,33.8292832870094,987.669689188694,76.1831807465869,28.9128985299248,2.92738542514905,10.640812452475
trip-specific,0.9,2,9,51.1123756068903,14.2330454073775,15.8144948970861,474.196460577112,48.8497697732952,2.26260583359508,0.477145238672051,10.7787341020397
trip-specific,0.9,2,10,54.0162971141911,15.3130872331881,17.014541370209,541.652702235874,82.2600852402309,-28.2437881260399,-5.21437223694317,9.97249656305944
trip-specific,0.9,2,11,97.5447820021787,29.0025300028686,32.2250333365207,972.306001805736,102.230101719678,-4.6853197174994,-0.481877074583307,10.0323130599854
trip-specific,0.9,2,12,49.3146349915485,13.651679524574,15.1685328050822,493.592092977696,84.041707240477,-34.7270722489285,-7.03558114949335,9.99096940432084
trip-specific,0.9,2,13,61.7554672537702,17.7665079082204,19.7405643424671,606.048313770194,73.0530765235825,-11.2976092698123,-1.86414333859466,10.1898587704325
trip-specific,0.9,2,14,85.6409747616653,24.5354003323721,27.2615559248579,826.337444600877,90.2754346297125,-4.63445986804715,-0.56084350265473,10.3639227922232
trip-specific,0.9,2,15,36.8802754453679,9.06210980179296,10.0690108908811,303.066209464454,31.8573225509679,5.0229528944,1.65737807038139,12.169048971358
trip-specific,0.9,2,16,111.360625699239,30.360429431031,33.7338104789234,983.353276729689,74.7077708834541,36.6528548157848,3.72733336870348,11.3245797145852
trip-specific,0.9,2,17,70.385247672213,19.6691996804731,21.8546663116368,718.243377486556,128.301742597091,-57.9164949248779,-8.06363090009306,9.79963754326861
trip-specific,0.9,2,18,51.6424197332035,14.3948322571493,15.9942580634992,481.237943095987,49.3929753815086,2.24944435169493,0.467428718779611,10.7311612631723
trip-specific,0.9,2,19,40.6775753717982,9.46732811873489,10.519253465261,309.288496132862,32.7608722422404,7.91670312955786,2.55965004471329,13.151984597036
trip-specific,0.9,2,20,54.9930419270079,15.699104220971,17.4434491344122,567.768833471208,96.7957068420789,-41.802664915071,-7.36262056856822,9.68581554411734
trip-specific,0.9,2,21,66.6386795159432,19.0047845917105,21.1164273241227,585.493177488831,20.9055629074507,45.7331166084925,7.81104176220139,11.3816321142725
trip-specific,0.9,2,22,71.1544740423557,19.8974000676075,22.1082222973417,655.54373244801,59.9437208084848,11.2107532338708,1.71014574298594,10.854268070971
trip-specific,0.9,2,23,99.6924379941434,29.2581539279103,32.5090599199003,960.8268072974,83.5440548424388,16.1483831517046,1.68067575020378,10.3756928134173
trip-specific,0.9,2,24,60.8400912981088,17.4676898732378,19.4085443035976,586.460593688136,63.2449284853326,-2.40483718722381,-0.410059467440133,10.3741141268329
trip-specific,0.9,2,25,77.0263404557741,22.4636868766959,24.9596520852177,759.395733720482,85.4851274196031,-8.45878696382894,-1.11388391957209,10.1431094534073
trip-specific,0.9,2,26,57.2615158696367,16.4082318162899,18.2313686847666,560.820656326652,68.5737018379543,-11.3121859683176,-2.01707726716272,10.210307916384
trip-specific,0.9,2,27,71.812990998852,19.5933425290558,21.7703805878397,687.401299543805,99.6010236721322,-27.7880326732802,-4.04247601680732,10.4470257834122
trip-specific,0.9,2,28,91.9199247008095,26.4429118527349,29.3810131697054,813.924885882353,26.3811262413661,65.5387984594434,8.05219248068507,11.2934161733072
trip-specific,0.9,2,29,36.2369258205645,9.45051504046401,10.5005722671822,315.695175434064,34.7930360051652,1.44388981539929,0.457368350154232,11.478454103944
trip-specific,0.9,2,30,122.164988254401,35.0610138886377,38.9566820984863,1138.36988693696,90.960326498881,31.2046617555203,2.74117069623858,10.7315723699538
trip-specific,0.9,2,31,83.0829438729369,23.3117201804622,25.9019113116247,806.307274759688,110.82849411751,-27.7455502445729,-3.4410641095657,10.3041292660666
trip-specific,0.9,2,32,57.4535321721767,15.7136773926187,17.4596415473541,555.641873345395,84.2315515668333,-26.7780193946566,-4.81929470747626,10.3400292397443
trip-specific,0.9,2,33,71.7454154562717,20.9995948863102,23.3328832070114,694.487239194546,65.7607754056531,5.98464005061858,0.861735063348243,10.330703201902
trip-specific,0.9,2,34,65.2851211188949,18.9509443693353,21.056604854817,651.308065715851,82.7797346357924,-17.4946135168975,-2.68607352461836,10.0236930195452
trip-specific,0.9,2,35,80.2035815926644,21.9727853291204,24.4142059212449,735.30739548099,77.9721453123522,2.2314362803121,0.303469854108082,10.9074901307365
trip-specific,0.9,2,36,145.915345424129,43.1412706313444,47.9347451459383,1448.03037960001,153.792260659677,-7.87691523554767,-0.543974446014283,10.0768152022083
trip-specific,0.9,2,37,71.424911444132,20.1336806336511,22.3707562596124,701.133393370052,97.5723226930512,-26.1474112489192,-3.72930621992481,10.1870645613986
trip-specific,0.9,2,38,76.7411292374177,20.5721077593129,22.8578975103477,632.411097334958,24.1465536004929,52.5945756369248,8.31651687621603,12.1346904823164
trip-specific,0.9,2,39,52.6698959447741,15.1533276140077,16.8370306822307,493.789243461012,39.8270936382702,12.8428023065039,2.60086716682761,10.6664729218495
trip-specific,0.9,2,40,50.5230277268804,13.582690290132,15.0918781001467,452.154370808312,44.6736621043513,5.84936562252909,1.29366561514649,11.1738448168843
trip-specific,0.9,2,41,76.7218767837222,20.6866818516853,22.9852020574282,667.335355410812,48.6658658895771,28.0560108941451,4.20418469764333,11.4967498966831
trip-specific,0.9,2,42,99.8126166258066,28.543850392085,31.7153893245389,1013.95200037864,157.636488616089,-57.8238719902824,-5.70282143224623,9.84391929682408
trip-specific,0.9,2,43,79.6661703407654,23.6433013970868,26.270334885652,784.514156607704,75.2151146950996,4.4510556456658,0.567364604982081,10.1548416519656
trip-specific,0.9,2,44,96.5399332053126,28.4207417951782,31.5786019946425,910.627258565651,59.5425586892269,36.9973745160857,4.0628450519218,10.6014763227465
trip-specific,0.9,2,45,22.6176101428173,6.04754144226452,6.71949049140503,218.22544422899,37.2944918059635,-14.6768816631462,-6.7255593017583,10.3643322724018
trip-specific,0.9,2,46,198.294682777143,58.4557778094749,64.9508642327499,1847.75967493302,96.8527018428627,101.44198093428,5.48999863512862,10.7316273575637
trip-specific,0.9,2,47,67.827171506257,19.7734601290964,21.9705112545516,718.71200132422,125.508197451327,-57.6810259450699,-8.02561051419666,9.43732279150565
trip-specific,0.9,2,48,47.6013014624257,11.4275252144547,12.697250238283,391.585367769411,54.7278603278245,-7.12655886539885,-1.81992470913658,12.156047028411
trip-specific,0.9,2,49,35.6097437981539,9.41495802764871,10.4610644751652,302.768932162473,22.3119941022199,13.297749695934,4.39204564383709,11.7613599069818
trip-specific,0.9,2,50,40.5596187123694,11.5195305085967,12.7994783428852,405.453487249091,60.5962467765373,-20.0366280641678,-4.94178215116899,10.0035195128194
trip-specific,0.9,2,51,77.7598887273074,22.0744444487536,24.5271604986151,737.112000828445,75.3440813426451,2.4158073846623,0.327739526957526,10.5492636993988
trip-specific,0.9,2,52,60.5170088156746,13.9842564867222,15.5380627630246,449.247988601111,36.5616498817649,23.9553589339097,5.33232413761116,13.4707356184532
trip-specific,0.9,2,53,59.8921000208751,15.9794164723226,17.7549071914696,514.554422742881,36.0356539803413,23.8564460405338,4.63633096638541,11.6396045537058
trip-specific,0.9,2,54,120.679044061414,35.5025754080788,39.4473060089764,1180.17554908259,115.098286840223,5.58075722119081,0.472875177386028,10.2255163780697
trip-specific,0.9,2,55,55.8977342019044,10.8742824816912,12.0825360907681,309.649670094893,7.90651149808758,47.9912227038168,15.4985544435134,18.0519275815067
trip-specific,0.9,2,56,76.0994648369851,21.9413258638032,24.3792509597813,408.666449253121,0,76.0994648369851,18.6214123953812,18.6214123953812
trip-specific,0.9,2,57,75.9661001508229,21.8840583283185,24.3156203647984,761.989352320797,105.467602471242,-29.5015023204187,-3.87164233077086,9.96944378808606
trip-specific,0.9,2,58,58.9382772754319,15.668382964739,17.4093144052656,509.413969244461,39.3624803022894,19.5757969731425,3.84280725598797,11.5698196032681
trip-specific,0.9,2,59,71.8781114984607,20.9844400214348,23.3160444682608,724.177507421803,95.6684996998874,-23.7903882014267,-3.28515977886756,9.92548246276789
trip-specific,0.9,2,60,104.513018606073,31.1193576094818,34.5770640105354,1064.53639694915,130.955668664693,-26.4426500586198,-2.48395922717173,9.81770270190827
trip-specific,0.9,2,61,65.9323675905035,18.7290281950624,20.8100313278471,583.653848148979,31.2294749189708,34.7028926715327,5.94580037150285,11.2964846885879
trip-specific,0.9,2,62,23.8269932616191,6.7758616651854,7.52873518353934,228.02410800553,27.4109007154293,-3.58390745381025,-1.57172304505773,10.4493307615707
trip-specific,0.9,2,63,97.3714749244539,26.7089229700143,29.6765810777936,908.055374187716,106.787685087288,-9.41621016283455,-1.036964311924,10.7230767739859
trip-specific,0.9,2,64,76.8440327182076,22.2194032686867,24.6882258540963,736.98564195566,70.4035438950589,6.44048882314871,0.873896105500546,10.4268018728689
trip-specific,0.9,2,65,56.514115071569,16.1284584822555,17.9205094247283,514.161587399171,33.362350836159,23.15176423541,4.50281872524173,10.9915085950779
trip-specific,0.9,2,66,58.2159644975253,16.7906589915213,18.656287768357,615.197619666469,111.477849920829,-53.2618854233036,-8.65768717573708,9.46296972492958
trip-specific,0.9,2,67,60.2947913047336,16.9002983764436,18.7781093071596,589.530458991288,82.5215076979791,-22.2267163932455,-3.77024054554812,10.2275956034402
trip-specific,0.9,2,68,23.867869004576,6.41835121405359,7.13150134894843,208.81764158118,18.7422006541842,5.12566835039184,2.4546146156905,11.4300060204909
trip-specific,0.9,2,69,102.119706770817,29.596464612366,32.8849606804066,1145.20826762216,257.31432925118,-155.194622480363,-13.5516505484719,8.91712971849672
trip-specific,0.9,2,70,88.09786048468,25.913982452568,28.7933138361866,805.307256316798,35.7029918363071,52.3948686483728,6.50619601864873,10.9396580986504
trip-specific,0.9,2,71,85.2611200972718,23.889272709937,26.5436363443745,787.683014047978,76.0944464705197,9.16667362675206,1.16375159337811,10.8242933485523
trip-specific,0.9,2,72,102.95819676318,30.1748330993961,33.5275923326623,985.562744794509,81.7228565903631,21.2353401728166,2.1546411210221,10.4466404911284
trip-specific,0.9,2,73,102.186094338751,29.8216633199153,33.1351814665725,1028.30939528681,133.65949568935,-31.4734013505991,-3.06069374595384,9.93729074217489
trip-specific,0.9,2,74,79.7215951191841,22.6938102949299,25.2153447721444,714.92548094727,44.2756775247075,35.4459175944766,4.95798772586915,11.1510356315114
trip-specific,0.9,2,75,60.676751315406,17.1016324676129,19.0018138529033,658.416631569366,145.367657540977,-84.6909062255713,-12.8628139334371,9.21555568406288
trip-specific,0.9,2,76,76.3596568464407,21.6953764153514,24.1059737948349,751.76131930049,100.900026839948,-24.5403699935071,-3.26438317102319,10.1574336010654
trip-specific,0.9,2,77,68.4808163309109,19.9176253581548,22.1306948423942,643.167078138021,45.7247855856337,22.7560307452772,3.53812120035066,10.647438069928
trip-specific,0.9,2,78,128.613056560346,36.5339328460346,40.5932587178162,1232.7179218129,136.699936431865,-8.08687987151882,-0.656020305085352,10.4332916950863
trip-specific,0.9,2,79,28.3576034026897,5.8345138298331,6.482793144259,173.52415114315,5.66087163375392,22.6967317689358,13.0798690668782,16.3421651775124
trip-specific,0.9,2,80,55.7430723460422,15.9406749458324,17.7118610509249,589.630970415037,111.410722040064,-55.6676496940219,-9.44110002478972,9.45389152588187
trip-specific,0.9,2,81,69.735907232165,19.5250200079129,21.6944666754587,618.18756109822,34.4193433214326,35.3165639107324,5.71292050069593,11.2807037249792
trip-specific,0.9,2,82,25.1377308444861,6.78222631649452,7.53580701832724,249.139121198501,45.6723317036651,-20.5346008591789,-8.2422225623964,10.0898368443942
trip-specific,0.9,2,83,70.9400257113663,19.7132943310542,21.903660367838,615.535394391592,31.2285861198203,39.7114395915461,6.45152820672444,11.5249303870633
trip-specific,0.9,2,84,146.323150817159,43.3850761911791,48.2056402124212,1335.67027995055,38.1871600601791,108.13599075698,8.09600935052501,10.955035311752
trip-specific,0.9,2,85,30.1931142346254,8.07218992488652,8.96909991654058,267.253754985675,25.3316759076726,4.86143832695279,1.8190346201921,11.2975453745238
trip-specific,0.9,2,86,92.3552901303444,27.0272759503494,30.0303066114994,875.502985299142,69.3098218159879,23.0454683143565,2.63225468117419,10.5488264096311
trip-specific,0.9,2,87,55.9085504540476,14.9959172874727,16.6621303194141,505.058549123835,55.8144330786284,0.0941173754191311,0.0186349435293005,11.0697166795882
trip-specific,0.9,2,88,78.2917627836228,22.151299011343,24.6125544570478,717.554044136389,59.0413585053901,19.2504042782327,2.68278109997993,10.9109221003486
trip-specific,0.9,2,89,60.1032726921179,16.5398169709811,18.3775744122012,661.528903958966,172.877612377984,-112.774339685866,-17.0475302002618,9.08550969314049
trip-specific,0.9,2,90,55.3151381289677,14.7983910340546,16.4426567045051,489.666482333909,46.201647041462,9.11349108750564,1.86116293769338,11.2964926382786
trip-specific,0.9,2,91,61.4593172341938,16.8433996392518,18.7148884880575,560.941724431617,56.5521123695231,4.90720486467068,0.874815448902999,10.9564531496509
trip-specific,0.9,2,92,38.8327892028742,10.5284858399444,11.6983175999383,358.675418731606,42.8208435332727,-3.98805433039851,-1.11188392683881,10.8267216471649
trip-specific,0.9,2,93,76.5454387843418,18.9830617589584,21.0922908432871,646.005845045009,79.9696654952622,-3.42422671092048,-0.530061258297424,11.8490319199834
trip-specific,0.9,2,94,54.992435767293,15.792507460196,17.5472305113288,518.652344769042,44.8771209631631,10.11531480413,1.95030735060773,10.6029474891859
trip-specific,0.9,2,95,55.7441337472248,15.8343185633204,17.5936872925783,484.582136029379,14.9496147177093,40.7945190295155,8.41849420281605,11.5035469949402
trip-specific,0.9,2,96,37.4060810650045,9.83675739611029,10.9297304401225,349.127574525365,54.0248526420563,-16.6187715770518,-4.76008565053758,10.7141583175885
trip-specific,0.9,2,97,89.576279565483,26.2248383671437,29.1387092968263,887.978021966804,101.232870952493,-11.6565913870104,-1.31271169991256,10.0876685401603
trip-specific,0.9,2,98,49.1568693455766,13.9514658778954,15.5016287532171,506.007386593235,87.4634102563734,-38.3065409107968,-7.5703521185137,9.71465449872817
trip-specific,0.9,2,99,67.9185053871875,19.6704646811581,21.8560718679534,660.66495605261,70.551015617867,-2.6325102306795,-0.398463730603848,10.2803251125944
trip-specific,0.9,2,100,33.7007764946481,9.00073211008124,10.0008134556458,285.194310811456,18.262759357713,15.4380171369351,5.41315746902864,11.816777269771
trip-specific,0.9,4,1,105.331613620616,29.4475976510175,32.719552945575,996.98236541054,113.554435880015,-8.22282225939955,-0.824771083690486,10.565042800656
trip-specific,0.9,4,2,58.0521173586429,16.6884335264693,18.5427039182992,560.929469898815,61.642738775726,-3.59062141708305,-0.640119945513071,10.3492721409547
trip-specific,0.9,4,3,21.2120248112913,5.63088473441698,6.25653859379665,189.480216166448,21.880802425521,-0.668777614229693,-0.352953795261776,11.1948493834616
trip-specific,0.9,4,4,91.7545133042551,25.5822222185411,28.4246913539345,822.035145970146,57.6853907648448,34.0691225394103,4.1444849051074,11.1618723060762
trip-specific,0.9,4,5,68.5100493006514,19.9953560519364,22.2170622799294,645.157857007684,45.5588837155662,22.9511655850853,3.55744959714749,10.6191141526833
trip-specific,0.9,4,6,77.6697601159343,22.5300141517402,25.0333490574891,728.38436595798,52.6877958351433,24.981964280791,3.42977766250301,10.6632931383394
trip-specific,0.9,4,7,146.091511452148,41.6675580089424,46.2972866766027,1400.26322169973,150.236481431459,-4.14496997931104,-0.29601362908608,10.4331463676389
trip-specific,0.9,4,8,110.411062496481,30.3178173171771,33.6864636857523,1054.0971436554,144.845651280834,-34.4345887843529,-3.26673769980446,10.4744674777884
trip-specific,0.9,4,9,40.8729374673758,11.5764209143018,12.8626899047798,377.527457222542,31.3513632559837,9.52157421139204,2.52208787181785,10.8264807460832
trip-specific,0.9,4,10,53.1719697909089,14.7913391658329,16.4348212953699,541.625814218917,99.0131175533659,-45.841147762457,-8.46361945073923,9.81710405874739
trip-specific,0.9,4,11,50.2116377585975,13.1351802652615,14.5946447391795,456.061227742615,62.0058197847693,-11.7941820261718,-2.58609618812588,11.0098457628446
trip-specific,0.9,4,12,60.630204691672,17.1425039021789,19.0472265579766,584.709718706956,70.4346016415887,-9.80439694991669,-1.6767973297243,10.3692828683866
trip-specific,0.9,4,13,80.2713559855988,21.7890981044972,24.2101090049969,740.453695829502,86.7807526945857,-6.50939670898681,-0.879109219881006,10.8408339964694
trip-specific,0.9,4,14,112.714090652084,33.3876212111849,37.0973569013165,1081.72960016003,80.9459336583038,31.7681569937799,2.93679279822611,10.4198027525001
trip-specific,0.9,4,15,65.2374168180791,17.2836322615932,19.2040358462147,585.764245441738,67.3374203492024,-2.10000353112329,-0.358506608668071,11.1371455881337
trip-specific,0.9,4,16,86.7231281265054,24.0726702419736,26.7474113799707,800.476749083597,78.2966418243888,8.42648630211662,1.05268345542371,10.833934680275
trip-specific,0.9,4,17,91.8930014930178,26.1949690979888,29.1055212199876,855.821806412075,70.7674034968222,21.1255979961956,2.46845755014843,10.7373989310073
trip-specific,0.9,4,18,58.4950622298623,16.1752011583821,17.9724457315357,546.37413552908,61.3712128302313,-2.87615060036895,-0.526406799542925,10.7060452583867
trip-specific,0.9,4,19,36.0097697446819,10.4328229710929,11.5920255234366,369.493343642715,56.6079715651567,-20.5982018204748,-5.57471526209481,9.745715413889
trip-specific,0.9,4,20,51.3398426362346,14.3802196665884,15.9780218517649,483.645708188099,53.1655580092714,-1.82571537303683,-0.377490245881965,10.6151758957132
trip-specific,0.9,4,21,80.5355507082961,23.3110492638098,25.9011658486776,795.769445766561,96.4379678522655,-15.9024171439694,-1.99836990834081,10.1204627969495
trip-specific,0.9,4,22,118.056465846272,32.8316841118029,36.4796490131143,1065.0651758362,80.4546346286537,37.6018312176182,3.53047231950818,11.0844358190177
trip-specific,0.9,4,23,63.0793777395411,18.1174472045619,20.1304968939577,652.631756036863,109.108339900005,-46.0289621604636,-7.05282293340683,9.66538590193551
trip-specific,0.9,4,24,56.5646149202432,15.7843347487437,17.5381497208263,543.898083316018,70.3680408537073,-13.8034259334641,-2.53786993499,10.3998555345851
trip-specific,0.9,4,25,48.1475711686823,13.0159146838051,14.4621274264501,440.347392977359,49.8699524632051,-1.72238129452278,-0.391141476477717,10.9339970978681
trip-specific,0.9,4,26,69.4368949613539,19.8413038533062,22.0458931703402,701.43292848895,106.193812889763,-36.7569179284095,-5.24026124744279,9.89929216909408
trip-specific,0.9,4,27,47.2389271747026,13.6863600472861,15.2070667192068,464.017736667853,53.4269352492697,-6.18800807456714,-1.33357145332497,10.1804141182035
trip-specific,0.9,4,28,55.22023430939,15.5076511287987,17.230723476443,523.191834568675,58.3225399925485,-3.10230568315851,-0.592957588054883,10.5544908503617
trip-specific,0.9,4,29,33.8603239497822,9.7472753996825,10.8303059996472,325.144845766569,34.1837117802585,-0.323387830476307,-0.0994596207465261,10.4139199469554
trip-specific,0.9,4,30,60.6661161650561,17.3256445472431,19.2507161636035,573.012418656538,54.502128793773,6.16398737128306,1.07571619228339,10.5872253706632
trip-specific,0.9,4,31,119.76071961866,34.5688142456921,38.4097936063245,1100.74509439306,69.7947203375451,49.9659992811151,4.53928884494971,10.8799685075767
trip-specific,0.9,4,32,76.7389339692183,22.0229814083735,24.4699793426372,769.341739192408,108.652296941203,-31.9133629719844,-4.14813877191746,9.97462246748403
trip-specific,0.9,4,33,69.3198822479996,19.9061758782475,22.1179731980528,657.356510916024,60.171234568598,9.14864767940156,1.39173302880243,10.5452492060058
trip-specific,0.9,4,34,108.254003294606,32.1227135870548,35.6919039856164,1046.19182048495,82.5104128733079,25.7435904212978,2.46069505775381,10.3474335370378
trip-specific,0.9,4,35,48.7446600699539,13.8218356437875,15.3575951597638,422.912008468315,16.4503920025195,32.2942680674345,7.63616719808844,11.525957904694
trip-specific,0.9,4,36,62.2256246854285,16.7426916114305,18.6029906793672,595.107945290472,92.8271969475578,-30.6015722621293,-5.14218848938283,10.4561912133531
trip-specific,0.9,4,37,110.644568798047,32.7263837990729,36.3626486656366,1078.33176005344,97.3277578253409,13.3168109727066,1.23494563232067,10.2607168681152
trip-specific,0.9,4,38,51.9842566650909,14.7242358492719,16.3602620547465,510.510338944384,69.7443913442039,-17.760134679113,-3.47889813864237,10.1828019335675
trip-specific,0.9,4,39,49.1039341663791,13.2553989230692,14.7282210256324,467.538819296544,69.8768516044683,-20.7729174380892,-4.44303586798291,10.5026432329749
trip-specific,0.9,4,40,88.2619462503678,25.1599410655613,27.9554900728459,821.163982014474,67.0560196704418,21.205926579926,2.58242288317417,10.7483947400913
trip-specific,0.9,4,41,58.7731682510508,16.400158202617,18.2223980029078,548.397890784181,56.3931447056697,2.38002354538106,0.433995751146627,10.7172491431373
trip-specific,0.9,4,42,72.7015018658535,20.774044144776,23.0822712719734,559.299846188829,1.85580357351236,70.8456982923411,12.666854599567,12.9986629464061
trip-specific,0.9,4,43,235.166970556087,50.1955889027842,55.7728765586491,1447.01619849644,15.7830992898349,219.383871266252,15.1611206214698,16.2518547339306
trip-specific,0.9,4,44,85.7125706740613,24.83277038437,27.5919670937445,779.148710991684,43.304045397024,42.4085252770374,5.44293081394702,11.0007973400826
trip-specific,0.9,4,45,62.6324544427861,17.7976649367639,19.775183263071,608.987765976588,75.1747625764408,-12.5423081336547,-2.05953367774828,10.2846818839369
trip-specific,0.9,4,46,67.6404829910428,18.9404705303407,21.0449672559341,612.830957210046,45.9224415547559,21.7180414362869,3.54388778516668,11.0373802425029
trip-specific,0.9,4,47,79.2254506455194,22.5346924672799,25.0385471858665,812.911709968116,136.936052725482,-57.7106020799628,-7.09924600326231,9.74588625973008
trip-specific,0.9,4,48,59.9566924029417,16.374803219785,18.1942257997611,559.617544036116,70.6800372810797,-10.723344878138,-1.91619169063183,10.713869327705
trip-specific,0.9,4,49,16.9201651122469,4.30063371216706,4.77848190240785,135.173870939884,11.9966799756855,4.92348513656143,3.64233494411879,12.5173341523761
trip-specific,0.9,4,50,95.7505909224678,25.5006890541076,28.3340989490084,826.675592470218,62.2257877748565,33.5248031476113,4.05537594831301,11.5826077114908
trip-specific,0.9,4,51,82.5819288579577,24.0635228838753,26.7372476487503,796.910600480545,75.004913964286,7.57701489367163,0.950798607660962,10.3627594874707
trip-specific,0.9,4,52,86.1076865073052,25.2188364192312,28.0209293547013,835.29526218605,79.3539526427313,6.75373386457392,0.808544495619278,10.3086525693864
trip-specific,0.9,4,53,35.7205017846177,9.08395610138176,10.0932845570908,311.735263894374,40.43383876345,-4.71333697883225,-1.51196785373287,11.4586015513218
trip-specific,0.9,4,54,79.4727673270911,22.8260326180388,25.3622584644876,773.652085111942,89.7312119309759,-10.2584446038848,-1.32597646943593,10.2724168727073
trip-specific,0.9,4,55,63.1674580116417,14.0811148333644,15.6456831481827,452.956373519096,38.4712765372367,24.6961814744051,5.45222076963752,13.945594256878
trip-specific,0.9,4,56,66.3833829044608,18.6204448484975,20.6893831649973,604.463704980804,46.3292441300027,20.0541387744582,3.31767459472112,10.9821950197273
trip-specific,0.9,4,57,53.8764844120308,15.0906504750014,16.7673894166683,526.258115764615,73.5386015145718,-19.6621171025411,-3.73621166373338,10.2376538808816
trip-specific,0.9,4,58,46.5217236239995,13.2982023007336,14.7757803341484,437.651779630246,38.7628228255758,7.75890079842372,1.77284799458119,10.6298490693455
trip-specific,0.9,4,59,70.5044262147005,19.984918232644,22.2054647029377,688.210932876353,90.28967838849,-19.7852521737895,-2.87488199164429,10.2445954934238
trip-specific,0.9,4,60,59.1653592727193,16.8560644857656,18.7289605397396,605.646882225921,103.389955821619,-44.2245965488994,-7.30204312888753,9.76895300034735
trip-specific,0.9,4,61,86.8844659687096,24.9155043370502,27.6838937078336,819.387948506627,71.92281839512,14.9616475735895,1.82595406740578,10.6035811396861
trip-specific,0.9,4,62,51.3319440816361,10.2646071271885,11.4051190302095,320.618861093565,16.3082606899678,35.0236833916683,10.9237751242112,16.010269610014
trip-specific,0.9,4,63,77.1596624411178,22.6270869500683,25.1412077222981,755.136286924144,76.6783679228793,0.481294518238556,0.0637361131457459,10.2179783672439
trip-specific,0.9,4,64,96.917013888892,23.2904058145545,25.8782286828383,761.381093879733,73.1516245855362,23.7653893033558,3.12135269635547,12.7291069699455
trip-specific,0.9,4,65,33.2732245064035,8.56810168182661,9.52011297980734,306.632729537092,49.5896790822935,-16.31645457589,-5.3211718789844,10.8511653523205
trip-specific,0.9,4,66,92.4915283950334,26.5876044339442,29.5417827043825,879.523201009591,82.374279095606,10.1172492994274,1.15031067831002,10.5160987554238
trip-specific,0.9,4,67,86.73253019533,25.4203392736686,28.2448214151873,952.259318337563,189.649140127506,-102.916609932176,-10.8076243466796,9.10807891559897
trip-specific,0.9,4,68,25.0644996320949,6.0223629371214,6.69151437457933,274.36722923431,93.6963411206685,-68.6318414885735,-25.0145914583559,9.13538388022636
trip-specific,0.9,4,69,78.5143324978937,22.1140311206554,24.5711456896171,713.534447525508,52.8242469608487,25.690085537045,3.60039877908299,11.0035798229751
trip-specific,0.9,4,70,56.2856264781142,16.1640131185765,17.9600145761961,539.21011162513,54.2897180678335,1.99590841028061,0.37015411381384,10.4385331922791
trip-specific,0.9,4,71,68.4029869848743,19.078809065542,21.1986767394911,611.015851170146,43.2620547036481,25.1409322812262,4.11461212226807,11.1949611215285
trip-specific,0.9,4,72,87.7223827176356,25.4726646888406,28.3029607653785,821.627971743559,61.2582398945277,26.4641428231079,3.22093985760355,10.6766548528626
trip-specific,0.9,4,73,37.4892373849299,10.3041298332801,11.449033148089,390.906462527744,82.2613040712725,-44.7720666863426,-11.4533963948383,9.59033451187037
trip-specific,0.9,4,74,111.86428994752,32.3561954069775,35.951328229975,1086.73141869572,116.045556486391,-4.18126653887111,-0.384756202584943,10.2936464358211
trip-specific,0.9,4,75,76.0786282412803,21.9827847096111,24.4253163440124,718.709119330984,64.70245497064,11.3761732706403,1.58286196246263,10.5854546985711
trip-specific,0.9,4,76,72.8882950087498,20.6960846806972,22.9956496452191,690.148149588383,72.4043194668201,0.483975541929681,0.0701263260965537,10.56125341381
trip-specific,0.9,4,77,43.8568215449318,11.9222069898297,13.2468966553664,448.498438533295,90.8322288384033,-46.9754072934715,-10.4739288384355,9.77858957287676
trip-specific,0.9,4,78,50.0331550209355,14.1581491467191,15.7312768296879,493.419662391589,68.6751879900158,-18.6420329690803,-3.7781293268134,10.1400813211266
trip-specific,0.9,4,79,68.1494809606286,18.2215060463959,20.2461178293287,553.341423576547,18.2597811771811,49.8896997834476,9.01607898085476,12.315991186805
trip-specific,0.9,4,80,81.8218834488392,23.3812572877238,25.9791747641376,771.190173334728,70.386474541694,11.4354089071452,1.48282606580644,10.6098192479594
trip-specific,0.9,4,81,37.6665555857466,9.65800890230544,10.7311210025616,328.183564872525,39.4838159650072,-1.81726037926065,-0.553732902489046,11.4772827214481
trip-specific,0.9,4,82,58.8325625666353,17.2333180855273,19.1481312061414,607.630310914533,91.2703278022099,-32.4377652355747,-5.33840472618181,9.68229555205821
trip-specific,0.9,4,83,90.1018366918546,26.2883549921544,29.209283324616,731.643702665795,4.23866013497792,85.8631765568767,11.7356544235983,12.31498834249
trip-specific,0.9,4,84,78.5432820878097,23.0721380428123,25.6357089364581,743.795249200341,52.7437529464879,25.7995291413217,3.46863322521339,10.55979883876
trip-specific,0.9,4,85,98.8310300736225,28.6633291159032,31.8481434621147,943.238216590585,85.0738086470614,13.7572214265611,1.45850975761858,10.4778441262543
trip-specific,0.9,4,86,123.380558279831,32.56961487431,36.1884609714555,1020.55474107819,53.9107431726882,69.4698151071431,6.80706407122759,12.0895580916594
trip-specific,0.9,4,87,69.4898632091196,18.2514259198467,20.279362133163,540.559765957983,15.9127554702917,53.5771077388279,9.91141241225717,12.8551674736593
trip-specific,0.9,4,88,57.6442054422798,16.259280823945,18.0658675821611,541.302662627644,53.5242379092952,4.11996753298453,0.761120869604629,10.6491634758377
trip-specific,0.9,4,89,66.0085123082982,19.0554934323627,21.172770480403,660.65861351054,88.9938105396605,-22.9852982313624,-3.47914910383525,9.99131941344848
trip-specific,0.9,4,90,46.9508086889722,13.1002402822465,14.5558225358295,439.336538631883,47.8777929183637,-0.926984229391557,-0.210996388390147,10.6867525371733
trip-specific,0.9,4,91,142.590125866531,41.0490807975359,45.6100897750399,1340.47738597463,112.749247686432,29.8408781800995,2.22613812753007,10.6372645565265
trip-specific,0.9,4,92,52.0586139964969,14.2738671651705,15.859852405745,486.066065965116,58.1475087272877,-6.08889473079081,-1.25268870985694,10.7101930461101
trip-specific,0.9,4,93,83.0620802091914,22.1700134344639,24.6333482605155,721.951836427019,60.8575191744912,22.2045610347002,3.07562913678451,11.5052107381942
trip-specific,0.9,4,94,81.7155275969267,20.8863459983677,23.2070511092975,697.5003099201,71.7179173632957,9.99761023363101,1.43334850055855,11.7154826219772
trip-specific,0.9,4,95,81.369352988558,23.9110639244138,26.5678488049042,821.02885867041,103.696940937997,-22.3275879494394,-2.71946445166338,9.91065687025047
trip-specific,0.9,4,96,79.1593358602569,22.1519234189561,24.6132482432845,708.542408720465,49.3500432824134,29.8092925778434,4.20712891860279,11.1721380239199
trip-specific,0.9,4,97,74.3716353223296,19.4287645766103,21.5875161962337,629.354906953131,51.2170116022617,23.1546237200679,3.67910434386941,11.8171217067937
trip-specific,0.9,4,98,105.845423509401,29.9350985254486,33.2612205838318,1006.68634847569,108.633392712236,-2.7879692028344,-0.276945168378999,10.5142404751659
trip-specific,0.9,4,99,42.7482360922673,11.866874912613,13.18541656957,604.130717022497,248.124469644107,-205.37623355184,-33.9953304417381,7.07599115352968
trip-specific,0.9,4,100,81.4212324605725,23.7957648705112,26.4397387450124,819.032183502964,105.950691087472,-24.5294586268991,-2.99493220424962,9.94115177651963
trip-specific,0.9,6,1,46.6294107099724,13.4415992885518,14.9351103206131,576.827354163434,173.57937550688,-126.949964796908,-22.0083121718494,8.08377244480691
trip-specific,0.9,6,2,64.0190692447914,17.42599403225,19.3622155913889,560.983875650136,48.5430937048473,15.4759755399441,2.75872020777935,11.4119267992504
trip-specific,0.9,6,3,81.7874838041677,22.368325249281,24.8536947214234,717.924645109529,48.3770367257853,33.4104470783824,4.65375402641111,11.3922100823952
trip-specific,0.9,6,4,54.8434949835323,15.9034752101352,17.6705280112613,529.289689087147,52.1854327830905,2.65806220044185,0.502194215237056,10.361716110155
trip-specific,0.9,6,5,48.7192882538401,13.8095288783783,15.3439209759759,461.73753192066,47.9081104031208,0.811177850719268,0.175679427086004,10.5512948127014
trip-specific,0.9,6,6,67.2415161357955,18.9084826466255,21.0094251629172,619.546409495866,54.0920704615227,13.1494456742728,2.12243110003216,10.8533461101826
trip-specific,0.9,6,7,50.3545707874788,13.253026874916,14.7255854165733,444.164150743669,46.5733444961894,3.78122629128936,0.851312805177639,11.3369281836838
trip-specific,0.9,6,8,64.7894689880725,18.7266292776605,20.8073658640672,642.883156341895,81.526557125392,-16.7370881373195,-2.60344169421954,10.077954033939
trip-specific,0.9,6,9,59.640927706385,17.1981164572581,19.1090182858424,597.948950719334,82.0054570015909,-22.364529295206,-3.74020713111067,9.97425075077676
trip-specific,0.9,6,10,52.1624095366023,15.0287985614804,16.6986650683115,488.782161228373,40.9494681106285,11.2129414259737,2.29405700850337,10.6719135177747
trip-specific,0.9,6,11,39.312234348916,10.4533419633182,11.6148244036869,333.227515593984,22.2617347380192,17.0504996108968,5.11677421971109,11.7974154321684
trip-specific,0.9,6,12,24.259083184106,6.38804237329887,7.09782485922097,215.623482022718,24.9935824295696,-0.734499245463635,-0.340639729297317,11.2506685062947
trip-specific,0.9,6,13,65.6194899989489,19.0656166664971,21.1840185183301,602.633049742977,33.2333960703984,32.3860939285505,5.3740985401254,10.8887970925152
trip-specific,0.9,6,14,72.9326288292689,21.0088488715492,23.3431654128324,708.0314770775,78.2408307721487,-5.30820194287975,-0.749712705541016,10.3007607981369
trip-specific,0.9,6,15,65.4597938918746,18.8563761765622,20.9515290850691,642.111705635888,77.1389173705525,-11.679123478678,-1.81886163671663,10.1944557804081
trip-specific,0.9,6,16,63.6992324384057,18.3551041347141,20.3945601496824,632.997467149637,82.3443431082127,-18.645110669807,-2.94552689977817,10.063110161442
trip-specific,0.9,6,17,85.2453844545109,23.8633875630315,26.514875070035,801.601148058501,86.3478202501731,-1.1024357956622,-0.137529218655978,10.6343890176527
trip-specific,0.9,6,18,45.7712360439005,12.5768421424687,13.9742690471874,396.213765613175,27.2418258778082,18.5294101660924,4.67661948529641,11.5521569456492
trip-specific,0.9,6,19,56.6297615362922,15.9348929809763,17.7054366455292,533.178715250157,55.1319258208671,1.49783571542512,0.280925639487008,10.6211594567729
trip-specific,0.9,6,20,83.4761070219284,23.1786411223826,25.7540456915362,787.896599412833,92.5373657413543,-9.06125871942589,-1.15005683819154,10.5948048365912
trip-specific,0.9,6,21,83.1439534472346,24.4181296974612,27.1312552194014,833.595173678211,101.051282754374,-17.9073293071391,-2.14820453291778,9.9741404548163
trip-specific,0.9,6,22,30.7716090106296,8.47860809874424,9.42067566527138,274.783286388914,20.6376860110926,10.133922999537,3.68796921119648,11.1985009769033
trip-specific,0.9,6,23,77.9406928168266,22.7446659016577,25.2718510018419,816.193521068527,133.853544018795,-55.9128512019682,-6.85044046034198,9.54929079990612
trip-specific,0.9,6,24,84.3091768534874,24.3086789713496,27.0096433014995,822.617298865365,93.3871253412302,-9.07794848774277,-1.10354456443646,10.2488942269722
trip-specific,0.9,6,25,59.8893137222807,16.3729326602586,18.1921474002873,565.264077746732,74.0760979389753,-14.1867842166947,-2.50976221118567,10.5949265272636
trip-specific,0.9,6,26,85.3282258949541,24.2687854881227,26.9653172090252,812.802536417399,85.4634117159596,-0.13518582100545,-0.0166320619029206,10.4980265281967
trip-specific,0.9,6,27,86.6519766035453,25.3703339998295,28.1892599998106,848.549589387629,87.4395693927432,-0.787592789197888,-0.0928163538169016,10.21177520881
trip-specific,0.9,6,28,85.2775691611436,24.3559475596912,27.0621639552124,812.943770798209,83.0209439164645,2.25662524467913,0.277586879405374,10.4899714130796
trip-specific,0.9,6,29,78.807672780496,22.7551573665326,25.2835081850362,753.277741357446,70.6230203614673,8.18465241902868,1.08653846644659,10.461967539155
trip-specific,0.9,6,30,22.3226367980628,5.93403616079671,6.59337351199634,191.693855412312,16.0250502412015,6.2975865568613,3.28523130974432,11.6449412267541
trip-specific,0.9,6,31,72.8634421193754,21.0005758430081,23.3339731588979,721.995244165521,91.9779688752771,-19.1145267559017,-2.64745881782007,10.0919559662184
trip-specific,0.9,6,32,29.5241698509951,8.06023257558646,8.95581397287385,285.091955627126,43.2849783595319,-13.7608085085368,-4.82679649036982,10.35601646004
trip-specific,0.9,6,33,25.1327427386356,7.12929816228729,7.92144240254143,232.441386142557,18.8703293832041,6.26241335543146,2.69419033303764,10.8125076845057
trip-specific,0.9,6,34,16.7835355652071,4.67981635971681,5.19979595524091,152.53210733025,13.5953864258818,3.18814913932538,2.09014953974421,11.0032804626955
trip-specific,0.9,6,35,118.610397722773,34.5154647679031,38.3505164087812,1116.09581600066,82.4402714489625,36.1701262738107,3.24077249957088,10.6272594182633
trip-specific,0.9,6,36,84.16370992281,24.1458004576652,26.8286671751836,785.510331871123,61.8340616277246,22.3296482950854,2.84269313707117,10.714526150449
trip-specific,0.9,6,37,104.123279871496,30.6092935206297,34.010326134033,1021.35992953065,103.08112391176,1.04215595973596,0.102036111815633,10.1945726340903
trip-specific,0.9,6,38,55.1355033497044,15.6381269320413,17.375696591157,509.040739830333,42.2308790151237,12.9046243345807,2.53508674745402,10.8312555431382
trip-specific,0.9,6,39,24.9601329121376,6.58855327723144,7.32061475247937,213.127137160575,17.5297428012295,7.4303901109081,3.48636509170106,11.7113818750036
trip-specific,0.9,6,40,85.7012803521262,24.9361716520326,27.7068573911473,833.755811084975,88.9932487507672,-3.29196839864102,-0.394836036507757,10.2789424928388
trip-specific,0.9,6,41,70.7217170361597,19.9464727923468,22.162747547052,661.136798459772,63.0732114407888,7.64850559537085,1.15687186270516,10.6969869474695
trip-specific,0.9,6,42,63.5585743084844,18.3157380705432,20.3508200783813,599.320194579663,50.9895563242167,12.5690179842677,2.09721249141005,10.6051114051082
trip-specific,0.9,6,43,50.4598920622733,14.2267252318467,15.8074724798296,483.070435822401,57.0822172152967,-6.62232515302343,-1.37088189670504,10.4456593325501
trip-specific,0.9,6,44,92.4863205249193,26.4229444771937,29.3588271968819,890.680042798494,98.1817680047197,-5.69544747980034,-0.639449320308714,10.3837872278276
trip-specific,0.9,6,45,94.0515913686241,25.5338802172594,28.3709780191771,806.28613358734,43.0699425872718,50.9816487813523,6.32302189726667,11.6647908789115
trip-specific,0.9,6,46,98.3130565245502,28.8025179710054,32.0027977455615,854.72253023156,14.6087344915959,83.7043220329544,9.7931573197535,11.5023359098672
trip-specific,0.9,6,47,65.508131663169,17.8468018282484,19.8297798091649,633.573012593107,98.1689577456552,-32.6608260824862,-5.15502166811225,10.3394763288694
trip-specific,0.9,6,48,78.0717668952041,20.7056564137423,23.0062849041581,691.807809633369,70.7000935450805,7.37167335012364,1.06556665702146,11.285181492325
trip-specific,0.9,6,49,72.3749909543515,20.1574704082016,22.3971893424463,666.89830409859,62.2150513684296,10.1599395859218,1.52346160178867,10.8524778829925
trip-specific,0.9,6,50,70.6305960000116,19.8072162843053,22.0080180936726,669.366071566552,75.149583037393,-4.51898703738135,-0.675114444747002,10.5518637708528
trip-specific,0.9,6,51,114.558016088375,31.252004968686,34.7244499652067,995.098111241073,63.4838393937712,51.0741766946038,5.13257699091648,11.5122332958204
trip-specific,0.9,6,52,72.1288967759016,20.9668043860028,23.2964493177809,692.015438419852,64.5703312658692,7.55856551003238,1.09225388486876,10.4230184431435
trip-specific,0.9,6,53,76.7011520699749,22.3898680639291,24.8776311821434,817.956058802467,146.260016884595,-69.5588648146196,-8.50398552172321,9.37717267872184
trip-specific,0.9,6,54,109.997038544222,30.4701976484256,33.8557751649173,1005.8152541589,97.2647012493291,12.7323372948925,1.26587235998322,10.9361076091657
trip-specific,0.9,6,55,53.8872929689129,15.316460660736,17.01828962304,510.088630933365,51.9299096164402,1.95738335247274,0.383733969700737,10.5642999473071
trip-specific,0.9,6,56,52.8269833298212,14.5058560601926,16.1176178446584,492.672904583958,57.7893782491643,-4.96239491934311,-1.00723926020118,10.722526617215
trip-specific,0.9,6,57,48.6871117982115,13.6621189831604,15.1801322035115,461.942734284638,55.4780482416486,-6.79093644343711,-1.47008188232542,10.5396422943221
trip-specific,0.9,6,58,82.0553450839852,22.5808694084851,25.0898548983168,717.586681075656,40.9708420457987,41.0845030381865,5.72537145987732,11.4349035800086
trip-specific,0.9,6,59,90.1681324416174,25.8652796197626,28.739199577514,843.294238632205,67.3358500393279,22.8322824022895,2.70751077812682,10.6923690819787
trip-specific,0.9,6,60,73.335038747008,21.3276393930493,23.6973771033881,691.313112751881,52.3228395721953,21.0121991748127,3.03946197276228,10.6080786541263
trip-specific,0.9,6,61,77.512293094651,20.9462370781411,23.2735967534901,698.231524577211,70.1644368650626,7.34785622958835,1.05235240331458,11.1012308047228
trip-specific,0.9,6,62,64.2740443092315,16.6590125141331,18.5100139045923,526.666215258487,32.2977070493848,31.9763372598467,6.07146164561796,12.2039429238281
trip-specific,0.9,6,63,76.650089014705,21.9685540935539,24.4095045483933,721.477276159013,64.6772028387772,11.9728861759278,1.65949594970874,10.624047568452
trip-specific,0.9,6,64,95.1728508556402,26.785201848952,29.7613353877244,822.26468281563,28.940628861182,66.2322219944582,8.05485427972698,11.5744787347239
trip-specific,0.9,6,65,78.4134083056864,22.7479722673611,25.2755247415123,778.666807470328,96.2276394494967,-17.8142311438103,-2.28778612018711,10.0702132867882
trip-specific,0.9,6,66,70.2406272179198,18.8095921166322,20.8995467962579,554.177986120718,10.2703808039827,59.970246413937,10.8214775606178,12.6747415049105
trip-specific,0.9,6,67,78.3834051555232,22.609729899684,25.12192211076,753.407508567974,77.3292988232863,1.05410633223697,0.139911843225527,10.4038523991497
trip-specific,0.9,6,68,80.4258510785382,22.4681329938886,24.9645922154317,787.726615747041,113.682625930384,-33.2567748518462,-4.22186761079631,10.2098684328784
trip-specific,0.9,6,69,54.8588041692276,15.7179633059398,17.4644036732665,751.526939629835,279.988040451641,-225.129236282413,-29.9562430048483,7.29964573142891
trip-specific,0.9,6,70,64.9705027113416,18.2158393968865,20.2398215520961,587.330156193118,43.5576510701325,21.4128516412091,3.64579468897021,11.0620069523518
trip-specific,0.9,6,71,75.4564066535967,21.7122003953773,24.1246671059748,738.245678803289,87.1997938235095,-11.7433871699128,-1.59071532784981,10.2210427802182
trip-specific,0.9,6,72,140.765081503348,39.5951335640047,43.9945928488941,1254.25307860122,67.3173144604883,73.4477670428595,5.85589689162023,11.2230206092325
trip-specific,0.9,6,73,63.4332123730016,18.3550813496514,20.394534832946,628.39228911822,77.7398486286791,-14.3066362556775,-2.27670461643522,10.0945243077399
trip-specific,0.9,6,74,69.3474368737058,20.311863617817,22.56873735313,665.585632112602,56.2297235780932,13.1177132956126,1.97085283436428,10.4190104966049
trip-specific,0.9,6,75,64.2742562858104,18.0302223213475,20.0335803570528,615.490722859658,74.5840532192314,-10.309796933421,-1.67505318122752,10.4427660561938
trip-specific,0.9,6,76,86.3684396391278,25.0602713598285,27.844745955365,1026.44722440553,274.639083610674,-188.270643971547,-18.3419701953585,8.41430884955127
trip-specific,0.9,6,77,51.8832860747184,14.4605304036241,16.0672560040267,493.240208353965,59.4242962452435,-7.54101017052509,-1.52887174297709,10.5188679260076
trip-specific,0.9,6,78,64.3302997418364,18.0239906008076,20.0266562231196,592.585778985099,52.3104801334498,12.0198196083866,2.02836788101337,10.855862901741
trip-specific,0.9,6,79,70.537625538959,20.1296887929569,22.3663208810632,698.828403891914,94.9377401032076,-24.4001145642486,-3.49157453079462,10.0936975581017
trip-specific,0.9,6,80,95.6285127824428,27.4427480858194,30.4919423175771,1029.96691229301,206.684469718423,-111.055956935981,-10.7824781175482,9.28461988837544
trip-specific,0.9,6,81,34.9554781261093,9.43608652456889,10.4845405828543,377.908561643542,94.8259659064756,-59.8704877803663,-15.8425857090897,9.24971849647603
trip-specific,0.9,6,82,74.7344936963853,21.3781421466256,23.7534912740285,729.123784305508,89.3297357547269,-14.5952420583416,-2.00175091973492,10.2499047905247
trip-specific,0.9,6,83,107.714078804819,31.8239318885877,35.359924320653,1036.14810500029,81.8888665334198,25.8252122713993,2.49242479398175,10.3956257107462
trip-specific,0.9,6,84,56.6786398661478,16.0076350891502,17.7862612101669,522.972969175318,43.4321097697932,13.2465300963546,2.53292825387194,10.8377761771368
trip-specific,0.9,6,85,63.142598027796,17.9105946654208,19.9006607393564,594.456047515907,58.4490242539848,4.69357377381119,0.789557746686999,10.6219119633241
trip-specific,0.9,6,86,70.3641392165779,19.7474788830846,21.9416432034273,660.031091055975,68.7021056448111,1.66203357176686,0.251811406203273,10.6607310125351
trip-specific,0.9,6,87,87.5542079366272,25.69405353015,28.5489483668334,859.395957354926,89.1605500740587,-1.60634213743147,-0.186915254101906,10.1878775653197
trip-specific,0.9,6,88,57.2247791023088,16.3776551976402,18.1973946640447,561.238722203261,69.909066274054,-12.6842871717452,-2.26005203667173,10.1961566154347
trip-specific,0.9,6,89,78.8348627274217,19.9111246258603,22.1234718065114,650.896664372817,58.0999910994314,20.7348716279903,3.18558578694972,12.1117324826644
trip-specific,0.9,6,90,86.8583791158596,25.2374707068551,28.0416341187279,855.797612508427,99.0267355314284,-12.1683564155688,-1.42187314356979,10.1494065707042
trip-specific,0.9,6,91,44.9296041893819,12.3193524789116,13.6881694210128,407.148272503604,42.9558307095073,1.97377347987455,0.484780020737306,11.0351946019823
trip-specific,0.9,6,92,81.9621716625487,23.7671467238287,26.4079408042541,785.789959209232,72.7755574943714,9.18661416817729,1.16909284224274,10.4305445369943
trip-specific,0.9,6,93,29.4362226698787,7.9728391881646,8.85871020907177,289.409695376465,50.2245197315271,-20.7882970616484,-7.18299953103056,10.1711252733216
trip-specific,0.9,6,94,57.6325229370015,16.2110415406995,18.012268378555,684.203123125968,197.871876904984,-140.239353967982,-20.4967427402641,8.42330603135684
trip-specific,0.9,6,95,68.6564921628554,19.3753228108858,21.5281364565398,690.079336682198,110.009336024293,-41.3528438614377,-5.99247675785458,9.94907230419998
trip-specific,0.9,6,96,29.4836727618152,7.69909930926773,8.55455478807525,244.585581139945,20.6254640290781,8.85820873273703,3.62172156324646,12.0545424731908
trip-specific,0.9,6,97,40.8056859234964,11.5234949764481,12.8038833071645,393.193069499204,50.1031377000884,-9.29745177659192,-2.36460215039745,10.3780277652068
trip-specific,0.9,6,98,40.4310118066976,11.4701112233779,12.7445680259755,386.481915648431,42.4345483387373,-2.00353653203965,-0.518403695209944,10.4612946090539
trip-specific,0.9,6,99,46.0816849918728,13.0102541088056,14.4558378986729,435.177154385322,44.8695311211528,1.21215387071992,0.27854262534348,10.589178344383
trip-specific,0.9,6,100,72.4738928613923,18.9842667652407,21.0936297391563,621.435546795237,56.3307835926478,16.1431092687445,2.59771256279031,11.6623346113917
trip-specific,0.9,8,1,42.4608158786495,11.3029219295601,12.5588021439556,378.296023189149,39.2083653023475,3.25245057630199,0.859763353810292,11.2242300409854
trip-specific,0.9,8,2,70.2928647378912,19.8749820321321,22.0833133690356,710.916443982627,115.037554385975,-44.7446896480843,-6.29394495328029,9.88764085187049
trip-specific,0.9,8,3,43.87079593544,12.1872703255549,13.5414114728387,550.494902219591,184.876792452946,-141.005996517506,-25.6144055011174,7.96933736507882
trip-specific,0.9,8,4,57.7524621412514,16.3733918384725,18.1926575983028,542.339879541782,51.1639037885035,6.58855835274792,1.214839365734,10.6487581532905
trip-specific,0.9,8,5,27.222015932412,7.36606003552081,8.18451115057868,241.226816047201,20.372788343732,6.84922758867997,2.83933092552189,11.2848216373612
trip-specific,0.9,8,6,164.749758024672,49.1525410040375,54.6139344489306,1501.05729099508,37.0776847658599,127.672073258812,8.50547637486748,10.9755809463779
trip-specific,0.9,8,7,51.986731665409,14.7589049595653,16.3987832884059,503.875125724654,61.1079769376943,-9.12124527228536,-1.8102193989369,10.3173840126844
trip-specific,0.9,8,8,72.0180854291957,20.1849623726844,22.4277359696494,687.693749589609,82.1448784090762,-10.1267929798804,-1.47257307281384,10.4724065722821
trip-specific,0.9,8,9,69.1112812932377,20.1396243037613,22.3773603375125,665.908354249131,61.719625136292,7.39165615694573,1.11001102625908,10.3784974091768
trip-specific,0.9,8,10,73.1540498779416,20.4730312841532,22.747812537948,709.301741978135,95.1108034535382,-21.9567535755966,-3.09554485434683,10.3135302718877
trip-specific,0.9,8,11,40.4042181553259,11.2806241579973,12.5340268422193,379.700833695934,41.282108956014,-0.877890800688149,-0.231205918655203,10.641066484379
trip-specific,0.9,8,12,27.3542631453408,7.11855895205374,7.90950994672638,230.060138690045,19.5048795721396,7.84938357320122,3.4118833527161,11.8900489676722
trip-specific,0.9,8,13,72.0825522984879,20.3262312542891,22.5847013936545,697.239627341507,87.4526897128354,-15.3701374143475,-2.20442682997695,10.3382753176738
trip-specific,0.9,8,14,47.0702377352169,13.1476188038871,14.6084653376524,459.216369698342,68.5193740405031,-21.4491363052862,-4.67081265403847,10.2501219122779
trip-specific,0.9,8,15,109.222624040403,32.2916845920611,35.8796495467345,1031.89308670464,66.8771515454687,42.3454724949342,4.10366859130386,10.5846841545577
trip-specific,0.9,8,16,76.610926708912,21.1371975376338,23.4857750418153,760.431811991875,126.31588586286,-49.7049591539483,-6.53641238702931,10.0746609361643
trip-specific,0.9,8,17,70.7419334965933,20.7453452162125,23.0503835735694,669.869127566114,50.904000969148,19.8379325274453,2.96146392050101,10.5605603520833
trip-specific,0.9,8,18,73.0023571404845,19.9895158567565,22.2105731741739,670.575595183962,70.8901194812652,2.11223765921932,0.314988746144252,10.8865216188575
trip-specific,0.9,8,19,80.4059299377761,23.4576863239715,26.0640959155239,1062.43224753174,358.701657812597,-278.295727874821,-26.1942094210112,7.56809953054195
trip-specific,0.9,8,20,45.4039294561054,11.6304039186964,12.9226710207738,379.541919873365,32.9172896054497,12.4866398506557,3.28992377306356,11.9628233611862
trip-specific,0.9,8,21,72.255624103362,20.3576206088178,22.619578454242,697.455740500349,86.8111788503654,-14.5555547470034,-2.08695031122138,10.3598866433484
trip-specific,0.9,8,22,47.1684936645136,13.0911046166578,14.5456717962865,426.566862058347,33.8337235586122,13.3347701059014,3.12606798417394,11.0577022877276
trip-specific,0.9,8,23,63.8973475155141,17.8272777103358,19.8080863448176,617.625802123675,82.8074708135998,-18.9101232980857,-3.06174438196464,10.3456408873798
trip-specific,0.9,8,24,82.8226791601824,23.5412794778129,26.1569771975699,814.545290760466,109.95878994956,-27.1361107893772,-3.33144284267394,10.1679648878528
trip-specific,0.9,8,25,59.7994800215753,16.8685325094958,18.7428138994398,552.836439630185,47.731855983807,12.0676240377683,2.18285611669174,10.8168484808233
trip-specific,0.9,8,26,69.5293924155545,19.263759338555,21.4041770428389,644.770073943036,66.8572937863862,2.67209862916836,0.414426589749641,10.7835948387545
trip-specific,0.9,8,27,59.6459678612911,16.9771655368673,18.8635172631859,585.264678655379,75.9497125493596,-16.3037446880685,-2.78570453380608,10.1912809770658
trip-specific,0.9,8,28,46.6002006227175,12.9030208021839,14.3366897802043,457.265251040708,70.1746269751916,-23.5744263524741,-5.15552544148503,10.191065364503
trip-specific,0.9,8,29,69.159952124035,19.2879695139383,21.4310772377093,646.066081345907,70.3364268857181,-1.17647476168307,-0.182098208782636,10.7047799166238
trip-specific,0.9,8,30,63.840583771928,17.6590980840887,19.6212200934319,613.829315467379,84.0563729447179,-20.2157891727899,-3.293389328823,10.4003803929304
trip-specific,0.9,8,31,97.894550001705,28.7935864591465,31.9928738434961,998.747250621847,134.939656847452,-37.0451068457467,-3.70915732911219,9.80173411648975
trip-specific,0.9,8,32,86.1857328233134,25.1556163909776,27.9506848788639,857.744618703714,103.455906224531,-17.2701734012178,-2.01344001753317,10.0479479490718
trip-specific,0.9,8,33,210.550482159587,50.2322150668909,55.8135722965454,1412.48951242352,3.27188185842579,207.278600301161,14.67470012896,14.9063395025375
trip-specific,0.9,8,34,87.4382287087698,25.3643831340013,28.1826479266681,856.796787467703,96.3020955640869,-8.86386685531709,-1.03453549137533,10.2052470303019
trip-specific,0.9,8,35,122.059620316185,35.7267626110896,39.6964029012106,1180.94811682703,111.481616621703,10.578003694482,0.895721289001502,10.3357309755601
trip-specific,0.9,8,36,51.1933922744942,14.047611609506,15.6084573438955,467.25806753246,45.8297192472807,5.36367302721349,1.14790378163794,10.9561280653411
trip-specific,0.9,8,37,39.0741041521042,10.1377237928147,11.2641375475719,315.726560772104,18.3353447781934,20.7387593739107,6.56858242245899,12.3759319002333
trip-specific,0.9,8,38,59.1754333836663,16.0796578167055,17.8662864630061,543.405784561496,61.0160500603327,-1.84061667666641,-0.338718638807222,10.8897319581201
trip-specific,0.9,8,39,31.3838499970859,8.4636514113909,9.40405712376766,291.772664804082,37.9805994976885,-6.59674950060258,-2.26092101706379,10.7562680754071
trip-specific,0.9,8,40,107.794730989433,31.9240801926591,35.4712002140657,1020.40139703613,63.7299544443395,44.0647765450933,4.31837673616326,10.5639536855334
trip-specific,0.9,8,41,36.3977100118017,9.60264213550986,10.6696023727887,337.516211039877,49.4369469745812,-13.0392369627795,-3.86329205421157,10.7839886859542
trip-specific,0.9,8,42,64.1455701398573,17.8057656341332,19.7841840379258,606.240492875981,72.067523851984,-7.92195371212668,-1.30673450639123,10.5808785281817
trip-specific,0.9,8,43,88.3959547857107,25.5049760070496,28.3388622300552,892.717831279699,127.56855106821,-39.1725962824998,-4.38801544115528,9.9018919179643
trip-specific,0.9,8,44,71.777885613862,20.0670073750964,22.2966748612183,653.293080979745,51.9647601717472,19.8131254421148,3.03280809470705,10.9870879860256
trip-specific,0.9,8,45,46.8810356650748,12.9411386894548,14.3790429882831,448.976203941718,61.8453021944801,-14.9642665294053,-3.33297542231167,10.4417640074218
trip-specific,0.9,8,46,68.9487382924593,19.9579734800536,22.1755260889485,866.228296375361,267.489091973753,-198.540353681293,-22.9200956043648,7.95964973448314
trip-specific,0.9,8,47,87.8778387012972,22.7514040752703,25.2793378614115,712.838703055734,33.9896973121003,53.8881413891969,7.55965426094205,12.3278714139104
trip-specific,0.9,8,48,152.995507915859,42.0788596385653,46.7542884872948,1386.32733843265,124.114723239094,28.8807846767648,2.0832586847358,11.0360305011969
trip-specific,0.9,8,49,52.0241773160652,14.8595764213127,16.5106404681252,482.474186493305,40.4781398607761,11.5460374552891,2.39308915969317,10.7827897890631
trip-specific,0.9,8,50,38.3619289515865,9.83107631916086,10.923418132401,361.545811713785,66.9406243679295,-28.578695416343,-7.90458483832946,10.6105305907832
trip-specific,0.9,8,51,69.455220048681,19.2711308075085,21.4123675638984,610.147587076148,41.9207706505153,27.5344493981656,4.51275232114116,11.3833474916312
trip-specific,0.9,8,52,65.7467286145037,18.3845861273266,20.4273179192518,599.134213767035,48.8897762293748,16.8569523851289,2.81355195510226,10.9736227883104
trip-specific,0.9,8,53,52.2535380184256,14.7043690091533,16.3381877879481,500.614809851716,60.504560228827,-8.25102221040146,-1.64817781017015,10.4378729893954
trip-specific,0.9,8,54,63.6193104737367,17.7470996419623,19.7189996021803,551.312809483921,31.6309031763664,31.9884072973703,5.80222457143965,11.5396031761515
trip-specific,0.9,8,55,59.4158117765615,15.7939460798598,17.548828977622,522.42304200398,48.8953557228621,10.5204560536994,2.0137810180316,11.373122354758
trip-specific,0.9,8,56,38.2944209054423,9.84170899672752,10.9352322185861,304.49044846192,14.6786546082409,23.6157662972015,7.75583155941092,12.5765590017289
trip-specific,0.9,8,57,163.92878160674,48.924622323729,54.36069147081,1622.93664793365,155.197978221779,8.73080338496098,0.537963289945864,10.1007505015958
trip-specific,0.9,8,58,37.42010979527,9.69714967210563,10.774610746784,314.535131759794,28.1412983837246,9.27881141154541,2.9500079560688,11.8969571335031
trip-specific,0.9,8,59,64.5886107709927,18.0780694334195,20.0867438149105,566.834473546363,39.1519201792952,25.4366905916976,4.48749886938855,11.3946158508847
trip-specific,0.9,8,60,25.3393681198353,6.35893555152856,7.06548394614284,228.186545990464,37.8472875755568,-12.5079194557215,-5.48144475452298,11.1046722802379
trip-specific,0.9,8,61,54.9606290216605,14.7445707256741,16.3828563618601,490.216137229673,50.0969910407453,4.86363798091524,0.992141549725557,11.2115095460251
trip-specific,0.9,8,62,68.4880141929828,19.5171120489537,21.685680054393,659.434818904788,73.9214574361763,-5.43344324319352,-0.823954557361343,10.3858656275885
trip-specific,0.9,8,63,66.7883229165552,19.3103752922298,21.455972546922,653.323165185325,74.0119064184316,-7.22358350187635,-1.10566774405241,10.2228615906509
trip-specific,0.9,8,64,140.275223368427,41.3968722817774,45.9965247575304,1336.88931910916,94.9831506558356,45.2920727125914,3.38787004018941,10.4926579458276
trip-specific,0.9,8,65,71.4393892078825,20.9497183932072,23.2774648813414,686.061262838312,57.844317414447,13.5950717934355,1.98161192444989,10.412975207539
trip-specific,0.9,8,66,81.4240385644378,23.7824785904762,26.4249762116403,745.95894279053,37.5513616012495,43.8726769631882,5.88137958358225,10.9153512202483
trip-specific,0.9,8,67,85.5800198844352,24.8303221549712,27.5892468388569,800.582906411204,62.8157308428173,22.7642890416179,2.84346428824767,10.6897136073099
trip-specific,0.9,8,68,50.9408600610305,13.9914762931906,15.5460847702118,475.612668657842,55.8683798621236,-4.92751980109315,-1.03603628031995,10.7105767818976
trip-specific,0.9,8,69,56.6145233432998,16.1847660239336,17.9830733599263,536.696279844306,51.3423868009748,5.27213654232498,0.982331486228005,10.5487079880121
trip-specific,0.9,8,70,63.795920615166,17.7648362794282,19.7387069771425,619.530065884815,86.5849775019677,-22.7890568868017,-3.67844244237837,10.297469667441
trip-specific,0.9,8,71,63.1440732287839,17.6055356233652,19.5617062481836,608.010330732285,79.844262031329,-16.7001888025452,-2.7466949093499,10.3853618988239
trip-specific,0.9,8,72,139.270271730671,41.1021581237572,45.6690645819524,1360.99703263525,127.932288922532,11.337982808139,0.833064476723044,10.232959249074
trip-specific,0.9,8,73,67.8553620675631,18.9761304178712,21.0845893531903,614.937597398746,52.3908283260455,15.4645337415176,2.51481350415625,11.0345118520316
trip-specific,0.9,8,74,105.905260689914,30.7873316768798,34.2081463076442,1003.4392200558,80.5024150736204,25.4028456162939,2.53157790811499,10.5542277572154
trip-specific,0.9,8,75,40.5351699752427,11.5122260183786,12.7913622426429,624.994611156499,279.627830605142,-239.092660629899,-38.255155542458,6.48568311656892
trip-specific,0.9,8,76,58.4999940385617,16.6101742549608,18.4557491721787,552.739577616118,59.5026195702026,-1.0026255316409,-0.181392028406047,10.5836448858725
trip-specific,0.9,8,77,64.4515429456874,18.3257937804278,20.3619930893643,634.80680647336,85.0329930605241,-20.5814501148367,-3.24215964683429,10.1529382307265
trip-specific,0.9,8,78,85.9961986181214,25.1124473480595,27.9027192756216,839.518792120485,86.1453716787012,-0.149173060579841,-0.0177688768827979,10.2435108570839
trip-specific,0.9,8,79,86.7386589589085,25.2659432847544,28.0732703163938,853.281728322507,95.3034297798741,-8.56477082096558,-1.00374478166822,10.1653013395037
trip-specific,0.9,8,80,83.7798574672083,24.5959233850905,27.3288037612116,332.755448298354,0,83.7798574672083,25.1776065262468,25.1776065262468
trip-specific,0.9,8,81,107.715769581464,31.342815977699,34.8253510863322,967.53070212952,35.811036016857,71.9047335646067,7.43177796904486,11.1330595860558
trip-specific,0.9,8,82,209.241500665137,49.8164953226501,55.3516614696112,1520.35894772172,69.3472791290063,139.89422153613,9.20139429874527,13.7626381571725
trip-specific,0.9,8,83,65.2337425627436,18.6765321617773,20.7517024019748,615.299664391078,55.7120073784932,9.52173518425045,1.54749559203376,10.6019467160446
trip-specific,0.9,8,84,62.854739579209,17.6564330286099,19.6182589206777,571.901802184759,45.7697358022545,17.0850037769545,2.98740163288295,10.9904776203001
trip-specific,0.9,8,85,90.4555902351346,22.9899772737836,25.5444191930928,723.948492732443,37.1022634188524,53.3533268162822,7.36976834013529,12.4947549643653
trip-specific,0.9,8,86,56.4534978179378,11.1149655714035,12.3499617460039,357.893801834654,27.9852791140633,28.4682187038745,7.95437600705552,15.7738126585437
trip-specific,0.9,8,87,54.3749658717753,14.7044585019001,16.3382872243334,499.828470724362,59.8320426030408,-5.45707673126548,-1.09178989411247,10.8787252140667
trip-specific,0.9,8,88,70.153388006912,19.8142278311901,22.0158087013223,691.028576168505,96.6017412328026,-26.4483532258906,-3.82738921920377,10.1520241602578
trip-specific,0.9,8,89,73.6888008297652,21.152630126324,23.5029223625822,690.116904997249,57.0385061445742,16.650294685191,2.41267741227949,10.6777272511617
trip-specific,0.9,8,90,56.531524025985,16.2186031260567,18.020670140063,542.835070073661,56.3346731656333,0.19685086035166,0.0362634750781573,10.4141252366605
trip-specific,0.9,8,91,67.6519588698618,19.3910918071305,21.5456575634783,664.80679787922,83.0740436653058,-15.422084795444,-2.31978446138661,10.1761833792428
trip-specific,0.9,8,92,68.1958197659765,19.4265218810068,21.5850243122297,642.117220240396,59.5623386181731,8.63348114780339,1.3445335019315,10.6204626844372
trip-specific,0.9,8,93,58.8987983612571,15.7013028417498,17.4458920463886,495.091834227646,27.6867522276813,31.2120461335758,6.30429426941919,11.896540053653
trip-specific,0.9,8,94,69.3601071384616,19.5685464391557,21.7428293768397,644.863021216922,57.8066280422502,11.5534790962114,1.79161755536994,10.7557891918771
trip-specific,0.9,8,95,115.068771571498,34.1685757125367,37.9650841250408,1124.89134287726,99.8340715011621,15.2347000703363,1.35432636821337,10.2293232408718
trip-specific,0.9,8,96,152.467787198275,42.0771274996362,46.7523638884847,1425.80741459576,163.493589606677,-11.0258024084026,-0.773302361562522,10.693434866272
trip-specific,0.9,8,97,47.9481137057786,12.2142526858427,13.5713918731586,394.51608055663,32.6362029387287,15.3119107670499,3.88118799757061,12.1536525553351
trip-specific,0.9,8,98,70.27691716733,19.8192458547295,22.0213842830328,633.859739294901,43.9888508321723,26.2880663351577,4.14730021572285,11.0871400738443
trip-specific,0.9,8,99,51.2286256815232,14.583323841012,16.2036931566801,507.8059681461,71.498423929199,-20.2697982476757,-3.99164238295127,10.0882283578803
trip-specific,0.9,8,100,163.946835289067,48.9092467369784,54.3436074855316,1612.64876125127,145.713363820013,18.2334714690538,1.13065361206778,10.1663077062025
population,1,2,1,34.058579277901,22.0105566292479,22.0105566292479,659.457612486463,14.120047086077,19.9385321918241,3.02347441507976,5.16463509299472
population,1,2,2,37.8466407893712,64.4178478703707,64.4178478703707,2035.22109017259,102.685654061473,-64.8390132721014,-3.18584617588661,1.85958375589365
population,1,2,3,34.754141220661,22.0383157261419,22.0383157261419,590.782768252058,1.81137870943553,32.9427625112255,5.57612108570682,5.8827276434429
population,1,2,4,32.7762985162515,24.3580109218706,24.3580109218706,849.678205394564,118.937877738445,-86.1615792221934,-10.140495386978,3.85749549749028
population,1,2,5,17.3285637943475,7.77766296749316,7.77766296749316,220.089694972749,4.22763433213118,13.1009294622164,5.95254106006122,7.87340988249956
population,1,2,6,31.7992972361891,23.1102258041706,23.1102258041706,674.727330033021,11.5592037940279,20.2400934421613,2.99974412495944,4.71291080422559
population,1,2,7,29.4506756621039,16.8845827034884,16.8845827034884,485.303579755982,5.1110933172466,24.3395823448573,5.01533130192355,6.0685057540503
population,1,2,8,47.3712808802636,36.3439575599086,36.3439575599086,987.669689188694,3.44963006482885,43.9216508154347,4.44699794842479,4.79626755774757
population,1,2,9,28.9057377187329,16.1520835988923,16.1520835988923,474.196460577112,13.7368877674551,15.1688499512778,3.19885347368826,6.09573038220354
population,1,2,10,33.2026076949015,20.1611476035637,20.1611476035637,541.652702235874,2.99287324262116,30.2097344522803,5.57732553120817,6.12987022087129
population,1,2,11,42.162222170432,33.4746753174194,33.4746753174194,972.306001805736,7.13739010979333,35.0248320606386,3.60224373762906,4.336312034702
population,1,2,12,25.6914766912872,14.9773357288962,14.9773357288962,493.592092977696,44.5785748590004,-18.8870981677132,-3.82645881820612,5.20500167178491
population,1,2,13,31.0166969164387,19.8361888181637,19.8361888181637,606.048313770194,22.2564940487109,8.76020286772777,1.44546279045494,5.11785879305323
population,1,2,14,44.9769781552032,32.7573517233412,32.7573517233412,826.337444600877,0,44.9769781552032,5.44293114744755,5.44293114744755
population,1,2,15,20.9426898928362,10.7275525596675,10.7275525596675,303.066209464454,2.21858517564521,18.724104717191,6.17822249147413,6.91026885836064
population,1,2,16,40.6351602588071,35.161805693148,35.161805693148,983.353276729689,1.25155975993228,39.3836004988748,4.00503068743023,4.13230536984087
population,1,2,17,35.1330649851996,21.6900741492865,21.6900741492865,718.243377486556,78.2529676529526,-43.119902667753,-6.00352248546282,4.89152647785566
population,1,2,18,29.8274248682194,16.6037201242943,16.6037201242943,481.237943095987,4.78737984564557,25.0400450225739,5.20325659724204,6.19806174806754
population,1,2,19,16.8422364453365,9.66391538608226,9.66391538608226,309.288496132862,28.4359523605982,-11.5937159152617,-3.74851184580797,5.44547781631734
population,1,2,20,33.5345396140213,18.4902197243697,18.4902197243697,567.768833471208,27.3176604577864,6.21687915623492,1.094966611363,5.90637203683739
population,1,2,21,33.7181219770208,21.6068917607805,21.6068917607805,585.493177488831,0,33.7181219770208,5.75892653807465,5.75892653807465
population,1,2,22,32.3166574821841,21.5706204031617,21.5706204031617,655.54373244801,20.8461070763257,11.4705504058584,1.74977653481999,4.92974852516756
population,1,2,23,42.8398460354256,33.0461851981035,33.0461851981035,960.8268072974,9.23536734012588,33.6044786952997,3.49745432164012,4.4586439210543
population,1,2,24,32.8984860078343,20.0995014339271,20.0995014339271,586.460593688136,6.17661159504335,26.7218744127909,4.55646546424241,5.60966693447247
population,1,2,25,40.092735569892,29.2268225685926,29.2268225685926,759.395733720482,0,40.092735569892,5.27955765216997,5.27955765216997
population,1,2,26,36.6767708733144,20.6615578283163,20.6615578283163,560.820656326652,0,36.6767708733144,6.53983951189414,6.53983951189414
population,1,2,27,36.2334199073404,22.3794620466638,22.3794620466638,687.401299543805,36.8735606509924,-0.640140743652012,-0.0931247502844179,5.27107236069917
population,1,2,28,29.3822770010403,26.9790276161498,26.9790276161498,813.924885882353,17.0712908750994,12.3109861259409,1.51254573234911,3.60994945733694
population,1,2,29,21.5351639165358,10.8085297286992,10.8085297286992,315.695175434064,8.1814292535623,13.3537346629735,4.22994575213664,6.82150555101962
population,1,2,30,47.5807251712672,42.0855642969245,42.0855642969245,1138.36988693696,2.16853247466321,45.4121926966039,3.98922996977683,4.17972450934148
population,1,2,31,32.3508356227316,24.0498997840488,24.0498997840488,806.307274759688,92.0598407458145,-59.7090051230829,-7.40524202028049,4.01222172184587
population,1,2,32,30.0253863588576,18.3240731842537,18.3240731842537,555.641873345395,17.985213589876,12.0401727689816,2.16689442364925,5.40372995614631
population,1,2,33,37.0473521719407,24.3099561805737,24.3099561805737,694.487239194546,8.38544590298284,28.6619062689579,4.1270601749572,5.33448997780112
population,1,2,34,36.0507417920355,22.0767310875915,22.0767310875915,651.308065715851,16.1941154883775,19.856626303658,3.04873029352609,5.53512902568037
population,1,2,35,40.4727363529406,26.5177948590757,26.5177948590757,735.30739548099,2.99208188081996,37.4806544721206,5.09727696232448,5.50419275009005
population,1,2,36,36.420238373681,44.6772787433568,44.6772787433568,1448.03037960001,107.712017299305,-71.2917789256236,-4.92336210137501,2.51515706346861
population,1,2,37,28.1004047144588,20.5492371631676,20.5492371631676,701.133393370052,85.8567363013649,-57.7563315869061,-8.23756679300295,4.0078542799669
population,1,2,38,34.6783695031187,22.7750005667469,22.7750005667469,632.411097334958,3.84984930269254,30.8285202004261,4.87475952435694,5.48351691633127
population,1,2,39,28.6769488657524,17.6799562398201,17.6799562398201,493.789243461012,1.35669643811318,27.3202524276392,5.53277593415142,5.80752805888463
population,1,2,40,27.9013005591763,15.1267440852646,15.1267440852646,452.154370808312,10.2446466253551,17.6566539338212,3.9050056957885,6.17074662118104
population,1,2,41,34.0276225792135,23.0944699880786,23.0944699880786,667.335355410812,5.39232317852896,28.6352994006846,4.29099090412446,5.09902889204276
population,1,2,42,44.9224773916547,33.2267726089462,33.2267726089462,1013.95200037864,28.0350163591689,16.8874610324858,1.66550892213631,4.43043431788481
population,1,2,43,33.8244234102977,28.2933196519499,28.2933196519499,784.514156607704,3.35638491945262,30.4680384908451,3.88368243379968,4.31151217927755
population,1,2,44,37.9375984683776,32.0639294559351,32.0639294559351,910.627258565651,3.39061278963174,34.5469856787458,3.79375703437228,4.1660951955396
population,1,2,45,16.1069027383025,7.21961204616345,7.21961204616345,218.22544422899,10.9526463776034,5.15425636069911,2.36189523128688,7.38085459979685
population,1,2,46,45.5073673279775,60.8739036402353,60.8739036402353,1847.75967493302,35.9174218467128,9.58994548126469,0.519003938194089,2.46284015964506
population,1,2,47,37.3472701909386,23.7503560440004,23.7503560440004,718.71200132422,29.2137537647601,8.13351642617853,1.13167950600416,5.19641666232463
population,1,2,48,19.8548448451037,11.5990600580556,11.5990600580556,391.585367769411,51.1063340365322,-31.2514891914285,-7.98076020292751,5.0703745541369
population,1,2,49,21.3674266985001,10.7882744531348,10.7882744531348,302.768932162473,0.77105626998074,20.5963704285193,6.80266970637095,7.05733793288732
population,1,2,50,26.0750899855567,13.4447804832507,13.4447804832507,405.453487249091,20.5137505846672,5.56133940088943,1.37163437380249,6.43109279006827
population,1,2,51,37.6353968120733,25.3728987080727,25.3728987080727,737.112000828445,12.1964549191158,25.4389418929575,3.45116371248419,5.10579081194916
population,1,2,52,22.9289159195918,14.3608578667219,14.3608578667219,449.247988601111,29.3423321056751,-6.41341618608334,-1.42758929339978,5.1038438682806
population,1,2,53,26.3351984342458,17.0079823684923,17.0079823684923,514.554422742881,13.747602023796,12.5875964104498,2.44631002165922,5.11805890110973
population,1,2,54,41.0331803530435,38.3039497598005,38.3039497598005,1180.17554908259,39.6491123505571,1.38406800248642,0.117276451250183,3.47687091000494
population,1,2,55,22.2951738359811,12.5834213193021,12.5834213193021,309.649670094893,0.255991281376172,22.0391825546049,7.11745714046812,7.20012839966814
population,1,2,56,37.1250716758029,25.182853861138,25.182853861138,408.666449253121,0,37.1250716758029,9.08444325284168,9.08444325284168
population,1,2,57,35.0248495652914,24.2970543316657,24.2970543316657,761.989352320797,38.0299637711111,-3.00511420581968,-0.394377453788164,4.59650117926398
population,1,2,58,31.1567544081115,19.5211356598973,19.5211356598973,509.413969244461,0,31.1567544081115,6.11619552842687,6.11619552842687
population,1,2,59,38.9855847088029,24.6580751344817,24.6580751344817,724.177507421803,22.2918102509774,16.6937744578255,2.30520477186017,5.38342938150596
population,1,2,60,49.2671542334303,38.4360457801869,38.4360457801869,1064.53639694915,5.06938856344132,44.197765669989,4.15183227146158,4.62803849399842
population,1,2,61,32.3636988457788,20.7270613937261,20.7270613937261,583.653848148979,6.44415012860105,25.9195487171777,4.44091113240836,5.54501592826265
population,1,2,62,16.1395705999061,7.69243252821988,7.69243252821988,228.02410800553,15.9321365052122,0.20743409469396,0.0909702471849729,7.07801062838264
population,1,2,63,41.8629205099381,32.6731236175005,32.6731236175005,908.055374187716,2.07480939870268,39.7881111112354,4.38168334688037,4.61017265025118
population,1,2,64,41.4883076478102,26.960649480848,26.960649480848,736.98564195566,0.628666312415966,40.8596413353942,5.54415703770963,5.62945942036498
population,1,2,65,33.174797357156,20.1734796894508,20.1734796894508,514.161587399171,0,33.174797357156,6.45221233366869,6.45221233366869
population,1,2,66,32.2783140727244,19.4574849146538,19.4574849146538,615.197619666469,44.8651597741092,-12.5868457013848,-2.04598413566827,5.2468203778526
population,1,2,67,35.963440888794,21.7523617990836,21.7523617990836,589.530458991288,0.703425567076998,35.260015321717,5.98103368264439,6.10035331343676
population,1,2,68,16.2346349212593,7.34586553644562,7.34586553644562,208.81764158118,5.26576473174475,10.9688701895146,5.25284650590709,7.77455142119684
population,1,2,69,40.5496078770555,34.3993646525837,34.3993646525837,1145.20826762216,119.70868524785,-79.1590773707948,-6.9121992574465,3.54080642128529
population,1,2,70,46.4955115111118,32.5093547296284,32.5093547296284,805.307256316798,0,46.4955115111118,5.77363622970027,5.77363622970027
population,1,2,71,28.7717760265247,23.0708007012715,23.0708007012715,787.683014047978,97.4753831394402,-68.7036071129155,-8.72224053173892,3.65270997512868
population,1,2,72,39.763199216972,33.767882040448,33.767882040448,985.562744794509,9.45007701811317,30.3131221988588,3.075717133076,4.0345680096971
population,1,2,73,47.7273176421827,35.2958983480532,35.2958983480532,1028.30939528681,9.72304523119692,38.0042724109858,3.69580134006127,4.64133828407461
population,1,2,74,31.7028699831253,23.2765460556627,23.2765460556627,714.92548094727,33.6609106587524,-1.9580406756271,-0.273880387230388,4.43442999697245
population,1,2,75,33.680071535551,19.7908776981598,19.7908776981598,658.416631569366,64.6931523299268,-31.0130807943758,-4.71025173231951,5.11531299798322
population,1,2,76,34.2731595221919,23.915469192433,23.915469192433,751.76131930049,43.7009634844384,-9.4278039622465,-1.25409537843993,4.55904801727267
population,1,2,77,39.3325314740814,24.3335800946826,24.3335800946826,643.167078138021,0,39.3325314740814,6.11544539685547,6.11544539685547
population,1,2,78,44.5658394048643,40.4619476293501,40.4619476293501,1232.7179218129,32.8396157616231,11.7262236432412,0.951249546692398,3.61525038423416
population,1,2,79,11.3289934277177,6.02707009866638,6.02707009866638,173.52415114315,3.28880677081212,8.04018665690556,4.63346836964082,6.52877040635789
population,1,2,80,29.7551305753867,17.4474649519557,17.4474649519557,589.630970415037,68.3200617687265,-38.5649311933398,-6.54051994015753,5.04639886104393
population,1,2,81,36.7666417777085,22.8761194018242,22.8761194018242,618.18756109822,1.35444662099571,35.4121951567127,5.72839011736219,5.94748974120281
population,1,2,82,20.7611745499653,8.78154146204667,8.78154146204667,249.139121198501,8.48114384090234,12.2800307090629,4.92898531952309,8.33316520107009
population,1,2,83,32.2179195718303,22.680993121428,22.680993121428,615.535394391592,1.99331245246911,30.2246071193612,4.91029555647825,5.23412948554732
population,1,2,84,46.6592514316917,49.7430700933779,49.7430700933779,1335.67027995055,0,46.6592514316917,3.49332107871856,3.49332107871856
population,1,2,85,24.308328279734,10.8645958000269,10.8645958000269,267.253754985675,0,24.308328279734,9.09559840647963,9.09559840647963
population,1,2,86,41.8538699514524,31.32827546625,31.32827546625,875.502985299142,7.33321149238528,34.5206584590671,3.94295154199527,4.78055136923968
population,1,2,87,30.7797286819185,17.2626195899785,17.2626195899785,505.058549123835,10.8332353974465,19.946493284472,3.94934276809584,6.09428921365938
population,1,2,88,31.3953027426052,22.6078198630825,22.6078198630825,717.554044136389,50.1403438578694,-18.7450411152642,-2.61235251455168,4.37532238848865
population,1,2,89,34.8853266118273,19.5760081428756,19.5760081428756,661.528903958966,121.670660580616,-86.7853339687891,-13.1189028097512,5.27343951308154
population,1,2,90,30.4047102509453,18.1152086171161,18.1152086171161,489.666482333909,0.657831874535741,29.7468783764096,6.07492639370094,6.20926923689501
population,1,2,91,30.3139619290921,18.5055219406646,18.5055219406646,560.941724431617,16.1211132229163,14.1928487061758,2.53018238580076,5.40411964537103
population,1,2,92,26.088990440636,13.3015885403071,13.3015885403071,358.675418731606,0.703095696329157,25.3858947443068,7.07767898733616,7.27370460258895
population,1,2,93,24.969532389014,18.7301923166794,18.7301923166794,646.005845045009,86.348684025738,-61.379151636724,-9.50133069344714,3.86521771908648
population,1,2,94,32.9478901133579,19.1389389092092,19.1389389092092,518.652344769042,0,32.9478901133579,6.3525963867048,6.3525963867048
population,1,2,95,30.4371072492643,18.009260635624,18.009260635624,484.582136029379,0.475578951824993,29.9615282974393,6.18296178702362,6.28110385963939
population,1,2,96,24.5592819256097,12.2542891220428,12.2542891220428,349.127574525365,4.54175847406505,20.0175234515446,5.73358420020482,7.0344721292776
population,1,2,97,46.4209898358139,32.733679899064,32.733679899064,887.978021966804,1.51127138351747,44.9097184522964,5.05752590056506,5.22771833169867
population,1,2,98,28.8702607083424,15.510474522723,15.510474522723,506.007386593235,42.4068745599117,-13.5366138515693,-2.6751810764476,5.70550183125101
population,1,2,99,36.1095962663511,22.8454321099301,22.8454321099301,660.66495605261,6.22319132733575,29.8864049390153,4.52368551793376,5.46564426272908
population,1,2,100,20.6436384053908,10.0973619026516,10.0973619026516,285.194310811456,3.83614425393232,16.8074941514585,5.89334832929753,7.23844677919909
population,1,4,1,37.4772066134047,33.4226880681133,33.4226880681133,996.98236541054,16.9695626749598,20.5076439384449,2.0569715824412,3.75906414332336
population,1,4,2,35.0047166150967,21.3045471025528,21.3045471025528,560.929469898815,0,35.0047166150967,6.24048449824023,6.24048449824023
population,1,4,3,13.386088400488,6.2491438411451,6.2491438411451,189.480216166448,8.41453012290644,4.97155827758157,2.62378752682778,7.06463644137343
population,1,4,4,33.0756041082928,26.0609168531404,26.0609168531404,822.035145970146,45.1795502535908,-12.103946145298,-1.47243657459599,4.02362408352477
population,1,4,5,30.4913708851918,22.3216394025394,22.3216394025394,645.157857007684,3.21958081156474,27.271790073627,4.22714995677441,4.72618763826488
population,1,4,6,39.3540377124147,27.3360242423237,27.3360242423237,728.38436595798,0,39.3540377124147,5.40292180223497,5.40292180223497
population,1,4,7,39.6375010209178,41.8194449391579,41.8194449391579,1400.26322169973,145.679873524994,-106.042372504077,-7.57303133159174,2.83071785409055
population,1,4,8,42.2263446683614,33.6950501895966,33.6950501895966,1054.0971436554,52.7226595045774,-10.4963148362159,-0.995763521359787,4.00592534782221
population,1,4,9,25.8651398174466,13.3948467388759,13.3948467388759,377.527457222542,4.72947610358285,21.1356637138638,5.5984441156567,6.85119434960723
population,1,4,10,29.4632445986648,16.4774490205448,16.4774490205448,541.625814218917,66.0937769480026,-36.6305323493377,-6.76306988841788,5.43977850116948
population,1,4,11,29.8530030139159,16.4665957589919,16.4665957589919,456.061227742615,0,29.8530030139159,6.54583226942587,6.54583226942587
population,1,4,12,38.9351416858246,23.7327203106713,23.7327203106713,584.709718706956,0,38.9351416858246,6.65888396244326,6.65888396244326
population,1,4,13,35.7748288829744,25.4741927264831,25.4741927264831,740.453695829502,3.74654536716601,32.0282835158083,4.32549444971414,4.83147414679282
population,1,4,14,48.5105812442836,39.5115006467611,39.5115006467611,1081.72960016003,1.80672961634587,46.7038516279377,4.3175162832771,4.48453857942935
population,1,4,15,31.4560933707207,20.4837110318929,20.4837110318929,585.764245441738,2.51096982339376,28.9451235473269,4.94142887220758,5.37009447324647
population,1,4,16,39.8501592071681,29.6509067960124,29.6509067960124,800.476749083597,0,39.8501592071681,4.97830314906578,4.97830314906578
population,1,4,17,37.1661835887558,28.2874003842227,28.2874003842227,855.821806412075,23.1653023735806,14.0008812151752,1.63595752179676,4.34274790736758
population,1,4,18,31.2121209991148,19.0431473791513,19.0431473791513,546.37413552908,6.7998353640169,24.4122856350979,4.46805294168222,5.71259123913152
population,1,4,19,24.584795284636,12.1290126201274,12.1290126201274,369.493343642715,20.975572971567,3.60922231306905,0.976803067001668,6.65365038575865
population,1,4,20,29.851358411462,16.5032921630844,16.5032921630844,483.645708188099,8.72979663635288,21.1215617751091,4.36715583691163,6.17215410083868
population,1,4,21,38.3744620102229,26.308089009644,26.308089009644,795.769445766561,20.5773075658024,17.7971544444205,2.23647119641249,4.82230905124247
population,1,4,22,31.5694984352518,32.7310270934855,32.7310270934855,1065.0651758362,83.3736881598584,-51.8041897246066,-4.8639455030472,2.96409075721268
population,1,4,23,30.5348406635943,20.1892035582651,20.1892035582651,652.631756036863,48.6719359574956,-18.1370952939013,-2.77907029900593,4.67872431599385
population,1,4,24,31.4463731596136,19.3028764943929,19.3028764943929,543.898083316018,1.68699730992888,29.7593758496847,5.47149856977778,5.78166647837633
population,1,4,25,29.3299052049652,16.4319449543958,16.4319449543958,440.347392977359,0,29.3299052049652,6.6606287837097,6.6606287837097
population,1,4,26,36.8606214319051,22.7405747323885,22.7405747323885,701.43292848895,35.5920219988808,1.2685994330243,0.18085826620047,5.25504576913882
population,1,4,27,31.5302356876285,16.8760088662879,16.8760088662879,464.017736667853,2.57129428924003,28.9589413983884,6.24091260095892,6.79504967074093
population,1,4,28,34.052436247363,20.1307078907197,20.1307078907197,523.191834568675,0.461439146387264,33.5909971009757,6.42039781233752,6.50859474430372
population,1,4,29,24.7441637958206,11.9350270012764,11.9350270012764,325.144845766569,3.70980444505785,21.0343593507628,6.46922736885824,7.61019715305135
population,1,4,30,31.3435294904977,19.5372259763285,19.5372259763285,573.012418656538,13.7414868604907,17.602042630007,3.07184313234887,5.46995640408361
population,1,4,31,39.2079870350094,35.6491025908925,35.6491025908925,1100.74509439306,46.2954623213395,-7.08747528633017,-0.643879797641811,3.5619497406553
population,1,4,32,35.6680230494261,24.3553316913623,24.3553316913623,769.341739192408,47.0702688199606,-11.4022457705345,-1.48207814416824,4.63617417753358
population,1,4,33,34.3769548396948,22.5731271865256,22.5731271865256,657.356510916024,3.96984353050343,30.4071113091914,4.62566519145284,5.22957546914545
population,1,4,34,49.2809615698711,39.0820826842997,39.0820826842997,1046.19182048495,1.61347108436321,47.6674904855079,4.55628590781872,4.71050916332221
population,1,4,35,27.831334572647,16.0534138381879,16.0534138381879,422.912008468315,0.572379967659416,27.2589546049876,6.44553809283234,6.58088065965433
population,1,4,36,33.219551510813,20.8479601326766,20.8479601326766,595.107945290472,0.650583498831505,32.5689680119815,5.47278326053681,5.5821051917898
population,1,4,37,48.5141372176269,38.9232185677893,38.9232185677893,1078.33176005344,0.0824965453980369,48.4316406722288,4.49134880992733,4.49899919624202
population,1,4,38,33.3165460354476,18.7655484536845,18.7655484536845,510.510338944384,3.24000455298524,30.0765414824624,5.89146569384934,6.52612562251696
population,1,4,39,26.2575241662481,14.5290143770408,14.5290143770408,467.538819296544,34.4984896685735,-8.24096550232541,-1.76262700811127,5.61611636992089
population,1,4,40,34.0979293871154,26.7267487474736,26.7267487474736,821.163982014474,29.4210820278672,4.67684735924816,0.56953878417499,4.15238979472366
population,1,4,41,31.1493862795016,19.2808024803409,19.2808024803409,548.397890784181,2.67647685434205,28.4729094251596,5.19201658205591,5.68007040197758
population,1,4,42,35.2714786800927,23.52154551729,23.52154551729,559.299846188829,0,35.2714786800927,6.30636302163124,6.30636302163124
population,1,4,43,42.4304680613543,48.6173113589511,48.6173113589511,1447.01619849644,25.6192209826059,16.8112470787484,1.16178706888123,2.93227319123606
population,1,4,44,39.0783477829473,27.4503832532718,27.4503832532718,779.148710991684,8.81656025199955,30.2617875309478,3.88395528402161,5.01551850521696
population,1,4,45,39.1492691098328,24.1685333750257,24.1685333750257,608.987765976588,0,39.1492691098328,6.42858055564581,6.42858055564581
population,1,4,46,35.7115836653961,22.2229955856162,22.2229955856162,612.830957210046,2.24538198156751,33.4662016838286,5.4609189190092,5.82731391833981
population,1,4,47,32.2445814004306,23.4659148490691,23.4659148490691,812.911709968116,109.930603653594,-77.6860222531636,-9.55651410855068,3.96655393261531
population,1,4,48,34.5768260952065,19.2081716126543,19.2081716126543,559.617544036116,26.3957199510245,8.18110614418199,1.46191023340291,6.17865298607847
population,1,4,49,10.7128459672719,4.94290702298122,4.94290702298122,135.173870939884,4.56327596459823,6.14957000267372,4.54937774579869,7.92523428735446
population,1,4,50,36.6442339533842,27.891859144788,27.891859144788,826.675592470218,10.8659281138373,25.7783058395469,3.11830977887201,4.43272237467255
population,1,4,51,38.5658487212156,27.372543779442,27.372543779442,796.910600480545,6.8291991852058,31.7366495360098,3.98246045627606,4.83941971633456
population,1,4,52,38.7577162063709,29.0458809320425,29.0458809320425,835.29526218605,2.51531685855549,36.2423993478154,4.33887284993877,4.64000192039138
population,1,4,53,25.4730914509554,11.4369814342393,11.4369814342393,311.735263894374,7.72279077333517,17.7503006776203,5.69403039485281,8.17138591660473
population,1,4,54,38.5185964760532,26.9502743081316,26.9502743081316,773.652085111942,7.0178225425145,31.5007739335387,4.07169767130929,4.97880083532378
population,1,4,55,24.5267607945872,14.8128402144017,14.8128402144017,452.956373519096,22.7506577730172,1.77610302157005,0.392113484963507,5.41481745891654
population,1,4,56,32.5133328734308,20.2569280548954,20.2569280548954,604.463704980804,15.7485085432147,16.7648243302161,2.77350388320644,5.3788726445475
population,1,4,57,28.8741467762114,16.6301673987512,16.6301673987512,526.258115764615,31.1658541716756,-2.29170739546424,-0.435472124194143,5.48668911913297
population,1,4,58,29.3162748878802,15.8545269448394,15.8545269448394,437.651779630246,1.30284708266163,28.0134278052186,6.40084859905882,6.69853894176972
population,1,4,59,35.4405021057375,22.7680440615642,22.7680440615642,688.210932876353,21.7638771198929,13.6766249858446,1.98727226385138,5.14965694567146
population,1,4,60,29.4079273798317,17.9916843452423,17.9916843452423,605.646882225921,72.769262907906,-43.3613355280743,-7.15950775949004,4.85562268095056
population,1,4,61,40.3316881099275,30.398731444701,30.398731444701,819.387948506627,0,40.3316881099275,4.9221724805001,4.9221724805001
population,1,4,62,18.7620969340397,11.212083181463,11.212083181463,320.618861093565,4.94842312701662,13.8136738070231,4.30844079475159,5.85183818258416
population,1,4,63,40.1019364211053,26.7398456041772,26.7398456041772,755.136286924144,3.07255041023398,37.0293860108714,4.90366926501455,5.31055613609173
population,1,4,64,30.0553412645625,22.7707060218948,22.7707060218948,761.381093879733,85.6244196093682,-55.5690783448057,-7.29845786709059,3.94747669808964
population,1,4,65,24.5817336863422,11.3287819626274,11.3287819626274,306.632729537092,1.70722507841533,22.8745086079269,7.45990444087929,8.01666988499631
population,1,4,66,37.4646518961899,28.6773523775286,28.6773523775286,879.523201009591,30.8386996509099,6.62595224528005,0.753357300600397,4.25965475989546
population,1,4,67,46.6911793774287,32.0307329414625,32.0307329414625,952.259318337563,57.6750894529075,-10.9839100754788,-1.15345787265745,4.90320005048009
population,1,4,68,15.5212556538952,6.1311125666679,6.1311125666679,274.36722923431,90.4338522342736,-74.9125965803784,-27.3037697648661,5.65710988779932
population,1,4,69,34.5181166000962,24.0749082728157,24.0749082728157,713.534447525508,15.6667695612574,18.8513470388389,2.64196733657557,4.83762440899705
population,1,4,70,29.8502658539929,17.8724005409072,17.8724005409072,539.21011162513,12.103101348437,17.7471645055559,3.29132635366713,5.53592471847884
population,1,4,71,36.4914884579444,22.4486457771875,22.4486457771875,611.015851170146,0.642047076010393,35.849441381934,5.86718680264667,5.97226543109482
population,1,4,72,38.0249486595634,27.6639028879712,27.6639028879712,821.627971743559,19.6747529222626,18.3501957373008,2.2333947197976,4.62800074574767
population,1,4,73,23.4798411772879,11.3020238603101,11.3020238603101,390.906462527744,54.3905072093638,-30.9106660320759,-7.90743285035407,6.00651138521953
population,1,4,74,44.2483510221497,39.1194922685645,39.1194922685645,1086.73141869572,0,44.2483510221497,4.07169152017857,4.07169152017857
population,1,4,75,36.2651565432978,24.9998823988613,24.9998823988613,718.709119330984,13.5554274552492,22.7097290880485,3.15979420286027,5.04587399378701
population,1,4,76,34.0569641410514,22.2432613452761,22.2432613452761,690.148149588383,35.2521226584604,-1.19515851740905,-0.173174197180977,4.93473237034158
population,1,4,77,27.164206868028,14.5152784974631,14.5152784974631,448.498438533295,23.1759068706414,3.98829999738657,0.889256161165096,6.05670043286259
population,1,4,78,27.2445640918847,15.4973479833299,15.4973479833299,493.419662391589,32.568462993524,-5.32389890163926,-1.07897988414862,5.52158054663472
population,1,4,79,32.2827775273258,21.9067266207216,21.9067266207216,553.341423576547,0,32.2827775273258,5.83415160185635,5.83415160185635
population,1,4,80,36.2278193991744,25.9026348106356,25.9026348106356,771.190173334728,14.7712854225931,21.4565339765813,2.78226236776338,4.69765054740267
population,1,4,81,19.3282526957008,10.6833899873907,10.6833899873907,328.183564872525,15.4383457087254,3.88990698697542,1.18528390917027,5.88946393558996
population,1,4,82,31.471217865972,19.6322639724775,19.6322639724775,607.630310914533,29.5231691233753,1.94804874259662,0.320597690339813,5.17933639923348
population,1,4,83,41.0967240012817,30.3280284317961,30.3280284317961,731.643702665795,0,41.0967240012817,5.61704062394618,5.61704062394618
population,1,4,84,40.1580444260781,27.2447893600441,27.2447893600441,743.795249200341,0.782083775726484,39.3759606503516,5.29392473166304,5.39907245565931
population,1,4,85,41.5861817024221,31.7844203156664,31.7844203156664,943.238216590585,20.7708712428862,20.815310459536,2.20679252530444,4.4088737045387
population,1,4,86,36.2766850843257,31.9425888159177,31.9425888159177,1020.55474107819,68.6746599081871,-32.3979748238613,-3.17454552115781,3.55460453262903
population,1,4,87,32.2621827696426,21.9118974066087,21.9118974066087,540.559765957983,0,32.2621827696426,5.96829153802583,5.96829153802583
population,1,4,88,30.6382343597616,19.5474466742731,19.5474466742731,541.302662627644,0,30.6382343597616,5.66009304499529,5.66009304499529
population,1,4,89,33.5335578432613,21.5369782943696,21.5369782943696,660.65861351054,19.6533598472963,13.8801979959651,2.10096375224866,5.07577698337635
population,1,4,90,27.832360821903,14.8239268545389,14.8239268545389,439.336538631883,11.365326829094,16.467033992809,3.74815945063167,6.33508902049768
population,1,4,91,36.1932996729836,41.626439910938,41.626439910938,1340.47738597463,98.240248075375,-62.0469484023915,-4.62872026425711,2.70003060489293
population,1,4,92,32.3737357329303,18.6656695006617,18.6656695006617,486.066065965116,0,32.3737357329303,6.6603570995334,6.6603570995334
population,1,4,93,38.856475495233,26.3041956346633,26.3041956346633,721.951836427019,0.492112947738718,38.3643625474943,5.31397810931014,5.38214234449987
population,1,4,94,34.1683971963143,22.9325089593687,22.9325089593687,697.5003099201,23.428039956671,10.7403572396433,1.53983547919479,4.89869276190405
population,1,4,95,35.8627542465694,26.586968832491,26.586968832491,821.02885867041,29.3656094562993,6.49714479027011,0.791341829420188,4.36802602829896
population,1,4,96,34.0807361192962,23.781851874389,23.781851874389,708.542408720465,18.2226913244414,15.8580447948548,2.23812217866992,4.8099783019116
population,1,4,97,26.5128706541123,20.6805042321413,20.6805042321413,629.354906953131,24.7161810173693,1.796689636743,0.285481151714736,4.21270579782526
population,1,4,98,33.6590961416947,30.6252688025345,30.6252688025345,1006.68634847569,88.11933607051,-54.4602399288153,-5.40985183828886,3.3435534506513
population,1,4,99,22.7801721454001,12.7277509946858,12.7277509946858,604.130717022497,222.298187181923,-199.518015036523,-33.0256365741279,3.77073562120362
population,1,4,100,35.8429218497327,26.5937165758781,26.5937165758781,819.032183502964,32.4492165776294,3.39370527210323,0.414355545540164,4.3762531646112
population,1,6,1,31.5673507232026,16.5150617486333,16.5150617486333,576.827354163434,85.9992161119178,-54.4318653887152,-9.4364223533846,5.47258213317299
population,1,6,2,29.2629312775576,18.7921560355854,18.7921560355854,560.983875650136,23.8639560482147,5.39897522934289,0.962411838145242,5.21635871327748
population,1,6,3,36.1213789705247,25.8177795093387,25.8177795093387,717.924645109529,0.00696667083354896,36.1144122996911,5.03039038229164,5.03136077255209
population,1,6,4,34.2995969080687,20.2044936459545,20.2044936459545,529.289689087147,0,34.2995969080687,6.4803070256714,6.4803070256714
population,1,6,5,27.2541383934888,15.2251111630342,15.2251111630342,461.73753192066,17.8499371920926,9.40420120139622,2.03669845989737,5.90251744971251
population,1,6,6,33.2218820744826,21.3022492776766,21.3022492776766,619.546409495866,7.47788899058823,25.7439930838944,4.15529695424151,5.36229111577222
population,1,6,7,30.1348846436667,16.6921805868745,16.6921805868745,444.164150743669,0,30.1348846436667,6.78462784383016,6.78462784383016
population,1,6,8,38.6273580660954,23.2459074995764,23.2459074995764,642.883156341895,3.13678942245266,35.4905686436427,5.52053173170528,6.00845700887407
population,1,6,9,32.506515995918,19.6063052325432,19.6063052325432,597.948950719334,25.4501635045067,7.05635249141129,1.18009279603593,5.43633632215804
population,1,6,10,30.0745976013497,17.3985323242402,17.3985323242402,488.782161228373,7.76715544103764,22.307442160312,4.56388222193923,6.15296546947792
population,1,6,11,24.9225209595251,12.1527793581579,12.1527793581579,333.227515593984,2.20249373523178,22.7200272242933,6.81817261812683,7.47913056192262
population,1,6,12,14.0085415775656,7.04450356402778,7.04450356402778,215.623482022718,10.5755039872412,3.43303759032436,1.59214458375302,6.49676067103379
population,1,6,13,37.3818448230187,22.8262499781268,22.8262499781268,602.633049742977,0,37.3818448230187,6.20308574827785,6.20308574827785
population,1,6,14,37.3182736603792,24.1349628019575,24.1349628019575,708.0314770775,20.5532944539232,16.764979206456,2.3678296444751,5.27070827619354
population,1,6,15,38.7498723851818,23.3800577160143,23.3800577160143,642.111705635888,6.10253337430415,32.6473390108776,5.08437063587662,6.03475564221454
population,1,6,16,35.7786295969374,23.8577313720677,23.8577313720677,632.997467149637,0,35.7786295969374,5.65225478042546,5.65225478042546
population,1,6,17,37.1573159614675,28.6606869681945,28.6606869681945,801.601148058501,2.93291940676503,34.2243965547024,4.26950443341989,4.63538706892617
population,1,6,18,27.1393753332001,14.9109067595263,14.9109067595263,396.213765613175,1.0888720650647,26.0505032681354,6.57486072646164,6.84968006883849
population,1,6,19,29.890239179251,17.5378184569287,17.5378184569287,533.178715250157,17.8194042282168,12.0708349510342,2.26393788907548,5.60604508850791
population,1,6,20,37.1359410006052,27.4925437917295,27.4925437917295,787.896599412833,4.99789560838031,32.1380453922249,4.07896739447477,4.71330134287674
population,1,6,21,35.7991622861182,26.8835155391242,26.8835155391242,833.595173678211,33.3647309380315,2.43443134808664,0.292040000345107,4.29455009056201
population,1,6,22,21.6885609336002,10.0557635319114,10.0557635319114,274.783286388914,0.0191016502291923,21.669459283371,7.88601794823183,7.89296948101252
population,1,6,23,32.4723034269839,23.8688905134304,23.8688905134304,816.193521068527,100.126805665616,-67.6545022386326,-8.289027110882,3.97850541431308
population,1,6,24,36.727922297301,26.2607101935984,26.2607101935984,822.617298865365,39.6845608767122,-2.95663857941117,-0.359418478494101,4.46476415557511
population,1,6,25,32.7504967894842,20.8191231074891,20.8191231074891,565.264077746732,0.518805686040743,32.2316911034435,5.70205897957042,5.79384009683314
population,1,6,26,37.7563534882033,26.6995839671585,26.6995839671585,812.802536417399,25.313704441751,12.4426490464523,1.53083295006632,4.64520615974237
population,1,6,27,43.5022250184327,29.9306362511399,29.9306362511399,848.549589387629,3.93701243870571,39.5652125797269,4.66268713986178,5.1266567755724
population,1,6,28,37.6925886512851,26.7236851977635,26.7236851977635,812.943770798209,26.3032052548217,11.3893833964634,1.40100506401327,4.63655544273077
population,1,6,29,40.678032870572,27.1104689384302,27.1104689384302,753.277741357446,5.23368580571172,35.4443470648603,4.70534905239437,5.40013737791695
population,1,6,30,15.4538871725823,6.69606764711822,6.69606764711822,191.693855412312,4.03976707118256,11.4141201013998,5.95434844630218,8.06175406057889
population,1,6,31,37.4440729656431,24.2207944686912,24.2207944686912,721.995244165521,14.1306825286627,23.3133904369804,3.22902271522936,5.18619385213829
population,1,6,32,20.5846607664296,9.94814630824303,9.94814630824303,285.091955627126,4.06724906339856,16.5174117030311,5.7937137043019,7.2203583300514
population,1,6,33,17.2468509583593,8.21399239191527,8.21399239191527,232.441386142557,2.44250999250113,14.8043409658582,6.36906413764828,7.41987098105745
population,1,6,34,12.0449187952034,5.34265240685153,5.34265240685153,152.53210733025,2.09382598147838,9.95109281372502,6.52393321504416,7.89664484810709
population,1,6,35,39.8206408152847,36.9541157324909,36.9541157324909,1116.09581600066,25.2572725075685,14.5633683077162,1.30484928793135,3.56785145544
population,1,6,36,37.9936111168013,27.5025645282737,27.5025645282737,785.510331871123,4.79171275779412,33.2018983590072,4.22679333573101,4.83680603236608
population,1,6,37,44.6343888168296,34.908699982858,34.908699982858,1021.35992953065,15.6440744466759,28.9903143701537,2.83840334165799,4.37009398218124
population,1,6,38,31.4402281912831,17.9520541957168,17.9520541957168,509.040739830333,6.55886280037332,24.8813653909098,4.88789274493097,6.17636777004575
population,1,6,39,14.2151752722619,7.23456773283141,7.23456773283141,213.127137160575,6.4280384836354,7.78713678862645,3.6537518836747,6.66981007751811
population,1,6,40,38.0258366677709,27.9542802564995,27.9542802564995,833.755811084975,31.65387801825,6.37195864952089,0.764247584820908,4.56078820227801
population,1,6,41,33.4404357549002,22.1363485608617,22.1363485608617,661.136798459772,15.2341524232423,18.206283331658,2.75378459859934,5.05802064456332
population,1,6,42,35.7274231375239,22.142142512377,22.142142512377,599.320194579663,0,35.7274231375239,5.96132475772514,5.96132475772514
population,1,6,43,26.9948534242446,15.1218338319055,15.1218338319055,483.070435822401,34.224156599153,-7.22930317490838,-1.49653190069496,5.58818164441948
population,1,6,44,32.6849869126368,27.1634272901505,27.1634272901505,890.680042798494,76.7077664289736,-44.0227795163368,-4.94260311233856,3.66966647304024
population,1,6,45,34.0502083326126,27.1469316795436,27.1469316795436,806.28613358734,7.40071803884554,26.649490293767,3.30521500787788,4.22309238794867
population,1,6,46,44.0158646860361,33.2126030956412,33.2126030956412,854.72253023156,0,44.0158646860361,5.14972556931562,5.14972556931562
population,1,6,47,29.2860692976117,19.2193551346983,19.2193551346983,633.573012593107,57.1191692632023,-27.8330999655906,-4.39303748934546,4.6223669120231
population,1,6,48,37.6736935124544,25.9804653186506,25.9804653186506,691.807809633369,2.18029078754953,35.4934027249049,5.13052935087781,5.44568780344067
population,1,6,49,33.4100244042811,22.2774668446924,22.2774668446924,666.89830409859,16.8269014247066,16.5831229795745,2.48660446092887,5.00976298769264
population,1,6,50,34.6395458590328,22.1706372335212,22.1706372335212,669.366071566552,17.2721896761217,17.3673561829111,2.594597623131,5.17497783805565
population,1,6,51,42.1168732110619,33.4535080286022,33.4535080286022,995.098111241073,25.148725045099,16.9681481659629,1.70517338685333,4.23243424294458
population,1,6,52,34.4928166628218,23.5875487526746,23.5875487526746,692.015438419852,8.04584336257621,26.4469733002456,3.82173168862166,4.98439987720255
population,1,6,53,33.0105449412476,23.9035626233086,23.9035626233086,817.956058802467,102.905401432458,-69.8948564912103,-8.5450625053796,4.03573573250095
population,1,6,54,42.089724940771,33.0353705750807,33.0353705750807,1005.8152541589,39.8323894313149,2.25733550945608,0.224428442511915,4.18463776192854
population,1,6,55,31.5144099510131,17.7228541727597,17.7228541727597,510.088630933365,6.84920193182538,24.6652080191878,4.83547495933308,6.17822237938293
population,1,6,56,30.2191550905712,17.9894119642132,17.9894119642132,492.672904583958,2.15853342461828,28.0606216659529,5.6955885750707,6.13371565787447
population,1,6,57,24.6396842709513,14.6857778270292,14.6857778270292,461.942734284638,32.9078717577663,-8.26818748681503,-1.78987282906811,5.33392614327144
population,1,6,58,36.1757546461467,26.0566649043252,26.0566649043252,717.586681075656,1.75017858991252,34.4255760562342,4.79741011979634,5.04130798413365
population,1,6,59,37.3788265885208,27.8927671078446,27.8927671078446,843.294238632205,22.7217481353185,14.6570784532023,1.73807406498775,4.43247740541284
population,1,6,60,38.1753364089505,25.5343236344024,25.5343236344024,691.313112751881,0,38.1753364089505,5.52214845990517,5.52214845990517
population,1,6,61,37.4616942540483,25.8982970913526,25.8982970913526,698.231524577211,0.576767004412648,36.8849272496356,5.28262130128971,5.36522527778044
population,1,6,62,26.3062629906978,18.2170118479144,18.2170118479144,526.666215258487,8.46374783301898,17.8425151576788,3.38782223745295,4.9948643426438
population,1,6,63,36.2958988761286,24.3068523137067,24.3068523137067,721.477276159013,20.3092123474235,15.9866865287052,2.21582675670879,5.03077506049256
population,1,6,64,41.4242775059264,30.5789901485094,30.5789901485094,822.26468281563,0.545716477989004,40.8785610279374,4.97146014929882,5.03782764499623
population,1,6,65,38.8839989470779,26.5362638795087,26.5362638795087,778.666807470328,3.22680436901251,35.6571945780654,4.57926217426754,4.99366334535322
population,1,6,66,31.9569845027622,22.4506082211729,22.4506082211729,554.177986120718,0,31.9569845027622,5.7665561070845,5.7665561070845
population,1,6,67,36.074554993384,25.5429539714087,25.5429539714087,753.407508567974,21.3971427430819,14.6774122503021,1.94813724092025,4.78818628473083
population,1,6,68,38.0439578594938,25.8617899632602,25.8617899632602,787.726615747041,22.2689998255037,15.7749580339902,2.00259299592537,4.82958898416995
population,1,6,69,32.1959635862726,18.7372566384439,18.7372566384439,751.526939629835,189.409240476519,-157.213276890246,-20.9191804844257,4.28407311681078
population,1,6,70,32.514311255321,20.5063288698954,20.5063288698954,587.330156193118,3.06290177252879,29.4514094827922,5.01445552765187,5.53595127246115
population,1,6,71,36.2234372639964,24.1421126696073,24.1421126696073,738.245678803289,29.204137642799,7.01929962119742,0.950808087705416,4.90669140423758
population,1,6,72,44.7879349561234,42.0419460016346,42.0419460016346,1254.25307860122,13.547540234716,31.2403947214074,2.49075686991717,3.57088499284948
population,1,6,73,35.7444819508326,23.8818487435463,23.8818487435463,628.39228911822,0,35.7444819508326,5.68824324706313,5.68824324706313
population,1,6,74,37.9670937351722,24.8846605094565,24.8846605094565,665.585632112602,0.325158944365178,37.641934790807,5.65546084150429,5.70431390092703
population,1,6,75,38.8842646750839,24.1564394195087,24.1564394195087,615.490722859658,0,38.8842646750839,6.31760369911379,6.31760369911379
population,1,6,76,39.6717920388447,28.5824367101388,28.5824367101388,1026.44722440553,168.974123101366,-129.302331062521,-12.5970754256174,3.86496169462787
population,1,6,77,33.937731968676,19.2178144219228,19.2178144219228,493.240208353965,0,33.937731968676,6.88056881695281,6.88056881695281
population,1,6,78,32.5340895360717,20.3360577940082,20.3360577940082,592.585778985099,5.30359154270717,27.2304979933645,4.59519937181099,5.49019073522009
population,1,6,79,32.7841615992228,22.4407063680264,22.4407063680264,698.828403891914,31.8816515044283,0.902510094794557,0.12914616660804,4.69130353269005
population,1,6,80,42.3905091197913,31.2961941552817,31.2961941552817,1029.96691229301,94.1144074753339,-51.7238983555426,-5.02189902784257,4.11571562288518
population,1,6,81,21.4448612133169,10.8730010460648,10.8730010460648,377.908561643542,51.7688474617061,-30.3239862483892,-8.02415963176613,5.67461639928246
population,1,6,82,38.3302414752789,24.0308337643618,24.0308337643618,729.123784305508,28.1375625138995,10.1926789613794,1.39793532741329,5.25702799721292
population,1,6,83,49.2105784124565,38.7905148037354,38.7905148037354,1036.14810500029,2.52325986592857,46.6873185465279,4.50585377912889,4.74937686755146
population,1,6,84,29.9127735485297,17.7003880510415,17.7003880510415,522.972969175318,8.86344185155937,21.0493316969704,4.02493683950116,5.71975519034943
population,1,6,85,32.5319372740966,20.2022987466561,20.2022987466561,594.456047515907,8.16071565290638,24.3712216211902,4.09975165077921,5.47255552534792
population,1,6,86,35.0189548857204,22.4065477631307,22.4065477631307,660.031091055975,16.3735520618119,18.6454028239085,2.82492795817815,5.30565231854367
population,1,6,87,44.0026726199783,30.4389918786389,30.4389918786389,859.395957354926,4.6108830588833,39.391789561095,4.58366009567188,5.12018613112995
population,1,6,88,32.9200819373884,19.4571307777442,19.4571307777442,561.238722203261,3.37545493636594,29.5446270010225,5.26418185919867,5.86561130496373
population,1,6,89,25.1913732119139,19.3601314845824,19.3601314845824,650.896664372817,72.2289917866259,-47.037618574712,-7.22658774415996,3.87025692260806
population,1,6,90,37.9749051876021,28.200743906513,28.200743906513,855.797612508427,27.520526592519,10.4543785950832,1.22159473715291,4.43736984452363
population,1,6,91,27.163023601613,14.657406491287,14.657406491287,407.148272503604,5.17858358455833,21.9844400170546,5.39961520206624,6.67153109470028
population,1,6,92,33.8113966469158,28.3347126698934,28.3347126698934,785.789959209232,1.88218349034172,31.9292131565741,4.06332669212337,4.30285424885569
population,1,6,93,20.405622294889,9.82221388327009,9.82221388327009,289.409695376465,5.60243017865135,14.8031921162377,5.1149606777968,7.05077356456402
population,1,6,94,27.9504928423722,16.7989278834903,16.7989278834903,684.203123125968,180.235286621258,-152.284793778886,-22.2572491460038,4.0851162319565
population,1,6,95,32.0923241704721,21.0576436170465,21.0576436170465,690.079336682198,64.1450133073976,-32.0526891369256,-4.64478320580215,4.65052675316542
population,1,6,96,15.4240635957877,7.98265941506179,7.98265941506179,244.585581139945,16.2854129203625,-0.861349324574857,-0.352166845061082,6.30620313916318
population,1,6,97,21.1891259988492,12.1034878649226,12.1034878649226,393.193069499204,36.4539154193384,-15.2647894204892,-3.88226309276798,5.38898766090588
population,1,6,98,25.819483962915,13.3003694188827,13.3003694188827,386.481915648431,6.38911268269121,19.4303712802238,5.02749818128591,6.68064479022146
population,1,6,99,29.0931594249421,15.6183667344432,15.6183667344432,435.177154385322,0.467714877738017,28.6254445472041,6.57788311236992,6.68536000379789
population,1,6,100,26.4197970326769,20.3113358990702,20.3113358990702,621.435546795237,25.4698535839329,0.949943448743912,0.152862747173508,4.25141387050106
population,1,8,1,22.2644823477404,12.4333899575593,12.4333899575593,378.296023189149,10.8786750864659,11.3858072612745,3.00976128833942,5.88546560972123
population,1,8,2,36.761966471001,22.619612025796,22.619612025796,710.916443982627,43.8661703505634,-7.10420387956243,-0.999302230197962,5.17106711796631
population,1,8,3,25.2069088833158,14.8476606947839,14.8476606947839,550.494902219591,105.065081376076,-79.8581724927599,-14.5066143520625,4.57895409779124
population,1,8,4,33.2740689122729,19.8076156117088,19.8076156117088,542.339879541782,0.838888744254636,32.4351801680183,5.98060024562872,6.13527976965034
population,1,8,5,17.3722959342584,8.38061746587014,8.38061746587014,241.226816047201,3.37609925970048,13.9961966745579,5.80208987703062,7.20164375541862
population,1,8,6,60.7974522913653,59.0562609849363,59.0562609849363,1501.05729099508,0,60.7974522913653,4.05030858289637,4.05030858289637
population,1,8,7,34.093515476073,19.3664858751954,19.3664858751954,503.875125724654,0,34.093515476073,6.76626285670305,6.76626285670305
population,1,8,8,34.3448303914244,22.3095201598422,22.3095201598422,687.693749589609,27.8962521778367,6.4485782135877,0.937710749506737,4.99420423872111
population,1,8,9,36.1134277326981,23.8177539552224,23.8177539552224,665.908354249131,0.140957677884604,35.9724700548135,5.4020151309523,5.42318286026297
population,1,8,10,34.3431348239563,22.5167440480781,22.5167440480781,709.301741978135,42.5018631772112,-8.15872835325493,-1.15024789457044,4.84182299174656
population,1,8,11,25.7058488877415,13.1797582039769,13.1797582039769,379.700833695934,5.6374608730634,20.0683880146781,5.28531576276414,6.77002698085378
population,1,8,12,15.3286561820574,7.61484776492408,7.61484776492408,230.060138690045,10.0935540145642,5.2351021674932,2.2755363868342,6.66289095944143
population,1,8,13,34.2927413217692,22.4568436540459,22.4568436540459,697.239627341507,29.2786067240621,5.01413459770713,0.719140794797542,4.91835804750849
population,1,8,14,24.9312489092646,14.2881150672742,14.2881150672742,459.216369698342,42.491493478781,-17.5602445695165,-3.82395875413844,5.42908540600193
population,1,8,15,39.0357277434247,35.3215949832114,35.3215949832114,1031.89308670464,12.5617242105716,26.4740035328531,2.56557620881036,3.78292366199347
population,1,8,16,33.3906237240398,23.0401047748437,23.0401047748437,760.431811991875,69.4321378607116,-36.0415141366717,-4.73961156915104,4.39100826628708
population,1,8,17,36.1544708412114,24.6013048452123,24.6013048452123,669.869127566114,3.6696218492209,32.4848489919905,4.84943217341874,5.39724393219526
population,1,8,18,34.0626142693766,23.4023747090261,23.4023747090261,670.575595183962,8.71255497194966,25.350059297427,3.78034325726879,5.07960840120227
population,1,8,19,39.4343532761598,27.0336100004383,27.0336100004383,1062.43224753174,251.423947518592,-211.989594242433,-19.9532341695134,3.71170522805329
population,1,8,20,22.2884618858992,12.6391061876299,12.6391061876299,379.541919873365,16.4874211834398,5.80104070245938,1.52843214377872,5.87246380935624
population,1,8,21,34.3509590685755,22.4552157558704,22.4552157558704,697.455740500349,33.0394619026872,1.31149716588832,0.188040199503909,4.92518120847817
population,1,8,22,29.802090113993,16.3969836409879,16.3969836409879,426.566862058347,0,29.802090113993,6.98649913173906,6.98649913173906
population,1,8,23,39.1271304138338,24.2527254811346,24.2527254811346,617.625802123675,0,39.1271304138338,6.33508675953905,6.33508675953905
population,1,8,24,33.0544847771674,24.6760481194006,24.6760481194006,814.545290760466,81.2112985613209,-48.1568137841535,-5.91211002388755,4.05802908102354
population,1,8,25,33.3142264591681,19.9819769244204,19.9819769244204,552.836439630185,3.03650167480513,30.2777247843629,5.47679613967143,6.02605473717567
population,1,8,26,32.1519077445697,22.1667002303998,22.1667002303998,644.770073943036,7.20693167138691,24.9449760731828,3.86881728561531,4.98656948328068
population,1,8,27,35.8977174302264,21.8556283040232,21.8556283040232,585.264678655379,3.98579063237081,31.9119267978556,5.45256325243681,6.13358686068326
population,1,8,28,29.8616464832772,16.2682272122983,16.2682272122983,457.265251040708,4.17045129276202,25.6911951905151,5.61844468435849,6.53048671757013
population,1,8,29,32.7537552776267,21.5406786471934,21.5406786471934,646.066081345907,22.686983455727,10.0667718218997,1.55816442196258,5.06972215742899
population,1,8,30,39.0005945662821,24.0385273043304,24.0385273043304,613.829315467379,0,39.0005945662821,6.35365460455183,6.35365460455183
population,1,8,31,43.2700277448126,35.8861481963587,35.8861481963587,998.747250621847,1.09447477562454,42.175552969188,4.2228454639478,4.33243022374995
population,1,8,32,34.5704450171308,27.1503991905877,27.1503991905877,857.744618703714,53.1647972614885,-18.5943522443578,-2.16781916655553,4.03038902993949
population,1,8,33,43.5290859179064,48.9946702733944,48.9946702733944,1412.48951242352,6.35992496259162,37.1691609553148,2.63146456156978,3.08172807904393
population,1,8,34,34.5120331043523,27.3061729575132,27.3061729575132,856.796787467703,47.9213411704754,-13.4093080661231,-1.56505116058556,4.02803017111607
population,1,8,35,39.8356334206536,38.4717964466777,38.4717964466777,1180.94811682703,45.3899980578172,-5.55436463716365,-0.470330961878928,3.37319081617945
population,1,8,36,31.4170911676701,18.0135245296954,18.0135245296954,467.25806753246,0,31.4170911676701,6.72371294380862,6.72371294380862
population,1,8,37,21.7496741862917,11.407504641461,11.407504641461,315.726560772104,5.2181791877178,16.5314949985739,5.23601655753839,6.88876923534821
population,1,8,38,31.1335195886629,19.3388622572562,19.3388622572562,543.405784561496,0.476011961929508,30.6575076267334,5.64173376466218,5.7293316473961
population,1,8,39,24.714597252184,10.83167869172,10.83167869172,291.772664804082,3.34246193733213,21.3721353148519,7.32492720975171,8.47049783391437
population,1,8,40,39.0314633399575,35.0907040596831,35.0907040596831,1020.40139703613,6.10382702965486,32.9276363103026,3.22692975587298,3.82510877124714
population,1,8,41,25.7523762334396,12.5538273481604,12.5538273481604,337.516211039877,0,25.7523762334396,7.62996721078887,7.62996721078887
population,1,8,42,39.0036114828197,24.1359458560945,24.1359458560945,606.240492875981,0,39.0036114828197,6.43368629135744,6.43368629135744
population,1,8,43,44.7549163221992,33.0264238809828,33.0264238809828,892.717831279699,0,44.7549163221992,5.0133328532313,5.0133328532313
population,1,8,44,33.509802035869,22.1676198097427,22.1676198097427,653.293080979745,10.1958754179257,23.3139266179433,3.56867802472044,5.12936735616643
population,1,8,45,24.8380187806681,14.0254120264074,14.0254120264074,448.976203941718,33.5187960541017,-8.68077727343363,-1.93346043670513,5.53214592724659
population,1,8,46,36.3092572454415,22.9336344703935,22.9336344703935,866.228296375361,178.219262263557,-141.910005018115,-16.3825178202932,4.19164986844389
population,1,8,47,36.134489987624,26.1993283818353,26.1993283818353,712.838703055734,0,36.134489987624,5.06909765599509,5.06909765599509
population,1,8,48,40.8287178557611,42.1645593206475,42.1645593206475,1386.32733843265,121.629432458709,-80.8007146029481,-5.82840086629898,2.94509938049127
population,1,8,49,29.8374059345438,17.2167234171572,17.2167234171572,482.474186493305,3.91444024831587,25.9229656862279,5.37292282404577,6.18424918261567
population,1,8,50,21.4798430241918,11.0971371982657,11.0971371982657,361.545811713785,32.9279331276732,-11.4480901034814,-3.16642863299,5.94111239247218
population,1,8,51,32.7225482710953,21.4767522897741,21.4767522897741,610.147587076148,10.6715266809052,22.0510215901901,3.61404716781058,5.36305460583775
population,1,8,52,32.5795383311667,20.7046330164981,20.7046330164981,599.134213767035,10.4009155612126,22.1786227699541,3.70177871006678,5.4377696320035
population,1,8,53,29.7966861622292,17.0068539862097,17.0068539862097,500.614809851716,14.900638912257,14.8960472499722,2.97555065428137,5.95201851320681
population,1,8,54,30.0352589261587,19.4030095801206,19.4030095801206,551.312809483921,14.6692553890209,15.3660035371378,2.78716606485559,5.44795230756102
population,1,8,55,30.3320727386563,19.0043707317634,19.0043707317634,522.42304200398,2.73303088966116,27.5990418489951,5.28289137920238,5.80603654507743
population,1,8,56,21.6141856035057,11.1454781914813,11.1454781914813,304.49044846192,0.621501396425568,20.9926842070801,6.8943654269357,7.09847737841561
population,1,8,57,60.8341421523931,58.9934794870531,58.9934794870531,1622.93664793365,2.06799418755041,58.7661479648427,3.62097608921856,3.74839906596774
population,1,8,58,21.5261050988141,11.0210423901709,11.0210423901709,314.535131759794,6.56899061482781,14.9571144839862,4.75530806377737,6.84378402449913
population,1,8,59,30.1283761717898,19.6657324765721,19.6657324765721,566.834473546363,14.1515264026596,15.9768497691301,2.81860940270129,5.31519827707259
population,1,8,60,15.2317176565353,7.26394700118423,7.26394700118423,228.186545990464,16.3590293223493,-1.12731166581396,-0.494030733021864,6.67511644493356
population,1,8,61,30.4159128592377,18.2030280554226,18.2030280554226,490.216137229673,0.302110902618061,30.1138019566197,6.1429642293703,6.20459233168562
population,1,8,62,38.6370493796859,23.8065680590589,23.8065680590589,659.434818904788,4.93458494339361,33.7024644362923,5.11081057143244,5.85911575671052
population,1,8,63,38.6850689307833,23.6922309598552,23.6922309598552,653.323165185325,1.4033571864273,37.281711744356,5.70647326331686,5.92127617575135
population,1,8,64,49.7982022940624,46.9892338314658,46.9892338314658,1336.88931910916,9.19347771147601,40.6047245825863,3.03725401962546,3.72493082129234
population,1,8,65,38.0728100637001,25.0920263850175,25.0920263850175,686.061262838312,1.07201050916969,37.0007995545304,5.39322092045454,5.54947671964289
population,1,8,66,39.4530823464592,27.2315587705794,27.2315587705794,745.95894279053,0.404202090082855,39.0488802563764,5.23472245138584,5.28890801937043
population,1,8,67,37.9676906718498,27.6047714393826,27.6047714393826,800.582906411204,16.8109234434223,21.1567672284275,2.64267036667914,4.7425057876952
population,1,8,68,31.402383845411,17.9225047383748,17.9225047383748,475.612668657842,0,31.402383845411,6.60251206807151,6.60251206807151
population,1,8,69,29.8392744168047,17.9264572151008,17.9264572151008,536.696279844306,12.5450663186471,17.2942080981576,3.2223454396171,5.5598064561694
population,1,8,70,39.0654558604325,24.1123054779896,24.1123054779896,619.530065884815,2.43250101307808,36.6329548473544,5.91302292892518,6.30565940405799
population,1,8,71,38.9572247145772,23.9835790120623,23.9835790120623,608.010330732285,0,38.9572247145772,6.40732940633711,6.40732940633711
population,1,8,72,49.797046949419,46.7428400704376,46.7428400704376,1360.99703263525,3.81583255278166,45.9812143966374,3.37849483092595,3.65886521096956
population,1,8,73,32.7533965876781,21.2402516609434,21.2402516609434,614.937597398746,16.3997536981566,16.3536428895215,2.65939876805374,5.32629598941887
population,1,8,74,39.5040813629976,34.3025695840473,34.3025695840473,1003.4392200558,10.7457943568642,28.7582870061334,2.86597199225822,3.93686837961157
population,1,8,75,21.5030616587071,12.1608909746568,12.1608909746568,624.994611156499,260.167881916794,-238.664820258087,-38.1867004927384,3.44051953006723
population,1,8,76,28.7674554760146,17.3961552685396,17.3961552685396,552.739577616118,42.1764171680182,-13.4089616920037,-2.42590945809136,5.20452246247396
population,1,8,77,35.3989103065843,21.9303194583385,21.9303194583385,634.80680647336,4.49252100017809,30.9063893064062,4.86862916264323,5.57632809629772
population,1,8,78,43.7452490297176,29.7523285982731,29.7523285982731,839.518792120485,3.05597706734759,40.68927196237,4.84673748155127,5.21075280747729
population,1,8,79,43.6109143753267,29.8089444483137,29.8089444483137,853.281728322507,4.3321623703311,39.2787520049956,4.60325713082066,5.11096311192116
population,1,8,80,40.1747782393893,28.5595078411418,28.5595078411418,332.755448298354,0,40.1747782393893,12.0733645218539,12.0733645218539
population,1,8,81,39.602879075122,34.8115445034322,34.8115445034322,967.53070212952,7.33423864067922,32.2686404344427,3.33515415721899,4.09319094349736
population,1,8,82,43.5404159818308,48.7989782194932,48.7989782194932,1520.35894772172,84.427607075382,-40.8871910935512,-2.68931170200439,2.86382475974352
population,1,8,83,37.137682173707,22.3861471577509,22.3861471577509,615.299664391078,1.17314247046836,35.9645397032386,5.84504458308626,6.03570655453872
population,1,8,84,30.1010132664249,19.3468568959169,19.3468568959169,571.901802184759,17.1229793681982,12.9780338982267,2.26927662207891,5.26331848429819
population,1,8,85,36.1973471365712,26.3344802052021,26.3344802052021,723.948492732443,0.362663390538383,35.8346837460328,4.9498941023801,4.99998929481148
population,1,8,86,15.9899112215901,11.1423585605889,11.1423585605889,357.893801834654,27.4648123195404,-11.4749010979502,-3.20623074194831,4.46778098408574
population,1,8,87,30.3733199660694,18.2066416864609,18.2066416864609,499.828470724362,2.84857642955473,27.5247435365146,5.50683787512648,6.07674867381038
population,1,8,88,36.7876648516375,22.6125793814512,22.6125793814512,691.028576168505,25.5947427950811,11.1929220565564,1.61974807447429,5.32360977828318
population,1,8,89,32.408090654853,23.1115426694518,23.1115426694518,690.116904997249,20.4091278132333,11.9989628416197,1.73868554077334,4.6960290959663
population,1,8,90,29.9462070826212,17.9537065203728,17.9537065203728,542.835070073661,13.2761829437257,16.6700241388955,3.07091878508023,5.51663087621763
population,1,8,91,38.5444519279015,23.6590597379804,23.6590597379804,664.80679787922,4.19315999267275,34.3512919352288,5.1671090074307,5.79784262899552
population,1,8,92,33.461793780119,21.7218683424746,21.7218683424746,642.117220240396,13.3838218122221,20.0779719678968,3.12683904667438,5.2111659250614
population,1,8,93,28.2862864787298,17.2471958345282,17.2471958345282,495.091834227646,4.52939905699104,23.7568874217387,4.79848096440532,5.71334134865242
population,1,8,94,33.477027036726,21.7771118718093,21.7771118718093,644.863021216922,13.6944076764984,19.7826193602275,3.06772426226204,5.19133923566456
population,1,8,95,50.2938092219012,41.1413059171399,41.1413059171399,1124.89134287726,0,50.2938092219012,4.47099264656612,4.47099264656612
population,1,8,96,40.7268531216859,42.1619987789844,42.1619987789844,1425.80741459576,160.947451226231,-120.220598104545,-8.43175571075491,2.85640632141281
population,1,8,97,27.40071378224,14.3615123922713,14.3615123922713,394.51608055663,4.84565442528839,22.5550593569516,5.71714575616999,6.94539845969771
population,1,8,98,33.5576247126909,22.0282723802466,22.0282723802466,633.859739294901,10.2539974334796,23.3036272792114,3.67646433975032,5.29417198038482
population,1,8,99,27.6342718615523,16.2479902303153,16.2479902303153,507.8059681461,31.8060197287897,-4.17174786723743,-0.821523993203086,5.44189584112995
population,1,8,100,60.809852644178,58.8402158883133,58.8402158883133,1612.64876125127,2.14674887633662,58.6631037678414,3.6376863441934,3.77080577651609
population,0.9,2,1,76.7879988432766,19.8095009663231,22.0105566292479,659.457612486463,65.1725834967707,11.6154153465059,1.7613588995827,11.644114403919
population,0.9,2,2,193.986029720073,57.9760630833337,64.4178478703707,2035.22109017259,295.939197672585,-101.953167952511,-5.00943943853615,9.53144750006607
population,0.9,2,3,77.3766232173334,19.8344841535278,22.0383157261419,590.782768252058,9.91084208412786,67.4657811332055,11.4197273107365,13.097305367634
population,0.9,2,4,81.5046967991075,21.9222098296836,24.3580109218706,849.678205394564,192.011910504057,-110.507213704949,-13.0057724210583,9.59241937496317
population,0.9,2,5,31.4430424900889,6.99989667074385,7.77766296749316,220.089694972749,13.3389346142426,18.1041078758463,8.22578625413966,14.2864673850278
population,0.9,2,6,77.8092560492905,20.7992032237535,23.1102258041706,674.727330033021,53.0714934024219,24.7377626468686,3.66633476157812,11.5319555894501
population,0.9,2,7,61.460950458697,15.1961244331395,16.8845827034884,485.303579755982,32.819106492235,28.6418439664619,5.90184065422791,12.6644337735156
population,0.9,2,8,120.579468843501,32.7095618039177,36.3439575599086,987.669689188694,28.5345914052181,92.0448774382832,9.31939882795149,12.2084812527303
population,0.9,2,9,59.3764638061334,14.5368752390031,16.1520835988923,474.196460577112,41.7888086363335,17.5876551697998,3.7089385164105,12.5214902983186
population,0.9,2,10,71.8584911430652,18.1450328432073,20.1611476035637,541.652702235874,15.4522947340694,56.4061964089958,10.4137201155202,13.2665249977416
population,0.9,2,11,110.11468420926,30.1272077856774,33.4746753174194,972.306001805736,70.1676054033417,39.9470788059179,4.10848834952469,11.3251058827939
population,0.9,2,12,54.1810965483401,13.4796021560066,14.9773357288962,493.592092977696,89.2040282974976,-35.0229317491575,-7.09552123047079,10.9768971827489
population,0.9,2,13,69.4513766537573,17.8525699363473,19.8361888181637,606.048313770194,70.4712156797751,-1.01983902601783,-0.168276852331041,11.4597095768989
population,0.9,2,14,110.208593523159,29.4816165510071,32.7573517233412,826.337444600877,0.889453826496293,109.319139696662,13.2293581043594,13.3369961924441
population,0.9,2,15,40.8564040680054,9.65479730370071,10.7275525596675,303.066209464454,16.8381972409038,24.0182068271016,7.92506920172459,13.4810159602426
population,0.9,2,16,113.43037021186,31.6456251238332,35.161805693148,983.353276729689,41.0601122963031,72.3702579155564,7.35953798376878,11.5350579385968
population,0.9,2,17,76.8745104953475,19.5210667343579,21.6900741492865,718.243377486556,132.61137545582,-55.7368649604728,-7.76016413204118,10.7031283413102
population,0.9,2,18,61.1260513514645,14.9433481118649,16.6037201242943,481.237943095987,33.4723713401886,27.6536800112758,5.74636318852357,12.7018353869226
population,0.9,2,19,35.1726741212316,8.69752384747404,9.66391538608226,309.288496132862,50.8825097034238,-15.7098355821921,-5.07934688118617,11.3721249128265
population,0.9,2,20,68.3245213113589,16.6411977519327,18.4902197243697,567.768833471208,68.6986987609105,-0.37417744955151,-0.0659031330169843,12.0338626010235
population,0.9,2,21,75.6043188625233,19.4462025847025,21.6068917607805,585.493177488831,12.6770801753164,62.9272386872068,10.7477321865817,12.9129290945436
population,0.9,2,22,74.4805734002209,19.4135583628455,21.5706204031617,655.54373244801,73.674085686226,0.806487713994841,0.123025768392775,11.3616483101877
population,0.9,2,23,109.497112986633,29.7415666782932,33.0461851981035,960.8268072974,69.9131410347067,39.5839719519267,4.11978221790751,11.3961342621804
population,0.9,2,24,71.4795207252564,18.0895512905344,20.0995014339271,586.460593688136,46.0163908120535,25.4631299132028,4.34183135017993,12.1882904826965
population,0.9,2,25,98.3069025387804,26.3041403117333,29.2268225685926,759.395733720482,5.62555352080633,92.6813490179741,12.2046180802075,12.9454114862022
population,0.9,2,26,75.7133534325949,18.5954020454846,20.6615578283163,560.820656326652,11.9339470051042,63.7794064274907,11.3725137810085,13.5004573348838
population,0.9,2,27,79.2925949338951,20.1415158419974,22.3794620466638,687.401299543805,83.470181810766,-4.17758687687096,-0.607736249501336,11.5351243860781
population,0.9,2,28,86.0118407436359,24.2811248545348,26.9790276161498,813.924885882353,85.4911402463088,0.520700497327042,0.0639740234459799,10.5675403511459
population,0.9,2,29,41.5274161764268,9.72767675582924,10.8085297286992,315.695175434064,27.8209224390098,13.706493737417,4.34168615930581,13.1542764691696
population,0.9,2,30,135.176208952908,37.877007867232,42.0855642969245,1138.36988693696,28.3750992919007,106.801109661008,9.38193384123852,11.874541878179
population,0.9,2,31,80.477009489918,21.6449098056439,24.0498997840488,806.307274759688,156.95998059037,-76.4829711004516,-9.48558614000434,9.98093555758918
population,0.9,2,32,65.1966898553689,16.4916658658284,18.3240731842537,555.641873345395,61.3557378571445,3.84095199822439,0.691263956601918,11.7335811037484
population,0.9,2,33,84.3954811985247,21.8789605625163,24.3099561805737,694.487239194546,42.1952748509757,42.200206347549,6.07645525589384,12.1522004200401
population,0.9,2,34,78.4480232775061,19.8690579788323,22.0767310875915,651.308065715851,55.8946200814899,22.5534031960163,3.46278579725983,12.0446878223877
population,0.9,2,35,92.127571386117,23.8660153731682,26.5177948590757,735.30739548099,32.2114980556598,59.9160733304572,8.14843882962228,12.5291234594279
population,0.9,2,36,136.925933696649,40.2095508690212,44.6772787433568,1448.03037960001,241.743853529375,-104.817919832726,-7.23865474850605,9.4560124998532
population,0.9,2,37,69.0774726570288,18.4943134468508,20.5492371631676,701.133393370052,146.303989964527,-77.2265173074985,-11.0145256291821,9.8522582593025
population,0.9,2,38,79.0575816417853,20.4975005100722,22.7750005667469,632.411097334958,25.5640913360659,53.4934903057194,8.45865775144461,12.5009795012993
population,0.9,2,39,62.6761210958647,15.911960615838,17.6799562398201,493.789243461012,20.6708338597927,42.0052872360719,8.50672382850084,12.6928891072155
population,0.9,2,40,56.2736427258014,13.6140696767381,15.1267440852646,452.154370808312,43.7322805061679,12.5413622196335,2.77369036535319,12.4456704079188
population,0.9,2,41,79.3446825088304,20.7850229892707,23.0944699880786,667.335355410812,46.1089963123574,33.235686196473,4.98035746600194,11.8897765367138
population,0.9,2,42,111.315897203054,29.9040953480515,33.2267726089462,1013.95200037864,116.829139937092,-5.51324273403849,-0.543738040063009,10.9784188168163
population,0.9,2,43,91.9370291190761,25.4639876867549,28.2933196519499,784.514156607704,23.0139133488187,68.9231157702574,8.78545214126995,11.7189764320657
population,0.9,2,44,103.957190215849,28.8575365103416,32.0639294559351,910.627258565651,47.7491013798165,56.2080888360325,6.17245841339816,11.4159980648497
population,0.9,2,45,29.2051853344867,6.4976508415471,7.21961204616345,218.22544422899,24.9903920715316,4.21479326295514,1.93139405803315,13.3830339709795
population,0.9,2,46,185.277906421315,54.7865132762118,60.8739036402353,1847.75967493302,204.16427664667,-18.8863702253545,-1.02212265380448,10.0271647300687
population,0.9,2,47,83.3292901403399,21.3753204396004,23.7503560440004,718.71200132422,79.5764838142744,3.7528063260655,0.522157181061536,11.594253329123
population,0.9,2,48,41.9720630399062,10.43915405225,11.5990600580556,391.585367769411,79.9146030899294,-37.9425400500232,-9.68946829299454,10.718496270428
population,0.9,2,49,41.3492097712813,9.70944700782131,10.7882744531348,302.768932162473,15.3215812318813,26.0276285394,8.59653213211222,13.6570187290856
population,0.9,2,50,51.062820414956,12.1003024349256,13.4447804832507,405.453487249091,45.8215793597213,5.2412410552347,1.29268614528274,12.5940020300246
population,0.9,2,51,87.3330930902844,22.8356088372654,25.3728987080727,737.112000828445,54.7411676338183,32.5919254564661,4.42157032036323,11.8480085783612
population,0.9,2,52,50.6490488405358,12.9247720800497,14.3608578667219,449.247988601111,62.3553507567538,-11.706301916218,-2.60575499796217,11.2741848880056
population,0.9,2,53,59.3547725350371,15.3071841316431,17.0079823684923,514.554422742881,55.3388987935886,4.01587374144845,0.780456558908085,11.5351787705255
population,0.9,2,54,121.760655907672,34.4735547838205,38.3039497598005,1180.17554908259,145.968905567972,-24.2082496602998,-2.05124141735678,10.3171647643711
population,0.9,2,55,46.1069581919538,11.3250791873719,12.5834213193021,309.649670094893,4.56996388368898,41.5369943082648,13.4141897504802,14.8900395010349
population,0.9,2,56,86.5195362319172,22.6645684750242,25.182853861138,408.666449253121,0,86.5195362319172,21.1711865238853,21.1711865238853
population,0.9,2,57,82.9062283334152,21.8673488984992,24.2970543316657,761.989352320797,105.968885365823,-23.0626570324077,-3.02663770329147,10.8802344915854
population,0.9,2,58,68.8203246439423,17.5690220939076,19.5211356598973,509.413969244461,2.0021359096658,66.8181887342765,13.1166777450917,13.5097050334158
population,0.9,2,59,86.6704554276432,22.1922676210335,24.6580751344817,724.177507421803,64.2235014066588,22.4469540209844,3.09964805464608,11.968123083
population,0.9,2,60,126.975388181816,34.5924412021682,38.4360457801869,1064.53639694915,39.3272158073131,87.6481723745032,8.23345943132559,11.9277639116628
population,0.9,2,61,72.5490968809735,18.6543552543535,20.7270613937261,583.653848148979,32.6165069433167,39.9325899376568,6.84182757713334,12.4301582369513
population,0.9,2,62,30.240159856035,6.92318927539789,7.69243252821988,228.02410800553,24.7987230945399,5.44143676149508,2.38634274642711,13.2618257431366
population,0.9,2,63,107.932091266597,29.4058112557505,32.6731236175005,908.055374187716,31.8530217738281,76.0790694927687,8.37824120151525,11.8860693229359
population,0.9,2,64,93.890135946185,24.2645845327632,26.960649480848,736.98564195566,16.9671141844935,76.9230217616916,10.4375197266488,12.7397510346387
population,0.9,2,65,71.870171616599,18.1561317205057,20.1734796894508,514.161587399171,3.02966980745369,68.8405018091453,13.3888846417655,13.9781293231465
population,0.9,2,66,69.5547209238698,17.5117364231884,19.4574849146538,615.197619666469,90.1749225012988,-20.620201577429,-3.35180126161872,11.3060777058239
population,0.9,2,67,77.6307639517242,19.5771256191752,21.7523617990836,589.530458991288,14.7174046439711,62.913359307753,10.6717741803198,13.1682363086979
population,0.9,2,68,29.5901721717073,6.61127898280106,7.34586553644562,208.81764158118,14.7173129982669,14.8728591734404,7.12241507030834,14.1703411395937
population,0.9,2,69,111.434730945231,30.9594281873253,34.3993646525837,1145.20826762216,216.425422002401,-104.99069105717,-9.16782510443853,9.73052099742583
population,0.9,2,70,110.662822884653,29.2584192566655,32.5093547296284,805.307256316798,3.06460869127782,107.598214193375,13.3611380438186,13.7416895249134
population,0.9,2,71,75.7235969326225,20.7637206311444,23.0708007012715,787.683014047978,164.771395113646,-89.0477981810236,-11.3050296366553,9.61346069194405
population,0.9,2,72,109.367678509288,30.3910938364032,33.767882040448,985.562744794509,75.8838166911709,33.4838618181175,3.39743582993276,11.0969777507257
population,0.9,2,73,118.259019622208,31.7663085132478,35.2958983480532,1028.30939528681,77.9552091840583,40.3038104381494,3.91942450617289,11.5003344483908
population,0.9,2,74,78.1768569498308,20.9488914500964,23.2765460556627,714.92548094727,87.7030064634633,-9.5261495136325,-1.332467476332,10.9349658157725
population,0.9,2,75,71.3851064133742,17.8117899283438,19.7908776981598,658.416631569366,124.062933719052,-52.6778273056781,-8.0006829687941,10.8419354844097
population,0.9,2,76,81.5014532640278,21.5239222731897,23.915469192433,751.76131930049,106.043651104798,-24.5421978407705,-3.26462631299079,10.8414002119535
population,0.9,2,77,86.1541089637306,21.9002220852144,24.3335800946826,643.167078138021,7.8195572224997,78.3345517412309,12.1795027145996,13.3952921242717
population,0.9,2,78,129.265420804691,36.4157528664151,40.4619476293501,1232.7179218129,140.24533582045,-10.979915015759,-0.890707827108678,10.4862124998221
population,0.9,2,79,22.5997393884645,5.42436308879974,6.02707009866638,173.52415114315,13.0960152916775,9.50372409678705,5.47688839517613,13.023973458208
population,0.9,2,80,62.9752044477898,15.7027184567601,17.4474649519557,589.630970415037,118.549416712232,-55.5742122644426,-9.42525326058167,10.6804438042768
population,0.9,2,81,80.841020211138,20.5885074616418,22.8761194018242,618.18756109822,15.0746069402555,65.7664132708824,10.6385856671149,13.0771023712484
population,0.9,2,82,36.5416270397223,7.903387315842,8.78154146204667,249.139121198501,18.4553808158041,18.0862462239182,7.25949667676159,14.6671573954088
population,0.9,2,83,77.0934863271802,20.4128938092852,22.680993121428,615.535394391592,18.5134834682238,58.5800028589564,9.51691866831769,12.5246227966112
population,0.9,2,84,154.848592293741,44.7687630840401,49.7430700933779,1335.67027995055,13.4133707445539,141.435221549188,10.5890820266229,11.5933246863496
population,0.9,2,85,44.0107200012591,9.77813622002422,10.8645958000269,267.253754985675,1.94039891931228,42.0703210819468,15.7417137447524,16.4677648789698
population,0.9,2,86,104.637983829135,28.195447919625,31.32827546625,875.502985299142,42.743974406327,61.8940094228076,7.06953722169886,11.951756371611
population,0.9,2,87,63.3812801634035,15.5363576309807,17.2626195899785,505.058549123835,41.6491861601211,21.7320940032824,4.30288607944224,12.5492935964268
population,0.9,2,88,76.3271037027516,20.3470378767742,22.6078198630825,717.554044136389,107.142907833162,-30.8158041304107,-4.29456211448142,10.6371226427432
population,0.9,2,89,71.8390218686102,17.6184073285881,19.5760081428756,661.528903958966,150.459674975648,-78.620653107038,-11.8846890342247,10.8595439199534
population,0.9,2,90,65.0085391786734,16.3036877554045,18.1152086171161,489.666482333909,11.395182685394,53.6133564932794,10.9489537118695,13.2760851567421
population,0.9,2,91,65.8370689057881,16.6549697465982,18.5055219406646,560.941724431617,61.8281493638237,4.00891954196445,0.714676653092002,11.7368821106147
population,0.9,2,92,50.7576532753301,11.9714296862764,13.3015885403071,358.675418731606,9.67013129679597,41.0875219785341,11.4553492747937,14.1514167474386
population,0.9,2,93,62.5684439230167,16.8571730850115,18.7301923166794,646.005845045009,140.290652494665,-77.7222085716486,-12.0311927775566,9.68543000081638
population,0.9,2,94,69.3203486020693,17.2250450182883,19.1389389092092,518.652344769042,10.7553021343024,58.5650464677668,11.2917731999932,13.365474831303
population,0.9,2,95,64.784926073613,16.2083345720616,18.009260635624,484.582136029379,8.59175793962297,56.19316813399,11.5962112417993,13.3692353177636
population,0.9,2,96,47.1991065215035,11.0288602098385,12.2542891220428,349.127574525365,21.1216754525028,26.0774310690007,7.4693129307969,13.5191574557438
population,0.9,2,97,111.163874181184,29.4603119091576,32.733679899064,887.978021966804,23.7888288409164,87.3750453402673,9.83977566772861,12.5187641395633
population,0.9,2,98,57.9166900386093,13.9594270704507,15.510474522723,506.007386593235,87.2245744797137,-29.3078844411043,-5.79198747244061,11.4458190874527
population,0.9,2,99,80.2758970405439,20.5608888989371,22.8454321099301,660.66495605261,44.8475395737864,35.4283574667575,5.36253015120364,12.1507726881992
population,0.9,2,100,39.2365867847781,9.08762571238645,10.0973619026516,285.194310811456,16.6757914481253,22.5607953366529,7.91067510163904,13.7578434412451
population,0.9,4,1,107.172099364975,30.080419261302,33.4226880681133,996.98236541054,95.1389619916825,12.0331373732924,1.20695588916835,10.7496484474771
population,0.9,4,2,75.8729618313204,19.1740923922976,21.3045471025528,560.929469898815,8.40986253709303,67.4630992942274,12.0270199578562,13.5262926807905
population,0.9,4,3,24.8006241160056,5.62422945703059,6.2491438411451,189.480216166448,22.0405290827944,2.76009503321121,1.4566666056506,13.0887670585195
population,0.9,4,4,85.8920887790314,23.4548251678264,26.0609168531404,822.035145970146,118.390390935355,-32.4983021563235,-3.95339570523713,10.4487124668695
population,0.9,4,5,74.9983075125457,20.0894754622855,22.3216394025394,645.157857007684,43.0176596361426,31.9806478764031,4.95702680034511,11.6247995274205
population,0.9,4,6,93.2343804023808,24.6024218180914,27.3360242423237,728.38436595798,6.85828519749531,86.3760952048854,11.8585872022778,12.8001622165184
population,0.9,4,7,130.374007656501,37.6375004452421,41.8194449391579,1400.26322169973,271.138208342468,-140.764200685967,-10.0526957006767,9.3106785664373
population,0.9,4,8,110.732301664579,30.3255451706369,33.6950501895966,1054.0971436554,144.621543530498,-33.8892418659194,-3.21500177378323,10.5049427684228
population,0.9,4,9,50.7794061097832,12.0553620649884,13.3948467388759,377.527457222542,20.6089368198195,30.1704692899637,7.99159603169712,13.4505199922056
population,0.9,4,10,60.5498458726097,14.8297041184903,16.4774490205448,541.625814218917,97.9661663038438,-37.4163204312341,-6.90814939926608,11.1792762241085
population,0.9,4,11,60.8372069484961,14.8199361830927,16.4665957589919,456.061227742615,15.137447830081,45.6997591184151,10.0205315292021,13.3397016119139
population,0.9,4,12,84.4647331902444,21.3594482796041,23.7327203106713,584.709718706956,0,84.4647331902444,14.4455839347142,14.4455839347142
population,0.9,4,13,86.2553717218215,22.9267734538348,25.4741927264831,740.453695829502,53.0802109514593,33.1751607703622,4.48038289999989,11.6489892896264
population,0.9,4,14,129.189857336896,35.560350582085,39.5115006467611,1081.72960016003,33.6279486893992,95.5619086474965,8.83417710242549,11.9428974965447
population,0.9,4,15,71.3044779371946,18.4353399287036,20.4837110318929,585.764245441738,37.6855447656321,33.6189331715625,5.73932831052358,12.1728969448148
population,0.9,4,16,99.1696878954614,26.6858161164111,29.6509067960124,800.476749083597,11.680204396584,87.4894834988774,10.9296720484433,12.3888280339177
population,0.9,4,17,94.0574617878011,25.4586603458004,28.2874003842227,855.821806412075,92.1203573102852,1.93710447751594,0.226344370171755,10.9903090904081
population,0.9,4,18,67.7628314202288,17.1388326412362,19.0431473791513,546.37413552908,35.369070044686,32.3937613755428,5.92886069619206,12.4022765745693
population,0.9,4,19,46.9456790555576,10.9161113581147,12.1290126201274,369.493343642715,43.041596707369,3.90408234818858,1.05660424344848,12.7054194245383
population,0.9,4,20,60.9239064826832,14.852962946776,16.5032921630844,483.645708188099,40.4887787317997,20.4351277508835,4.22522673207221,12.5968049444551
population,0.9,4,21,90.0876903055365,23.6772801086796,26.308089009644,795.769445766561,85.4510425061725,4.63664779936399,0.582662204992996,11.3208280092679
population,0.9,4,22,102.28881654055,29.4579243841369,32.7310270934855,1065.0651758362,181.327444312094,-79.0386277715437,-7.421013245456,9.6039959676873
population,0.9,4,23,70.019872302811,18.1702832024386,20.1892035582651,652.631756036863,107.523259963704,-37.5033876608927,-5.74648525971734,10.7288484899984
population,0.9,4,24,68.5355876586815,17.3725888449536,19.3028764943929,543.898083316018,25.1250590696795,43.410528589002,7.98137186370252,12.6008143365456
population,0.9,4,25,60.342946008495,14.7887504589562,16.4319449543958,440.347392977359,8.60710159285261,51.7358444156423,11.7488703784156,13.703486604177
population,0.9,4,26,80.601549633626,20.4665172591497,22.7405747323885,701.43292848895,88.5510657783892,-7.94951614476318,-1.13332520072707,11.4909845774222
population,0.9,4,27,63.1055737516249,15.1884079796591,16.8760088662879,464.017736667853,14.5942253863277,48.5113483652972,10.4546323409232,13.5998193096649
population,0.9,4,28,72.4421257528035,18.1176371016477,20.1307078907197,523.191834568675,3.73184879508907,68.7102769577144,13.1329031567092,13.8461881410144
population,0.9,4,29,46.667335663524,10.7415243011488,11.9350270012764,325.144845766569,13.8934840633853,32.7738516001387,10.0797696862979,14.352783465935
population,0.9,4,30,69.0042995444084,17.5835033786957,19.5372259763285,573.012418656538,48.2852948569455,20.7190046874628,3.61580377891979,12.0423741785899
population,0.9,4,31,113.86360314668,32.0841923318033,35.6491025908925,1100.74509439306,138.3678077239,-24.5042045772199,-2.22614706184372,10.3442298972464
population,0.9,4,32,83.50662214039,21.919798522226,24.3553316913623,769.341739192408,111.747783525627,-28.2411613852369,-3.67082142389443,10.8542950273371
population,0.9,4,33,78.3471824900353,20.315814467873,22.5731271865256,657.356510916024,48.1267643344682,30.2204181555672,4.59726459747924,11.9185223222112
population,0.9,4,34,128.584065127264,35.1738744158698,39.0820826842997,1046.19182048495,16.287212364861,112.296852762403,10.7338683560295,12.2906777332345
population,0.9,4,35,58.309575466025,14.4480724543691,16.0534138381879,422.912008468315,8.27078502558087,50.0387904404441,11.8319625450392,13.787637687851
population,0.9,4,36,73.4511580704691,18.7631641194089,20.8479601326766,595.107945290472,32.9691421084998,40.4820159619693,6.80246605381988,12.3424932655903
population,0.9,4,37,127.715259965225,35.0308967110104,38.9232185677893,1078.33176005344,40.0842258077314,87.6310341574932,8.12653743530192,11.8437817280736
population,0.9,4,38,68.7740698130676,16.888993608316,18.7655484536845,510.510338944384,17.7847586678542,50.9893111452135,9.98790959858863,13.4716311437054
population,0.9,4,39,53.6229388080482,13.0761129393367,14.5290143770408,467.538819296544,75.255431116442,-21.6324923083938,-4.62688688416117,11.4691949833661
population,0.9,4,40,88.2177848110394,24.0540738727263,26.7267487474736,821.163982014474,99.5417658326863,-11.3239810216469,-1.37901579583009,10.7430168325971
population,0.9,4,41,68.2603307364737,17.3527222323068,19.2808024803409,548.397890784181,29.1907549893498,39.0695757471238,7.12431181878842,12.4472270742808
population,0.9,4,42,81.265425501737,21.169390965561,23.52154551729,559.299846188829,0.945513490912631,80.3199120108244,14.3607963703439,14.5298494279043
population,0.9,4,43,150.066018115233,43.7555802230559,48.6173113589511,1447.01619849644,134.348791804762,15.71722631047,1.0861817806049,10.3707213693366
population,0.9,4,44,93.3254468386416,24.7053449279446,27.4503832532718,779.148710991684,46.1517594612568,47.1736873773849,6.05451651422784,11.9778734819261
population,0.9,4,45,85.6355860882093,21.7516800375231,24.1685333750257,608.987765976588,3.98928453426779,81.6463015539415,13.4068869877889,14.061955078996
population,0.9,4,46,78.5349052179524,20.0006960270546,22.2229955856162,612.830957210046,23.1899596875828,55.3449455303696,9.03102966311153,12.8151008518708
population,0.9,4,47,78.9711138906351,21.1193233641622,23.4659148490691,812.911709968116,179.332009043249,-100.360895152614,-12.3458542818322,9.71459912832755
population,0.9,4,48,70.7667133655197,17.2873544513889,19.2081716126543,559.617544036116,50.0209879352881,20.7457254302316,3.70712563451956,12.645549468505
population,0.9,4,49,19.7266128570026,4.4486163206831,4.94290702298122,135.173870939884,9.45496321666576,10.2716496403369,7.5988425639634,14.59351035806
population,0.9,4,50,92.7376361813577,25.1026732303092,27.891859144788,826.675592470218,73.7682466650092,18.9693895163485,2.29465943946227,11.2181413151736
population,0.9,4,51,92.7758101078992,24.6352894014978,27.372543779442,796.910600480545,58.0983586789385,34.6774514289607,4.35148577620248,11.6419344970382
population,0.9,4,52,96.9591651582297,26.1412928388383,29.0458809320425,835.29526218605,52.6027164741247,44.3564486841049,5.31027179156023,11.6077714728655
population,0.9,4,53,46.2270704550594,10.2932832908154,11.4369814342393,311.735263894374,16.6391177398647,29.5879527151947,9.49137173175894,14.8289512959056
population,0.9,4,54,91.7300488334132,24.2552468773185,26.9502743081316,773.652085111942,49.9377410589911,41.7923077744221,5.4019511584946,11.8567571391138
population,0.9,4,55,52.9063746505461,13.3315561929615,14.8128402144017,452.956373519096,56.0639601722984,-3.15758552175233,-0.697105881791773,11.6802362751864
population,0.9,4,56,71.549471019652,18.2312352494058,20.2569280548954,604.463704980804,57.5266474986289,14.0228235210231,2.3198784981587,11.8368514817485
population,0.9,4,57,60.429909817995,14.9671506588761,16.6301673987512,526.258115764615,77.2435959983315,-16.8136861803365,-3.19495047708811,11.4829411666544
population,0.9,4,58,59.0384757893145,14.2690742503554,15.8545269448394,437.651779630246,14.1263776047125,44.9120981846019,10.262062277582,13.489828794754
population,0.9,4,59,79.5943754688856,20.4912396554078,22.7680440615642,688.210932876353,76.1126785511023,3.48169691778327,0.505905493717114,11.5654041031031
population,0.9,4,60,63.979740192332,16.1925159107181,17.9916843452423,605.646882225921,121.305767347902,-57.3260271555698,-9.46525588390395,10.5638684966376
population,0.9,4,61,101.33484596608,27.3588583002309,30.398731444701,819.387948506627,11.7492727991325,89.5855731669472,10.9332305082374,12.3671389298277
population,0.9,4,62,40.2228514371421,10.0908748633167,11.212083181463,320.618861093565,19.8844173221143,20.3384341150278,6.34349272081422,12.5453790522336
population,0.9,4,63,92.3621223332448,24.0658610437595,26.7398456041772,755.136286924144,37.7967672145974,54.5653551186474,7.22589498922182,12.2311858048113
population,0.9,4,64,75.853236864607,20.4936354197053,22.7707060218948,761.381093879733,146.572031288572,-70.7187944239654,-9.28822569833027,9.96258476528296
population,0.9,4,65,45.2320856397599,10.1959037663647,11.3287819626274,306.632729537092,8.32480457694293,36.907281062817,12.0363149486795,14.7512255811845
population,0.9,4,66,95.2102055676654,25.8096171397758,28.6773523775286,879.523201009591,105.234686816317,-10.0244812486513,-1.139763139522,10.8252068232396
population,0.9,4,67,109.667045163226,28.8276596473163,32.0307329414625,952.259318337563,99.3475937924538,10.3194513707726,1.08368079703206,11.516510581874
population,0.9,4,68,26.4226714073159,5.51800131000111,6.1311125666679,274.36722923431,108.827189934277,-82.4045185269613,-30.0343881289801,9.63040355841875
population,0.9,4,69,82.0262257783767,21.6674174455341,24.0749082728157,713.534447525508,64.3942188547331,17.6320069236436,2.47107998566716,11.4957625469714
population,0.9,4,70,64.0225641671708,16.0851604868165,17.8724005409072,539.21011162513,56.655297020635,7.36726714653582,1.36630730539002,11.8733982888809
population,0.9,4,71,79.6420419442949,20.2037811994688,22.4486457771875,611.015851170146,21.3500019950369,58.292039949258,9.54018456929128,13.0343659320415
population,0.9,4,72,93.1181513202886,24.8975125991741,27.6639028879712,821.627971743559,76.1350130147457,16.9831383055429,2.06701072621752,11.333371613759
population,0.9,4,73,44.228705142571,10.1718214742791,11.3020238603101,390.906462527744,86.0982464823019,-41.8695413397309,-10.7108849183478,11.3143959955464
population,0.9,4,74,125.629275739015,35.207543041708,39.1194922685645,1086.73141869572,36.6423855536502,88.986890185365,8.1884896906879,11.5602874434048
population,0.9,4,75,85.4781492799985,22.4998941589752,24.9998823988613,718.709119330984,52.7808504656943,32.6972988143042,4.54944816127291,11.8932885336931
population,0.9,4,76,77.3431463323403,20.0189352107485,22.2432613452761,690.148149588383,91.0084953629496,-13.6653490306093,-1.98006022891745,11.2067454471144
population,0.9,4,77,54.3313612806472,13.0637506477168,14.5152784974631,448.498438533295,56.9128260423823,-2.58146476173511,-0.575579431263386,12.114058068591
population,0.9,4,78,56.5984003694731,13.9476131849969,15.4973479833299,493.419662391589,74.991266841681,-18.3928664722079,-3.72763144116679,11.4706414606873
population,0.9,4,79,75.301306565933,19.7160539586495,21.9067266207216,553.341423576547,2.48047407378173,72.8208324921513,13.1601990000081,13.6084708929289
population,0.9,4,80,87.6033204032938,23.312371329572,25.9026348106356,771.190173334728,72.3841673280967,15.2191530751971,1.97346304471016,11.3594964552628
population,0.9,4,81,39.4449552631464,9.61505098865164,10.6833899873907,328.183564872525,40.7295954609677,-1.28464019782131,-0.391439528155622,12.0191744758662
population,0.9,4,82,69.3444494101964,17.6690375752298,19.6322639724775,607.630310914533,78.6344626008374,-9.29001319064093,-1.52889232544353,11.4122762088395
population,0.9,4,83,101.728267790717,27.2952255886165,30.3280284317961,731.643702665795,1.11728213396609,100.610985656751,13.7513635790438,13.9040720804489
population,0.9,4,84,93.6032970546394,24.5203104240397,27.2447893600441,743.795249200341,21.4180170140888,72.1852800405507,9.7049934263707,12.5845516162241
population,0.9,4,85,105.56249624935,28.6059782840997,31.7844203156664,943.238216590585,86.6222811057548,18.9402151435951,2.00799912582593,11.1914990712436
population,0.9,4,86,102.713435833999,28.748329934326,31.9425888159177,1020.55474107819,158.104843048409,-55.3914072144101,-5.42757825571323,10.0644709881495
population,0.9,4,87,75.2940737915439,19.7207076659479,21.9118974066087,540.559765957983,1.76197140428761,73.5321023872563,13.6029551250346,13.928908241646
population,0.9,4,88,68.492774441973,17.5927020068458,19.5474466742731,541.302662627644,17.2684209346361,51.2243535073369,9.46316304055824,12.6533230244035
population,0.9,4,89,75.2940960571823,19.3832804649327,21.5369782943696,660.65861351054,79.1601995625598,-3.86610350537758,-0.585189298423625,11.396823490591
population,0.9,4,90,55.554255930801,13.341534169085,14.8239268545389,439.336538631883,41.3782660201715,14.1759899106295,3.22668129420199,12.6450342836951
population,0.9,4,91,128.434949141598,37.4637959198442,41.626439910938,1340.47738597463,216.5635083793,-88.1285592377014,-6.57441596253603,9.58128428613636
population,0.9,4,92,67.7997165058726,16.7991025505955,18.6656695006617,486.066065965116,3.28192537327575,64.5177911325969,13.2734612947095,13.9486627957152
population,0.9,4,93,90.4313414020623,23.673776071197,26.3041956346633,721.951836427019,23.1687322398725,67.2626091621898,9.31677236186229,12.5259521257834
population,0.9,4,94,79.0548107370182,20.6392580634318,22.9325089593687,697.5003099201,78.8834674764376,0.171343260580599,0.0245653311036129,11.3340180086908
population,0.9,4,95,89.0139001230063,23.9282719492419,26.586968832491,821.02885867041,103.180700193154,-14.1668000701472,-1.72549355854424,10.8417504674753
population,0.9,4,96,81.0252636122928,21.4036666869501,23.781851874389,708.542408720465,67.8211803905062,13.2040832217866,1.8635558096842,11.435485387334
population,0.9,4,97,68.347453327913,18.6124538089272,20.6805042321413,629.354906953131,73.205154685276,-4.857701357363,-0.771854053046219,10.8599222112688
population,0.9,4,98,97.8917875288837,27.5627419222811,30.6252688025345,1006.68634847569,179.804090807262,-81.9123032783788,-8.13682468252489,9.72415963294919
population,0.9,4,99,46.7907906036085,11.4549758952172,12.7277509946858,604.130717022497,260.48144016598,-213.690649562372,-35.3715915349516,7.74514344084677
population,0.9,4,100,89.0281582135587,23.9343449182903,26.5937165758781,819.032183502964,101.931869701877,-12.9037114883181,-1.57548283794289,10.8699218427277
population,0.9,6,1,62.3381735894179,14.86355557377,16.5150617486333,576.827354163434,130.920686950334,-68.5825133609165,-11.889608366507,10.8070765263597
population,0.9,6,2,65.7178003411462,16.9129404320269,18.7921560355854,560.983875650136,58.741867274405,6.97593306674124,1.24351757145545,11.7147396197412
population,0.9,6,3,87.3218937493146,23.2360015584048,25.8177795093387,717.924645109529,25.7723234558097,61.549570293505,8.57326332405189,12.1631001727197
population,0.9,6,4,72.8011585087596,18.184044281359,20.2044936459545,529.289689087147,3.58240899043236,69.2187495183273,13.0776682307391,13.7545015536422
population,0.9,6,5,55.984666943391,13.7026000467308,15.2251111630342,461.73753192066,50.9021176892514,5.08254925413959,1.10074423298406,12.1247815204701
population,0.9,6,6,74.5152196061848,19.1720243499089,21.3022492776766,619.546409495866,46.7719196399284,27.7432999662563,4.47800189639246,12.0273830118423
population,0.9,6,7,61.5706909862227,15.0229625281871,16.6921805868745,444.164150743669,6.46070364243685,55.1099873437859,12.4075721220442,13.862147785483
population,0.9,6,8,83.1181924601024,20.9213167496187,23.2459074995764,642.883156341895,27.4425558950423,55.6756365650602,8.66030413393675,12.9289734285555
population,0.9,6,9,70.0530035838314,17.6456747092889,19.6063052325432,597.948950719334,68.5834188991812,1.46958468465017,0.245770927916548,11.7155492119448
population,0.9,6,10,63.1439598568974,15.6586790918162,17.3985323242402,488.782161228373,26.0667427810205,37.0772170758769,7.58563221347872,12.9186301926831
population,0.9,6,11,47.2853126906995,10.9375014223422,12.1527793581579,333.227515593984,12.2401576532781,35.0451550374215,10.5168851302549,14.190098499643
population,0.9,6,12,27.0450832141812,6.340053207625,7.04450356402778,215.623482022718,26.2368726235075,0.808210590673738,0.374824941649252,12.5427355872733
population,0.9,6,13,81.1980952383386,20.5436249803141,22.8262499781268,602.633049742977,5.38876833266551,75.8093269056731,12.5796829327575,13.4738868492144
population,0.9,6,14,84.1998857997621,21.7214665217618,24.1349628019575,708.0314770775,59.4374426411162,24.7624431586459,3.49736473028804,11.8921105241407
population,0.9,6,15,83.5155881862805,21.0420519444129,23.3800577160143,642.111705635888,23.1550322987485,60.360555887532,9.40032012463571,13.0063955310664
population,0.9,6,16,82.4094012039295,21.4719582348609,23.8577313720677,632.997467149637,5.00208010928416,77.4073210946453,12.2286936538953,13.0189148425847
population,0.9,6,17,94.9605966534341,25.794618271375,28.6606869681945,801.601148058501,37.6556218486728,57.3049748047613,7.14881396359716,11.8463648515763
population,0.9,6,18,55.2038996144609,13.4198160835737,14.9109067595263,396.213765613175,11.9054825932491,43.2984170212117,10.9280446009249,13.9328575646604
population,0.9,6,19,63.2901299671914,15.7840366112358,17.5378184569287,533.178715250157,59.6576169130831,3.63251305410835,0.681293710759637,11.8703406863301
population,0.9,6,20,92.0960076979702,24.7432894125565,27.4925437917295,787.896599412833,47.3953830902187,44.7006246077516,5.67341255706193,11.6888444202708
population,0.9,6,21,89.6963887713873,24.1951639852117,26.8835155391242,833.595173678211,107.740254121859,-18.0438653504714,-2.16458371164188,10.7601857116812
population,0.9,6,22,40.030965798462,9.05018717872023,10.0557635319114,274.783286388914,8.37524253207331,31.6557232663887,11.520250624554,14.5681952947474
population,0.9,6,23,80.1106139143729,21.4820014620873,23.8688905134304,816.193521068527,171.733477205907,-91.6228632915345,-11.2256298201909,9.81514945248468
population,0.9,6,24,88.8159462733621,23.6346391742386,26.2607101935984,822.617298865365,113.578123638208,-24.7621773648459,-3.01016978356768,10.7967515873865
population,0.9,6,25,73.0444221279689,18.7372107967402,20.8191231074891,565.264077746732,14.3593352621218,58.685086865847,10.3818886032487,12.9221765549193
population,0.9,6,26,90.586369384741,24.0296255704427,26.6995839671585,812.802536417399,92.3059186488055,-1.71954926406451,-0.211558058325432,11.1449417695003
population,0.9,6,27,102.385583658535,26.9375726260259,29.9306362511399,848.549589387629,43.2335394527113,59.1520442058235,6.97095902768766,12.0659517061841
population,0.9,6,28,90.6032551355541,24.0513166779871,26.7236851977635,812.943770798209,91.8552394858817,-1.2519843503276,-0.154006266521768,11.1450826477941
population,0.9,6,29,93.6482430076653,24.3994220445872,27.1104689384302,753.277741357446,28.43645644485,65.2117865628154,8.65707069019461,12.4321001227126
population,0.9,6,30,27.5346570206282,6.0264608824064,6.69606764711822,191.693855412312,13.8992816441785,13.6353753764496,7.11309986807946,14.3638704336162
population,0.9,6,31,84.4924801948226,21.7987150218221,24.2207944686912,721.995244165521,68.0337935108591,16.4586866839636,2.27961150948943,11.7026366693701
population,0.9,6,32,38.8621767237149,8.95333167741873,9.94814630824303,285.091955627126,18.3554955855406,20.5066811381744,7.19300588228285,13.6314532755681
population,0.9,6,33,32.3018932159297,7.39259315272375,8.21399239191527,232.441386142557,12.3865008898454,19.9153923260844,8.56792013530249,13.8967908219747
population,0.9,6,34,21.7195504477252,4.80838716616638,5.34265240685153,152.53210733025,10.6217557102263,11.0977947374989,7.27571062364648,14.2393302157032
population,0.9,6,35,117.594351243139,33.2587041592418,36.9541157324909,1116.09581600066,118.33469122341,-0.740339980270804,-0.066333012780541,10.5362236429232
population,0.9,6,36,92.6918258748777,24.7523080754463,27.5025645282737,785.510331871123,46.2785545639832,46.4132713108945,5.90867738179024,11.8002045439786
population,0.9,6,37,115.253678049055,31.4178299845722,34.908699982858,1021.35992953065,80.3978394742507,34.8558385748045,3.41268905965617,11.2843352002284
population,0.9,6,38,65.4521194286387,16.1568487761451,17.9520541957168,509.040739830333,30.1095858082166,35.3425336204221,6.94296759670002,12.8579334240427
population,0.9,6,39,27.6346984383962,6.51111095954827,7.23456773283141,213.127137160575,19.3242633385759,8.31043509982031,3.89928528602111,12.9662973972083
population,0.9,6,40,93.845665387493,25.1588522308495,27.9542802564995,833.755811084975,83.2035537015277,10.6421116859653,1.27640629840008,11.2557734698569
population,0.9,6,41,76.6400555516552,19.9227137047756,22.1363485608617,661.136798459772,63.7622249803538,12.8778305713014,1.94783146261143,11.5921630334601
population,0.9,6,42,78.3540984309099,19.9279282611393,22.142142512377,599.320194579663,13.3254000146731,65.0286984162368,10.8504100152749,13.0738291717108
population,0.9,6,43,55.5381771073135,13.609650448715,15.1218338319055,483.070435822401,74.780922360952,-19.2427452536385,-3.9834243262846,11.4969107999257
population,0.9,6,44,88.416834757886,24.4470845611354,27.1634272901505,890.680042798494,157.267505964431,-68.8506712065449,-7.73012393880723,9.9268907474431
population,0.9,6,45,89.2175493987544,24.4322385115892,27.1469316795436,806.28613358734,73.7031225345098,15.5144268642446,1.92418376280609,11.0652466515586
population,0.9,6,46,110.709681477333,29.8913427860771,33.2126030956412,854.72253023156,4.96719372828594,105.742487749047,12.3715573193559,12.9527042474637
population,0.9,6,47,66.739236527827,17.2974196212285,19.2193551346983,633.573012593107,114.650423956253,-47.9111874284262,-7.56206253677597,10.5337877720951
population,0.9,6,48,88.8146613575967,23.3824187867855,25.9804653186506,691.807809633369,12.1897607934905,76.6249005641062,11.0760386767987,12.8380541706612
population,0.9,6,49,76.9466577817116,20.0497201602232,22.2774668446924,666.89830409859,65.4066992918943,11.5399584898174,1.73039253794704,11.5379897217937
population,0.9,6,50,77.6063233030508,19.953573510169,22.1706372335212,669.366071566552,70.758866261481,6.8474570415698,1.02297641491514,11.5940031321613
population,0.9,6,51,110.055696250638,30.108157225742,33.4535080286022,995.098111241073,92.7120981739469,17.3435980766907,1.74290332589015,11.0597834532494
population,0.9,6,52,80.855593236991,21.2287938774072,23.5875487526746,692.015438419852,57.4966149979524,23.3589782390386,3.37549958312729,11.6840736128108
population,0.9,6,53,80.5585030361972,21.5132063609777,23.9035626233086,817.956058802467,172.559867973136,-92.0013649369386,-11.2477148309939,9.84875680903193
population,0.9,6,54,109.00428270744,29.7318335175727,33.0353705750807,1005.8152541589,116.854228310682,-7.84994560324134,-0.780456010264601,10.8374060004283
population,0.9,6,55,64.988987505101,15.9505687554837,17.7228541727597,510.088630933365,34.9858025093035,30.0031849957975,5.88195524783555,12.7407245650983
population,0.9,6,56,64.5800197557959,16.1904707677918,17.9894119642132,492.672904583958,18.089639878116,46.4903798776799,9.43635816890297,13.1080924392079
population,0.9,6,57,52.7377750183625,13.2172000443263,14.6857778270292,461.942734284638,66.6436772987085,-13.905902280346,-3.01030869159152,11.4165179153715
population,0.9,6,58,87.9352342890276,23.4509984138926,26.0566649043252,717.586681075656,20.7363775928707,67.1988566961569,9.36456298149603,12.2543013419945
population,0.9,6,59,93.2271581025284,25.1034903970602,27.8927671078446,843.294238632205,90.1895267203993,3.03763138212911,0.360210142910029,11.0551162134986
population,0.9,6,60,88.1073253064532,22.9808912709622,25.5343236344024,691.313112751881,15.0401663028883,73.0671590035648,10.5693292454282,12.7449232021259
population,0.9,6,61,88.4638238745829,23.3084673822173,25.8982970913526,698.231524577211,17.615317975356,70.8485058992269,10.146850064114,12.6696977665322
population,0.9,6,62,62.2079831251605,16.395310663123,18.2170118479144,526.666215258487,38.3279763081547,23.8800068170059,4.53418239582458,11.8116524893531
population,0.9,6,63,83.8402974532391,21.876167082336,24.3068523137067,721.477276159013,67.1131923424406,16.7271051107985,2.31845210702269,11.620642842639
population,0.9,6,64,102.514512451093,27.5210911336585,30.5789901485094,822.26468281563,17.6029342813314,84.9115781697613,10.3265505553521,12.4673374150108
population,0.9,6,65,91.0032597843994,23.8826374915578,26.5362638795087,778.666807470328,62.1876827235931,28.8155770608064,3.70062994651334,11.6870603589799
population,0.9,6,66,76.3624422736461,20.2055473990556,22.4506082211729,554.177986120718,1.55086230348447,74.8115799701617,13.4995582364878,13.7794073720229
population,0.9,6,67,86.6589541575285,22.9886585742678,25.5429539714087,753.407508567974,67.9454641720767,18.7134899854518,2.48384702470262,11.5022684499447
population,0.9,6,68,88.8157146566752,23.2756109669342,25.8617899632602,787.726615747041,89.4582867390162,-0.642572082341047,-0.0815729809677262,11.2749414430344
population,0.9,6,69,67.9012312743478,16.8635309745995,18.7372566384439,751.526939629835,245.621010391851,-177.719779117503,-23.647825479821,9.0351027612919
population,0.9,6,70,72.1306889805938,18.4556959829058,20.5063288698954,587.330156193118,38.1363705805683,33.9943184000255,5.78794023115815,12.2811145009344
population,0.9,6,71,83.3933873871502,21.7279014026466,24.1421126696073,738.245678803289,86.744464612701,-3.35107722555085,-0.453924394245425,11.2961565210016
population,0.9,6,72,133.505402995811,37.8377514014711,42.0419460016346,1254.25307860122,119.120536557081,14.3848664387301,1.1468870743991,10.6442156908796
population,0.9,6,73,82.4412557272761,21.4936638691916,23.8818487435463,628.39228911822,6.42078068182179,76.0204750454543,12.0976142390494,13.1193932762861
population,0.9,6,74,86.421922465013,22.3961944585109,24.8846605094565,665.585632112602,7.80874225145791,78.6131802135551,11.8111293905238,12.9843431551708
population,0.9,6,75,85.4032587460548,21.7407954775578,24.1564394195087,615.490722859658,3.69111711476637,81.7121416312885,13.2759339168659,13.8756370444154
population,0.9,6,76,96.4921638263754,25.7241930391249,28.5824367101388,1026.44722440553,254.721433231782,-158.229269405407,-15.4152367158522,9.40059669236859
population,0.9,6,77,70.2789149297352,17.2960329797305,19.2178144219228,493.240208353965,1.11084669508669,69.1680682346486,14.0232014874609,14.2484156278072
population,0.9,6,78,71.7502902227753,18.3024520146074,20.3360577940082,592.585778985099,44.8883175986882,26.8619726240871,4.53301000069437,12.108000692433
population,0.9,6,79,76.905491354194,20.1966357312238,22.4407063680264,698.828403891914,92.9293319552007,-16.0238406010067,-2.29295782938512,11.0049177918202
population,0.9,6,80,104.907348015978,28.1665747397536,31.2961941552817,1029.96691229301,184.969670100399,-80.0623220844204,-7.77329068816186,10.185506618113
population,0.9,6,81,41.597350798555,9.78570094145834,10.8730010460648,377.908561643542,84.3375333997921,-42.7401826012371,-11.3096624261059,11.0072528173604
population,0.9,6,82,84.6953483458185,21.6277503879257,24.0308337643618,729.123784305508,82.3407049983262,2.35464334749227,0.322941508448401,11.6160451995803
population,0.9,6,83,127.810520915935,34.9114633233618,38.7905148037354,1036.14810500029,18.7370242626599,109.073496653275,10.5268248937486,12.3351594525089
population,0.9,6,84,63.6767301400278,15.9303492459374,17.7003880510415,522.972969175318,45.5961133797521,18.0806167602757,3.45727558133402,12.1759123115752
population,0.9,6,85,71.4376749753627,18.1820688719905,20.2022987466561,594.456047515907,51.3906948831729,20.0469800921898,3.37232334938158,12.0173182313283
population,0.9,6,86,78.4377112384334,20.1658929868177,22.4065477631307,660.031091055975,57.2110866976387,21.2266245407947,3.21600373504141,11.8839418780927
population,0.9,6,87,103.948863643249,27.395092690775,30.4389918786389,859.395957354926,42.4809470450993,61.4679165981492,7.15245586997372,12.0955727978039
population,0.9,6,88,70.0392703104317,17.5114176999698,19.4571307777442,561.238722203261,38.7870404153427,31.2522298950889,5.56843793179517,12.4794080557161
population,0.9,6,89,64.2379190479311,17.4241183361241,19.3601314845824,650.896664372817,128.173114289093,-63.9351952411619,-9.82263372063334,9.86914245594247
population,0.9,6,90,94.402405003205,25.3806695158617,28.200743906513,855.797612508427,94.8739700702381,-0.47156506703314,-0.0551024050710934,11.0309264273947
population,0.9,6,91,54.6526251698415,13.1916658421583,14.657406491287,407.148272503604,24.9998094144495,29.652815755392,7.28305085836502,13.4232732546735
population,0.9,6,92,92.0362008560153,25.5012414029041,28.3347126698934,785.789959209232,24.7401856920781,67.2960151639371,8.56412255911993,11.712570232971
population,0.9,6,93,38.4386775165118,8.83999249494308,9.82221388327009,289.409695376465,24.4595694344219,13.97910808209,4.83021415848073,13.281751831607
population,0.9,6,94,60.1154735092972,15.1190350951413,16.7989278834903,684.203123125968,230.632070271729,-170.516596762432,-24.9219261062972,8.786202733867
population,0.9,6,95,73.1410905363988,18.9518792553419,21.0576436170465,690.079336682198,122.162204180567,-49.0211136441685,-7.10369243627188,10.5989393752971
population,0.9,6,96,30.2810923782896,7.18439347355561,7.98265941506179,244.585581139945,30.9056628697164,-0.624570491426805,-0.255358671805532,12.3805713473206
population,0.9,6,97,44.1501125818812,10.8931390784303,12.1034878649226,393.193069499204,67.9092117383332,-23.759099156452,-6.04260374851294,11.2286090490134
population,0.9,6,98,50.531196559293,11.9703324769944,13.3003694188827,386.481915648431,29.3032906065189,21.2279059527741,5.49260006568699,13.074660032802
population,0.9,6,99,58.3340123398275,14.0565300609988,15.6183667344432,435.177154385322,15.248072776934,43.0859395628934,9.90078158485856,13.4046587124324
population,0.9,6,100,67.3779020066049,18.2802023091632,20.3113358990702,621.435546795237,74.6447772276528,-7.2668752210479,-1.169369093629,10.8422993106968
population,0.9,8,1,45.7225509182403,11.1900509618034,12.4333899575593,378.296023189149,42.5944943350478,3.12805658319257,0.826880641467523,12.0864476799903
population,0.9,8,2,80.2443318724892,20.3576508232164,22.619612025796,710.916443982627,101.390362223272,-21.1460303507825,-2.97447478248221,11.2874491160947
population,0.9,8,3,53.5372291142294,13.3628946253055,14.8476606947839,550.494902219591,149.608063460427,-96.0708343461979,-17.4517209803108,9.72529062455758
population,0.9,8,4,71.0968347374083,17.8268540505379,19.8076156117088,542.339879541782,15.8217266649341,55.2751080724742,10.1919682025183,13.1092765661042
population,0.9,8,5,32.7670508522733,7.54255571928313,8.38061746587014,241.226816047201,15.84779753567,16.9192533166032,7.01383602115473,13.5835026093707
population,0.9,8,6,186.408631599767,53.1506348864426,59.0562609849363,1501.05729099508,0,186.408631599767,12.4184888023957,12.4184888023957
population,0.9,8,7,70.7369039638734,17.4298372876759,19.3664858751954,503.875125724654,2.55639359178745,68.180510372086,13.53123162689,14.0385782811053
population,0.9,8,8,77.71045566426,20.078568143858,22.3095201598422,687.693749589609,85.3367052738695,-7.62624960960959,-1.10896014601858,11.3001544234821
population,0.9,8,9,82.5643850147368,21.4359785597002,23.8177539552224,665.908354249131,25.6118539412493,56.9525310734875,8.55260798427832,12.3987609538005
population,0.9,8,10,78.198963613171,20.2650696432703,22.5167440480781,709.301741978135,101.349652680027,-23.1506890668562,-3.26387032439712,11.0247809902575
population,0.9,8,11,50.1735152961027,11.8617823835792,13.1797582039769,379.700833695934,25.3705521627091,24.8029631333936,6.53223826030784,13.2139597397571
population,0.9,8,12,29.3911103747388,6.85336298843167,7.61484776492408,230.060138690045,25.863581802824,3.52752857191479,1.53330715698966,12.7754032237357
population,0.9,8,13,78.0183760396932,20.2111592886413,22.4568436540459,697.239627341507,90.9048486822681,-12.886472642575,-1.84821288653796,11.1896072713434
population,0.9,8,14,52.0427728334398,12.8593035605468,14.2881150672742,459.216369698342,76.0155703673522,-23.9727975339124,-5.22037085691437,11.3329524528114
population,0.9,8,15,112.96565234164,31.7894354848902,35.3215949832114,1031.89308670464,80.2141278556634,32.7515244859762,3.17392614680349,10.9474182739606
population,0.9,8,16,78.7643482434204,20.7360942973593,23.0401047748437,760.431811991875,138.348983071096,-59.5846348276755,-7.83563153040633,10.3578449771986
population,0.9,8,17,84.4526745024211,22.1411743606911,24.6013048452123,669.869127566114,22.7551812949046,61.6974932075165,9.21038015764165,12.6073394081124
population,0.9,8,18,80.1002527206122,21.0621372381235,23.4023747090261,670.575595183962,40.5645444290858,39.5357082915264,5.89578692923956,11.9449996832405
population,0.9,8,19,92.5895387697144,24.3302490003945,27.0336100004383,1062.43224753174,332.524777519908,-239.935238750193,-22.583580205478,8.71486525233206
population,0.9,8,20,46.2043137699485,11.3751955688669,12.6391061876299,379.541919873365,38.9780712535198,7.22624251642874,1.90393791516884,12.1737050245635
population,0.9,8,21,78.0587125897854,20.2096941802834,22.4552157558704,697.455740500349,91.1649150918479,-13.1062025020625,-1.87914468847302,11.1919234522017
population,0.9,8,22,60.6420160253324,14.7572852768891,16.3969836409879,426.566862058347,1.79364191304279,58.8483741122896,13.7958147588689,14.2162979404241
population,0.9,8,23,85.8145527556073,21.8274529330212,24.2527254811346,617.625802123675,4.25229603650713,81.5622567191001,13.2057722392187,13.8942629113839
population,0.9,8,24,82.4733972982157,22.2084433074605,24.6760481194006,814.545290760466,148.587628804075,-66.1142315058597,-8.11670416069006,10.125084293498
population,0.9,8,25,71.5299213851899,17.9837792319783,19.9819769244204,552.836439630185,20.1012424786924,51.4286789064976,9.30269338629348,12.9387131993396
population,0.9,8,26,75.7996739772224,19.9500302073598,22.1667002303998,644.770073943036,46.8393862002283,28.9602877769941,4.49156822677733,11.7560781805018
population,0.9,8,27,77.8189554423648,19.6700654736208,21.8556283040232,585.264678655379,10.0086395960214,67.8103158463434,11.5862648677406,13.2963697076595
population,0.9,8,28,60.4047190975919,14.6414044910685,16.2682272122983,457.265251040708,22.8202566449589,37.584462452633,8.2194005267387,13.2099955026354
population,0.9,8,29,74.7691186321949,19.3866107824741,21.5406786471934,646.066081345907,67.7717539037896,6.99736472840522,1.08307260363028,11.5729831345477
population,0.9,8,30,85.2221503853931,21.6346745738974,24.0385273043304,613.829315467379,2.2502262788739,82.9719241065192,13.5171002778424,13.883688549561
population,0.9,8,31,116.845528474165,32.2975333767229,35.8861481963587,998.747250621847,40.3407632535156,76.504765220649,7.66007267334303,11.6992090242465
population,0.9,8,32,89.5940840065027,24.435359271529,27.1503991905877,857.744618703714,124.683840557845,-35.0897565513419,-4.09093287048213,10.4453099504027
population,0.9,8,33,151.525146078244,44.095203246055,48.9946702733944,1412.48951242352,89.6334150418732,61.8917310363706,4.38174800534823,10.7275236202115
population,0.9,8,34,89.9327007262929,24.5755556617619,27.3061729575132,856.796787467703,119.530117614846,-29.5974168885533,-3.45442668803996,10.4963863125692
population,0.9,8,35,121.591615206627,34.6246168020099,38.4717964466777,1180.94811682703,142.366446194709,-20.7748309880822,-1.7591654275126,10.2961013675452
population,0.9,8,36,65.56283966376,16.2121720767258,18.0135245296954,467.25806753246,1.5166644859972,64.0461751777627,13.7068099253981,14.0313981115383
population,0.9,8,37,43.0197810871014,10.2667541773149,11.407504641461,315.726560772104,16.0557807218114,26.96400036529,8.54030155060442,13.625645236149
population,0.9,8,38,68.3791076237952,17.4049760315306,19.3388622572562,543.405784561496,24.1014050064555,44.2777026173397,8.14818389411695,12.5834338843069
population,0.9,8,39,44.293395589713,9.74851082254799,10.83167869172,291.772664804082,9.73142631219947,34.5619692775135,11.8455131157406,15.1807900234434
population,0.9,8,40,112.351246708295,31.5816336537148,35.0907040596831,1020.40139703613,73.3184575347796,39.032789173515,3.82523870379735,11.0104951869559
population,0.9,8,41,48.8508822429807,11.2984446133443,12.5538273481604,337.516211039877,6.78461785426252,42.0662643887182,12.4634796826835,14.4736402712251
population,0.9,8,42,85.4498964308324,21.7223512704851,24.1359458560945,606.240492875981,2.36397424988908,83.0859221809434,13.7051093018856,14.0950493137569
population,0.9,8,43,110.707192952635,29.7237814928845,33.0264238809828,892.717831279699,15.1401246248168,95.5670683278185,10.7051819711974,12.4011405478412
population,0.9,8,44,76.7653566359053,19.9508578287684,22.1676198097427,653.293080979745,55.3330970152603,21.432259620645,3.28065002441216,11.7505234435944
population,0.9,8,45,51.3798872478011,12.6228708237666,14.0254120264074,448.976203941718,71.0750702994359,-19.6951830516348,-4.38668750787323,11.4437885118898
population,0.9,8,46,80.6300623077664,20.6402710233541,22.9336344703935,866.228296375361,247.020165674737,-166.390103366971,-19.2085740056302,9.30817691423314
population,0.9,8,47,88.2631401339506,23.5793955436518,26.1993283818353,712.838703055734,15.0067494511288,73.2563906828219,10.276713423218,12.3819231132642
population,0.9,8,48,131.853634858665,37.9481033885828,42.1645593206475,1386.32733843265,247.884236775166,-116.030601916501,-8.36963960096775,9.51100300797179
population,0.9,8,49,62.5446943051639,15.4950510754415,17.2167234171572,482.474186493305,25.0663719825245,37.4783223226394,7.76794352357739,12.963324475398
population,0.9,8,50,42.112516293371,9.98742347843916,11.0971371982657,361.545811713785,62.4065567488587,-20.2940404554877,-5.61313111588563,11.6479059994502
population,0.9,8,51,74.6005279721318,19.3290770607967,21.4767522897741,610.147587076148,40.7618455847525,33.8386823873793,5.54598315295086,12.2266365633962
population,0.9,8,52,72.6426195018692,18.6341697148483,20.7046330164981,599.134213767035,42.3044163472194,30.3382031546498,5.06367395777642,12.1245987681343
population,0.9,8,53,62.0412785010291,15.3061685875887,17.0068539862097,500.614809851716,46.0319262819684,16.0093522190607,3.19793819599598,12.3930170023148
population,0.9,8,54,67.7260795626627,17.4627086221085,19.4030095801206,551.312809483921,36.4122332069098,31.3138463557529,5.67986918081325,12.2845104263151
population,0.9,8,55,67.0053842236279,17.1039336585871,19.0043707317634,522.42304200398,19.6202303326051,47.3851538910227,9.07026491581544,12.8258860801009
population,0.9,8,56,42.3335371280009,10.0309303723332,11.1454781914813,304.49044846192,10.9567648964248,31.376772231576,10.3046819333973,13.9030755617594
population,0.9,8,57,186.261522904389,53.0941315383478,58.9934794870531,1622.93664793365,41.4390512498952,144.822471654494,8.92348273969191,11.4768203146771
population,0.9,8,58,41.9852386222003,9.91893815115384,11.0210423901709,314.535131759794,23.5793135936411,18.4059250285592,5.85178670680754,13.3483462999179
population,0.9,8,59,68.4048168237262,17.6991592289149,19.6657324765721,566.834473546363,46.3512140648826,22.0536027588436,3.89066011120789,12.0678646088259
population,0.9,8,60,28.5488772283089,6.53755230106581,7.26394700118423,228.186545990464,32.8851015687378,-4.33622434042886,-1.90029798716094,12.5112009143177
population,0.9,8,61,65.2265754045874,16.3827252498803,18.2030280554226,490.216137229673,14.5747993522413,50.6517760523461,10.3325395076937,13.3056769149213
population,0.9,8,62,84.412466922369,21.425911253153,23.8065680590589,659.434818904788,24.7686214909257,59.6438454314433,9.04469156337571,12.8007294280524
population,0.9,8,63,84.1837455796166,21.3230078638696,23.6922309598552,653.323165185325,21.2077241831322,62.9760213964844,9.63933697018387,12.8854677234255
population,0.9,8,64,149.112158255274,42.2903104483193,46.9892338314658,1336.88931910916,70.1305298125973,78.9816284426764,5.90786591782379,11.1536651631442
population,0.9,8,65,86.9884287652691,22.5828237465158,25.0920263850175,686.061262838312,20.7551469056562,66.2332818596129,9.65413519859705,12.679396648251
population,0.9,8,66,93.0761635151251,24.5084028935215,27.2315587705794,745.95894279053,23.9552890040088,69.1208745111163,9.26604274660808,12.4773842333654
population,0.9,8,67,92.9446554760256,24.8442942954444,27.6047714393826,800.582906411204,62.480399471461,30.4642560045646,3.80525936297187,11.6096227800655
population,0.9,8,68,65.3463306030817,16.1302542645373,17.9225047383748,475.612668657842,6.1639881763865,59.1823424266952,12.4433906678107,13.7394007580761
population,0.9,8,69,64.1426767644676,16.1338114935907,17.9264572151008,536.696279844306,52.8200681809203,11.3226085835473,2.10968642950758,11.9513920951856
population,0.9,8,70,85.4447235545502,21.7010749301906,24.1123054779896,619.530065884815,7.94824369105123,77.4964798634989,12.5089134702152,13.7918606795165
population,0.9,8,71,85.0615804017637,21.5852211108561,23.9835790120623,608.010330732285,2.48880117273549,82.5727792290281,13.5808184590512,13.9901538020441
population,0.9,8,72,148.474825715199,42.0685560633939,46.7428400704376,1360.99703263525,98.9403507334301,49.5344749817691,3.63957259229709,10.9092688782512
population,0.9,8,73,74.0500459645698,19.1162264948491,21.2402516609434,614.937597398746,48.8884264016003,25.1616195629696,4.09173543289694,12.0418797415884
population,0.9,8,74,110.601604086694,30.8723126256425,34.3025695840473,1003.4392200558,78.1142545882588,32.4873494984348,3.23760013054187,11.0222524569593
population,0.9,8,75,44.5330998531115,10.9448018771911,12.1608909746568,624.994611156499,296.650554840765,-252.117454987653,-40.3391406081296,7.12535741239541
population,0.9,8,76,62.1313974538124,15.6565397416857,17.3961552685396,552.739577616118,84.3988150308945,-22.267417577082,-4.02855494320092,11.2406275884524
population,0.9,8,77,77.6166165555439,19.7372875125047,21.9303194583385,634.80680647336,43.0203217704775,34.5962947850664,5.44989348448618,12.2268091274477
population,0.9,8,78,102.132290425764,26.7770957384458,29.7523285982731,839.518792120485,40.1825903406776,61.9497000850861,7.37919158767268,12.1655752538659
population,0.9,8,79,102.168105895449,26.8280500034823,29.8089444483137,853.281728322507,51.06761982772,51.1004860677295,5.9887003754539,11.9735490054738
population,0.9,8,80,96.8505820498017,25.7035570570277,28.5595078411418,332.755448298354,0,96.8505820498017,29.1056337454658,29.1056337454658
population,0.9,8,81,111.961415772254,31.330390053089,34.8115445034322,967.53070212952,36.0844063582772,75.8770094139771,7.84233608783401,11.5718721406803
population,0.9,8,82,151.006731010754,43.9190803975438,48.7989782194932,1520.35894772172,202.786535795408,-51.779804784655,-3.40576183421998,9.9323078432918
population,0.9,8,83,79.9964047314589,20.1475324419758,22.3861471577509,615.299664391078,18.4670785172268,61.529326214232,9.99989594909394,13.001210525708
population,0.9,8,84,67.6377649180858,17.4121712063252,19.3468568959169,571.901802184759,51.3717264028704,16.2660385152154,2.8442013039785,11.8268144390695
population,0.9,8,85,88.6270574863626,23.7010321846819,26.3344802052021,723.948492732443,22.0734933078306,66.553564178532,9.19313526399299,12.2421772233895
population,0.9,8,86,37.9803277061877,10.02812270453,11.1423585605889,357.893801834654,57.0641516453467,-19.0838239391591,-5.33225885481407,10.6121781130299
population,0.9,8,87,65.2082039006735,16.3859775178148,18.2066416864609,499.828470724362,21.5538526605694,43.6543512401041,8.73386647560098,13.0461163619136
population,0.9,8,88,80.2484914203963,20.351321443306,22.6125793814512,691.028576168505,80.6709104896924,-0.422419069296168,-0.0611290305298696,11.612904905517
population,0.9,8,89,78.2860820538551,20.8003884025066,23.1115426694518,690.116904997249,66.5879391737873,11.6981428800678,1.69509583019335,11.3438870265274
population,0.9,8,90,64.282642217572,16.1583358683355,17.9537065203728,542.835070073661,58.0849940235954,6.19764819397656,1.14171845845103,11.8420208570624
population,0.9,8,91,83.9967346420247,21.2931537641824,23.6590597379804,664.80679787922,33.2188724805819,50.7778621614428,7.63798780689783,12.63475868628
population,0.9,8,92,75.6776218060671,19.5496815082271,21.7218683424746,642.117220240396,55.9907094287818,19.6869123772853,3.06593745763662,11.7856396652522
population,0.9,8,93,61.3809207549026,15.5224762510754,17.2471958345282,495.091834227646,31.8261126657845,29.5548080891181,5.96956080587034,12.3978859095218
population,0.9,8,94,75.8228827026821,19.5994006846283,21.7771118718093,644.863021216922,56.8810006780726,18.9418820246094,2.93734970085029,11.7579827355578
population,0.9,8,95,134.365661799624,37.0271753254259,41.1413059171399,1124.89134287726,23.3753908840301,110.990270915594,9.86675483088895,11.94476805697
population,0.9,8,96,131.811158566534,37.945798901086,42.1619987789844,1425.80741459576,287.433447563184,-155.62228899665,-10.9146780556455,9.24466777330545
population,0.9,8,97,54.1921240939893,12.9253611530441,14.3615123922713,394.51608055663,17.8813129439643,36.310811150025,9.20388621391386,13.7363536658705
population,0.9,8,98,76.4698843751225,19.825445142222,22.0282723802466,633.859739294901,43.8462672198458,32.6236171552767,5.14681957739844,12.064164930271
population,0.9,8,99,58.6217207389393,14.6231912072838,16.2479902303153,507.8059681461,70.4220050398616,-11.8002843009224,-2.32377818323068,11.5441181112848
population,0.9,8,100,185.846055344001,52.9561942994819,58.8402158883133,1612.64876125127,41.4117424255086,144.434312918493,8.95634042507959,11.5242735932034
