tripID,Realized,Normal 0.05,Normal 0.50,Normal 0.95,t 0.05,t 0.50,t 0.95
23,937.61,1065.18854191735,1053.88192853912,1310.39349124771,962.723212856125,1076.06612887394,935.854686572405
35,992.08,1098.10175996049,1100.93431022217,1157.60649783838,1007.45534100135,1123.9058642047,856.911693784153
38,806.76,787.979807361808,950.118335207337,985.909201827088,917.663891240011,962.753313694517,801.86210033154
41,1029.3,1080.88072035144,1153.1815287732,1100.5946297685,1228.35884522752,1165.21077160166,1027.83731637076
51,953.47,905.234103883076,994.944102552672,1553.95479088605,947.513303280753,921.019437842158,982.426506191395
57,938.76,780.509237152596,798.408385909563,746.43814484771,786.124640409732,716.543309488657,723.956434350602
68,818.2,902.742692585695,982.455159854609,893.546158939475,783.32189469633,803.814083596548,902.442818723388
80,1725.8,1956.22989423984,1769.50769739802,1828.68884579993,1916.81325071292,2010.51265510973,2354.64621164524
86,363.82,260.881968510981,263.513262783597,245.940620013178,317.38947208061,317.865326630063,287.244019740167
87,1175.13,1154.81875542419,1186.592470485,1332.00416985993,1048.80328683863,1128.29569498422,1158.14515327498
95,772.95,863.201087740652,721.352941304306,851.566993133648,746.779925592432,764.244000434757,814.855974666544
111,1687.53,1791.63263479298,1463.09223935293,1705.40214056166,1727.27864779239,1567.39499991501,1446.43239933075
118,1773.38,1683.98873370045,1782.18017518317,1342.6776413369,1420.12006938025,1699.48560233519,1683.37366272167
120,1881.26,2265.44553233648,1806.34414249532,1950.96967779554,1984.72893724056,1669.17434753653,2383.63260257887
131,1240.55,1659.271586462,1298.08234650878,1922.45922782143,1814.42404867763,1268.65452207849,1407.59480208768
133,1046.51,1154.57941475553,897.857388975516,1002.13481715925,1102.31321132957,910.766304154985,908.672403873157
137,1920.1,1978.11971253513,1992.97254489767,2163.20576163283,2157.77732533353,2092.19608104885,2254.82362370854
138,984.440000000001,1371.95352991779,1328.31342236327,1377.94163422662,1133.22165121231,1497.53089819453,1571.61206200756
141,1189.58,1246.40995908304,1281.72404591815,1319.56806808995,2808.25117766167,1283.02397318501,1170.13378788736
158,1667.63,1756.52840934497,1877.9362450601,1410.27224991683,2092.97500803207,1960.1060855291,3906.92818475982
164,3419.24,2777.39099487543,2907.8683147363,2454.196748391,2557.00492157886,2697.14206667216,3162.84771191481
174,1083.08,1223.79996753363,1065.81273443776,970.750788363801,1147.40034111944,1227.08151004987,1046.63333497984
181,1309.61,1371.5225334598,1607.94349650479,1125.33476223562,1283.70744863156,1159.47963367738,1125.41164413895
192,2623.4,3083.9270976275,3368.99361224323,2903.31327814209,3149.85053417457,3012.25469127515,3300.05471923558
202,1020.34,1066.0038429133,1037.26367621227,893.189893902518,983.341672857208,1085.63423865726,982.904359426264
207,897.61,713.864204449077,713.561241353233,948.078075828045,879.889207059096,729.962717527473,519.562626072733
208,1657.34,1435.14193526719,2013.85338264688,1380.17106652924,1801.79379031744,1618.63327301102,1895.76335226688
210,737.07,992.194220090288,785.978378112383,470.776791581165,645.143379666258,1023.87199927557,715.419919944196
214,2266.83,2161.81818799412,2410.05383092604,2112.21501474081,1989.21833565904,2129.67139876149,2089.89634056967
216,2819.64,3008.0581422928,2597.30317127123,1911.68160150005,1938.63948645354,2329.97856620367,1943.29449641128
225,801.49,547.60885381644,660.64782058016,639.528154504033,438.833951923859,519.212423129552,599.542643851272
250,1868.25,2003.05683917851,1983.99783703908,1696.62310716934,1784.19050394286,1860.35443301736,1437.34811683842
256,2502.34,1815.57129482726,1698.01247679734,1945.61278651295,2053.72039048612,1858.87499888808,1622.61973133663
258,2814.13,2080.7474179463,1961.92833643197,1794.73032640985,1967.78404959392,1617.66782763231,2652.75631917323
263,644.88,651.173202113145,624.317126473185,589.818894661183,612.979262270797,606.79818755026,840.951049479248
265,1512,866.49622127289,1672.59665135335,1539.57967993485,1070.58905484647,2067.13652434306,747.843779535166
284,1296.68,828.716614593509,992.985411945659,2145.5724857458,1172.14773818639,1179.24571329042,5042.15184900512
296,365.31,539.948814157118,767.087805531585,776.101410546116,571.216710681258,562.720757655532,420.157734971367
298,1883.47,2132.6260039595,1350.3960157208,1524.63901558769,1395.35894126892,1938.36815695829,1244.38236832606
312,1527.04,1225.81909933051,1097.95986566853,1245.88213407258,1214.93810230997,1262.68337199547,1218.66365699818
347,2112.27,1850.54422543843,2007.31278824596,1727.93555550054,1718.9507926146,2061.82398540929,1767.14203264774
350,976.28,685.099320225213,1212.04264651742,1113.45683450737,898.698012106298,710.514393154478,1460.40032314056
352,1721.93,2037.67263701374,1824.50929427158,3199.52773018515,1834.07435128665,2381.52810512219,1716.11767666873
377,2090.93,1507.27806458515,1840.70359855005,1398.87053174841,1669.68264166797,1756.06141321457,1878.94177080536
378,984.35,848.001356195246,900.849435221978,2529.53352538209,832.246742645729,1027.49863382253,856.369463412455
383,1393.07,1279.05092781233,1572.20950493858,1825.1631824045,1436.18645810305,1216.45295867067,1165.86292788925
385,510.21,531.477650407902,695.520280824138,686.555791247606,646.003933921554,617.31130907637,450.576455969344
417,2892.39,2458.64361457302,2388.72253033318,2418.0164288064,2804.19532202501,2201.86365956725,3589.01840280351
447,1282.73,806.557099601866,995.451727335214,1967.90269317152,1112.640523122,950.758027425351,923.161323595271
473,2041.98,1980.65520075129,1636.40347291315,1761.16050580542,1676.19724567495,1943.56333243727,1330.08472518657
474,1656.44,1902.76924829849,1677.38050113065,2447.4774261034,1559.39210999782,1734.72233131627,1862.09772695256
479,2911.07,2546.27452440826,2015.82683578717,2488.8669537012,2206.75338742816,2404.99836773709,5079.65402240091
485,2600.58,2198.86289195404,2296.59875343888,2611.5324182386,2222.01941094583,2556.61809977106,2149.32515727487
509,2293.76,2125.74873474415,2575.61703122443,1766.0092259542,2424.17439841609,1738.08814670844,1584.58866367107
517,1101.56,950.153859636179,1166.77348901641,1384.96907369823,1223.92061730958,1018.93998606846,1072.85544721543
520,1859.55,1421.17378140484,1256.89115716788,1368.09223219367,1420.32963786618,1552.98904805695,1312.13086700944
546,1820.77,2200.19597543694,1925.67505363461,1548.29968681742,1592.07993177323,2049.95552263449,1963.20471834609
561,1412.33,1901.4427674674,1712.96412111783,1570.8566404453,1188.67550029451,1405.48517404743,1041.80047534257
570,1728.65,1650.03542055424,1072.70815798757,9177.98025233242,1762.81796719576,1446.08251168083,1741.48112861142
577,2330.02,1811.52941176404,1872.79707271104,3161.06068522969,2010.47047996183,1587.78690100919,1524.11381202771
585,1667.09,1318.28350081693,1552.36752456346,1656.80730242871,1481.90066201488,1118.74491714497,1552.00370421735
600,2490.63,2426.51759429982,2879.27435460674,2392.03288404002,1877.4539829685,2423.36796566607,3067.80705776331
606,1791.9,1746.24053539579,1539.51320129666,2135.33780816726,1856.23961800048,1497.4256416382,1269.48908817904
618,1285.56,917.870191147655,1161.43485158879,1021.62095243433,1101.60313874892,981.938051205339,1584.8914082674
623,1308.32,741.818454032423,944.946164617263,1887.01745711942,1005.88178912423,1277.00433229101,615.351013787064
625,1661.29,1467.5664273121,1592.9139821833,1537.74297106663,2356.84978670522,1870.17685495209,1681.21929459009
629,1431.04,1328.1016759026,1459.8247372099,1770.60842034209,1691.20378552477,1561.07583748345,1187.41683267474
633,1427.34,1371.76990907411,1257.42842344879,1165.53871279088,1401.04392611482,1374.99544375229,1326.33597410928
645,2086.78,1610.72228722791,1342.93482647383,2726.48947977371,1707.67277837065,1634.11885508917,1892.29848624073
661,1154.28,930.727795820462,885.504488629638,1074.58778836639,926.664775144152,941.924202190251,954.268136120034
674,2473.45,2054.63702835988,2953.9087299366,1555.58610578488,2420.37281847493,2201.49129680571,2629.82388976403
700,1128.23,1071.00753214675,1078.72102680533,970.455339417424,1238.30664040096,999.602404332113,984.069060070584
704,1674.59,1193.12985412409,1115.96460134081,1632.97153324659,1189.78256015335,2077.71895577069,1382.23585488595
760,662.27,902.92490252888,658.660430341477,794.750091283927,700.091811210643,610.254585464369,1121.42424920987
763,2085.15,1950.55223768268,1715.33498648154,1995.706383163,1783.67361676985,1797.09317770437,2847.17368053957
772,1504.75,1564.45003858929,1748.0136050514,1739.385027059,1815.46445785707,3456.66982783556,1571.33774361017
786,777.92,508.57335716244,635.576993351274,618.832697400625,635.984527152211,522.568951440474,678.365910030209
790,1238.07,1889.99589851858,1268.82685483311,1459.40906922514,1276.51250797744,3462.79411565166,1141.86955833867
793,1574.94,1556.0951448424,1736.93924080632,1964.12403165825,1428.52677539938,1485.59601006885,1844.06314598611
801,573.32,520.733504561503,528.782707282588,373.322730479017,621.497656622618,827.195102532638,605.385776530325
811,1320.96,1235.84780925974,1162.70183674482,1436.26368254372,1242.46110431676,1016.77383156582,1797.63770275046
816,1262.46,1334.30812554072,1355.12937987666,1073.60216998616,1169.38951158411,1234.99044055006,1237.37076160884
827,276.4,345.49465049911,433.607306264749,478.552074518287,292.305469205568,317.19234127019,416.311878153982
845,1634.14,1483.79778137163,1404.77702579876,1318.39562953461,1667.47211996814,1191.90375164168,1198.21387957719
854,1969.04,1816.03994420539,1800.41549461469,2645.79435606902,1626.95949017236,1953.68695793556,1702.92910913642
861,1975.66,2025.33002407951,2353.50755167123,3573.80650421891,2219.60752894473,2502.22993931029,2176.07716617095
866,1502.28,1715.6370123098,1612.11395932287,2123.18131882,1883.49978744436,1588.46688703118,10647.8287971911
902,705.89,660.347242770178,851.563215043984,1078.48297483521,932.059914530857,849.563970731581,623.655991951425
930,114.73,98.9684205332151,117.575628672112,114.048876268657,109.439024552459,111.156404214002,102.761605451339
934,3249.15,1846.73812472051,1602.15055685646,1837.91923432874,1705.39224236652,2312.49817790197,1868.85955423438
936,1448.47,1764.63269251675,1863.03280084428,1575.17827629296,1262.19733818256,1829.2396285054,2356.97690704413
946,1134.94,1262.5378441251,1649.30442213467,1107.78268148892,1443.67284265225,1316.50824188229,817.844762141471
957,756.92,782.240027669728,2231.6236212429,903.652619618023,1113.2392930631,905.276601534162,796.515680452265
959,615.11,676.100011602586,586.550960379337,676.805921516133,567.858543474583,605.266517824415,535.559549601409
971,584.58,688.225747459624,779.746944122595,581.908158112598,556.675825879364,561.058027396982,895.912646433504
981,1874.74,1950.16204538656,1848.27419537813,1885.66607878473,1911.2234994823,2029.50484990233,2000.05905946937
995,1702.54,2075.98775617234,1363.88703305794,1697.46813597961,1726.48714425473,1724.85814501453,5290.80708647594
1003,3970.5,3087.74431856882,3448.66120404804,4851.89230133858,3400.52829523396,3351.90474273808,2930.81212690918
1006,1883.02,1589.97407259529,1983.19215917712,2129.37163357671,1453.15473657109,2124.22091569029,1472.41206105556
1017,2317.36,2241.5638243069,2063.32758657608,2682.8727933244,2009.14315220491,2295.4348715012,2346.40783776253
1041,1708.07,1671.20015195832,1804.79426956679,1405.67053268688,1718.43872369949,1552.29759001669,1381.29236754148
1046,1291.53,1565.15709648759,1151.418833841,946.160725120337,1011.75290985568,975.914979102058,771.432652000819
1047,700.35,731.647842684603,488.09827108574,1613.87832226888,894.596707858325,846.202100017411,872.792387864059
1073,1112.25,1099.9338475981,1069.84457897956,1299.02171954074,1134.47736259001,1497.60844023499,1051.77106038527
1078,641.99,521.995076470083,560.711917161431,529.202294401575,565.131680779154,597.095966131495,745.733312647525
1083,969.55,1046.5493986653,975.784140945663,998.721354056054,833.8844504033,1065.15723284062,983.156059486527
1086,519.28,461.020983991069,481.075506596948,511.957137090308,508.372051359665,480.295307960544,462.460951259348
1100,1889.87,2326.67487387727,2039.56534110864,3068.19126622925,2572.14271787398,2315.78797153481,3330.08477995126
1106,1017.69,1280.24805614146,1449.96597455279,1474.94529207621,1201.20748458339,1255.69514994895,2495.10393998824
1111,2216.29,2970.65158151501,2675.13605632909,5425.63464759065,2631.65623606735,2769.32739493845,2295.68172857908
1113,1223.26,1778.12476076515,1719.59535555241,1588.21620925026,1254.9497017802,1487.40537700704,1302.37576625815
1131,1879.34,2002.33321777798,2165.28274217898,3083.88440894202,2054.21526427162,1940.33557074393,2217.35120356589
1172,410.97,274.856448377331,249.117399382655,582.935385515237,744.557599430468,350.334424606473,274.49383444642
1186,1549.79,1456.59620679047,1562.7667679264,1194.73267360118,1898.51795694824,1803.62460397684,4936.4634199899
1206,894.13,1025.38188833059,979.050365215303,771.725474355926,1061.46363082736,985.103315284763,1127.55546187541
1235,1979.05,1848.85643861407,2574.40166974583,2494.27641852859,1920.57582185812,1784.25646267422,5771.22048722367
1239,1708,1515.15282808119,921.100752012492,1070.85830343129,1098.63284911571,1257.70890062913,2067.24132989311
1241,1046.99,980.836669116871,947.557820796595,1063.0208022172,865.775280305031,1050.08351695487,918.815157528019
1258,1613.44,1782.0751611158,2350.53754214623,2316.15669611437,1772.18421299548,2122.63261500055,1771.33404493931
1296,1445.7,1409.66016743733,1381.11119801612,1158.63583927658,1756.6040097193,1143.66792078646,1630.11173788294
1303,3017.11,2905.5479526266,3110.64845212174,2840.85003612476,2982.23168099159,3036.7178859569,2566.87331349147
1315,692.5,616.229480333773,677.386027293909,711.966907932882,802.141195744616,582.0273444817,719.860962429748
1321,2481.38,1635.01984432793,2034.90404303367,1703.26111791533,2427.07303465131,2694.04145462751,2226.04118005592
1322,1333.83,1276.2267920856,1228.38245423601,1226.55085076225,1123.4337618982,1207.26275165274,1078.41826757858
1329,916.89,1131.83716116712,1184.67336288825,1579.68079016844,1168.73698974027,1016.55913283483,757.075666590874
1336,859.35,915.394828506696,856.477443554101,1007.27784724653,1116.74921937824,1275.05755948736,948.504413638606
1343,1499.77,1737.39128424689,1174.96964514301,1260.95321097845,964.84902703015,1317.05228744274,3589.19584575971
1379,1145.43,1083.91734644456,906.398091792305,1027.72952433167,895.318766744545,1016.90571066368,988.766219040792
1382,2534.8,2172.07917758928,2266.73174397248,2685.96765098166,1989.28185785296,1862.18622560347,6100.14473341418
1390,2461.82,1858.10875056456,1877.49937629973,1827.95186757147,2105.43577075121,1988.60991365293,1777.31255111315
1398,2327.63,1450.5790393478,1241.55127099221,2651.65316607318,1145.38027122879,1735.21994814711,1273.96739327359
1399,1333.03,1161.14470338361,1761.79222647218,1411.37489844238,838.581652385589,1066.26198729578,905.198017628141
1411,1352.4,1260.92782578152,1411.74009186333,1154.21334892667,1376.60911015422,1250.73494667179,1421.10635474169
1438,990.93,695.220975086788,944.615245414375,1077.66531936863,820.843845570873,764.489526142616,950.339957885075
1455,1666.96,1094.0274995664,1107.5149868798,1308.25109751746,1240.10602600122,1625.72102055764,1239.37255835558
1456,745.96,874.068404230645,844.123524918022,988.482559907686,785.329679091498,1014.36722924574,708.386582790979
1462,1940.61,1625.92059389917,1763.09386162648,1677.93821987379,1839.48743516331,1231.05764087121,1553.98421960413
1469,765.33,866.098312307077,811.805417621862,762.678086495508,838.695239205985,729.984724906801,832.058261372095
1482,158.83,175.203687716319,187.910773418406,211.162105929081,186.715168264885,145.06515151905,149.074715592168
1485,1643.9,1297.05840393893,1239.86874600313,893.20072807616,1317.70228401082,1498.22011878644,1517.73922363105
1508,1058.29,1112.31667090756,1008.20031835844,887.965293458023,2025.67824320389,984.262565843223,1015.89828246425
1521,1289.1,1695.67978959222,1795.07300002029,1886.84683500012,1641.03381348131,1293.11128374802,1676.89548405635
1524,1438.94,1160.43666346299,1437.60643179523,1010.90582147395,1411.74999906245,1626.50797177342,1257.52481924018
1525,2794.87,2048.90262870214,1811.35499302328,2368.0731735617,2054.93373998011,1770.1913250887,1775.72545524974
1527,2339.7,1889.71363149175,2167.27636389659,2729.48069761534,1937.28586944578,1614.38805440128,1512.95939753118
1546,1425.86,1348.25909916348,1271.0710017538,1150.05756892854,1266.59867170692,1528.76062032827,1053.99288517495
1552,1502.33,1602.18122428772,1375.64636046287,1897.85021842809,1875.79287234331,1647.63093458731,1561.8513041265
1560,1078.06,904.085005827675,1158.29569866576,2075.54220561188,1185.66007416539,965.346011490278,1652.23572374705
1617,1240.24,1076.52166360919,1125.60633116903,1457.91833615714,1432.61282647784,1172.5791824826,973.925032381741
1622,1530.54,1359.08187387886,2008.9186983732,1775.902173128,1801.2351904373,1375.8760629258,1213.97757154164
1628,694.29,751.650435996559,869.27431369441,1077.86874340019,754.007994807431,788.649182510256,807.997191726612
1651,1689.68,1376.27900389223,1829.66182287406,2013.92407893023,1656.80226480989,1361.07725700083,2094.51880465194
1664,1910.14,1774.7483102756,1862.94570320785,1351.9798967657,1530.365628844,1739.48905615247,1899.88832708231
1666,768.13,813.731676573205,758.987910467255,12235.41709426,862.062798485868,856.72055857258,800.815370812733
1684,1571.04,985.55589675009,1041.10941530544,1670.20478789993,1564.52102451023,1143.75024708391,605.791705928315
1685,1111.02,571.949517465755,714.091309130786,649.008134467573,622.058682964061,591.795638790771,728.154060083882
1686,2465.47,1670.20976142273,1847.42944284779,2075.92349273412,1647.79015600523,1703.80549002947,1364.46518711156
1695,760.97,724.348449047613,802.409693354227,690.138687947484,705.832194707577,797.561519777921,719.423452506497
1705,1817.5,997.027258292499,1243.77246249097,1387.25913662093,1017.91699167247,1045.70756806549,1949.79866042703
1710,1674.04,1896.25756538538,1742.78938355719,2023.69972407138,1645.84132729671,1653.35115139388,1454.95888559743
1713,562.82,615.313183234239,724.326972835807,737.140970196752,626.238202044901,588.609928426346,474.863359985125
1725,1301.98,1548.08865298346,1041.2488693462,1955.71585438857,1343.30216992735,1317.19947152782,865.363830652469
1728,263.94,250.658876036152,249.81857779601,192.169456419593,144.244984605033,165.166246625039,204.689102392127
1751,915.78,919.799418688084,1333.44237825271,1001.50040133852,1185.70218667771,998.333765475786,1308.03990609421
1757,1096.56,1171.94681492975,1079.6089083016,984.920729196074,1079.5691531609,1101.94430757833,1225.69984810104
1764,825.79,1450.88556943133,1120.58916329337,1206.90244797497,962.619875160565,883.680912685862,1082.82473319395
1773,1271.87,1017.67930081671,1069.28999141267,1178.41536231361,991.339054299256,1121.40137527826,1181.25887612454
1803,1087.29,1088.23385912134,1031.00713274287,1030.62730519678,967.661492043638,1392.57764922671,779.470630145716
1804,787.240000000001,728.706402408025,763.756250449112,775.135666992571,744.042642303136,802.008758075926,789.761450450285
1811,2256.39,2066.46638595893,1906.48672673986,2006.01829050909,1899.556140169,1532.54874487256,1421.52831414493
1826,726.22,584.195225820492,592.3403088654,763.666765821989,554.936485517438,538.852916800823,517.542370468086
1840,1345.18,1181.74486985867,1113.57923380905,1276.95207282999,1117.20270855672,1057.39791310492,1098.10266085529
1857,109.87,125.507960654101,127.09120823129,124.540085340874,139.793288933241,121.746740018478,121.284578414935
1859,949.21,889.564423731786,1289.25730264216,1107.66936145301,835.371925134945,895.398688010012,919.285673429316
1867,1079.59,1284.67314318692,1265.57557230222,1376.89196923155,1604.2109775918,1208.62053007911,1266.03865565635
1938,209.81,165.377405194043,192.812234790097,205.435255406343,206.865319653088,190.665479486847,248.132981473531
1953,1062.91,5168.96927673306,1283.5402904609,1625.71323651741,1813.35403287035,1942.12212425996,2494.6412684906
1956,927.05,1231.55688397526,1270.72991590757,1331.724102189,1779.69003400306,1125.76276304041,4382.27879869245
1963,1106.76,1567.08584500023,1431.34371554253,21870.8948774577,1135.75898334537,1116.19450865994,1550.27981722093
1995,1149.52,1107.52953346373,952.603606255323,971.693708703006,1147.5106581035,1463.04112748522,1245.01353736732
2004,2755.82,2694.23485500708,2750.94475939943,2929.08736185324,3076.19115007788,2992.51505201783,2391.84685853359
2010,745.56,690.435223732973,721.478126172507,1054.65396022838,730.98013557157,798.948793051397,564.746379917163
2044,2867.63,2850.52002848279,2286.51179223756,2482.17219445797,2672.91652912538,3559.7916413703,2757.08623498529
2058,626.07,765.934391844923,695.055035033972,708.849201025465,614.618598661116,600.455246496425,667.376539565264
2067,1439.03,1916.65943573599,2573.38965426069,1425.5311032782,2216.91500798406,1696.35890989585,1906.61192317677
2078,4514.44,4795.18212036068,4666.26097639009,4679.68238545917,4564.88652345173,4895.08975380318,4419.38235456798
2091,267.31,235.856647029885,242.250554335327,248.205089073843,222.269939644858,329.533774601857,280.924973897017
2099,826.57,1130.83115869957,1314.17673940485,2020.81709454749,988.555967533797,979.322236431245,1061.13628369918
2108,1841.32,1506.24996044153,1640.83394787427,1782.06804993687,1547.52670696649,1515.67948829272,1609.0527875203
2113,1172.93,1496.99490575571,1280.65674273192,1519.52217822669,1401.18408374019,1275.62217196928,1062.35778949201
2131,162.44,148.663825234539,166.61530549369,147.341123701631,142.506045414306,252.759477541159,274.658240658298
2134,2885.16,2593.34534223651,1856.4657936431,2088.25107661436,1834.35337285763,1701.43637514913,2350.74913340867
2144,1694.61,1346.69712283252,1427.03223058495,1653.20803283781,1320.18474718772,1291.92409099226,1124.26766968132
2178,938.67,881.593914488239,701.723684521214,837.963847946335,844.881899406349,1015.93382828605,783.589482747787
2180,548.41,487.953052261485,617.66723741638,735.008324663034,539.197391611517,607.165596394438,385.668805587677
2183,3285.41,4060.33583844642,3048.47191061007,3268.31134426926,3535.60186830968,3358.25253572387,3042.97170690576
2193,2405.09,2210.06415366316,2055.8186644505,2381.50326667523,2149.29649480997,2783.25693954121,2075.47400579828
2199,2501.6,2192.94837332736,2197.50696757274,1804.28464476736,2326.26849919161,2390.75798559092,2578.36266609038
2203,780.25,744.715628872296,750.485812481696,714.608049571125,713.243832151571,807.924082152325,753.372904608487
2204,1859.6,1820.1299862892,2944.38330960372,1625.95896805101,1651.80270895168,1598.85589174024,5105.06556833243
2207,1753.65,1616.49934255246,1120.36289412485,1499.02417976563,1620.15052836416,1289.05294162494,1458.67448077401
2214,1321.5,1529.19135679537,1412.82573113007,1921.48741451642,1333.00192326469,1610.03309040905,1427.75308228499
2228,982.87,1157.21844833193,996.266217498085,1092.47930301377,1081.46820594302,1384.70515272204,1017.71164287012
2236,1561.7,1194.40530219503,1249.60820317896,1320.6453659311,1449.24531530715,1344.55690524457,1212.71889791277
2238,1023.38,1146.6586079481,1347.13989067304,1220.06790428932,1114.81132701201,1267.57636545219,1261.00014242532
2242,2769.43,2368.76216459523,2556.76134811568,2950.32393277113,2968.7571799853,2464.70179826348,3016.54461783224
2291,2977.79,3063.50988997833,3671.09978944551,2879.20706364937,3130.56885374342,2571.17776007352,2825.78944839836
2293,2227.5,2346.40574127975,2573.87656975986,2192.00526642482,2320.16420165994,2426.43848843724,2900.79811745276
2294,926.27,795.97286800415,2171.06030863874,577.078277757669,824.418686172626,1261.92594775421,574.091203631988
2324,783.45,1095.40008376639,1216.48549864848,1327.67624805969,998.391911194578,1090.67513980257,1357.61665982819
2327,446.45,554.962062542542,498.203950427397,1076.16193836886,605.822583195623,573.868368258354,267.054597393582
2339,658.75,1148.18070730859,604.877228384373,465.651227745058,579.211424635623,612.227400211936,457.84243683699
2380,1075.96,1244.67234542586,1324.03476482281,1463.7481666264,1514.3122151372,1614.33868934715,1430.88393422539
2392,992.92,1466.54025024315,1293.28599405774,5748.77558303474,1163.6515079041,1351.0037669101,1418.45446664303
2437,2076.8,2389.3542094094,2171.23394950541,2516.7922366745,2501.43007609186,2251.58610299002,3282.00912964519
2448,1224.61,891.666700658262,1323.34020599991,1540.96442517297,1061.7463719374,918.225438124195,1093.91097527426
2466,587.37,532.198476899461,580.773739305362,479.755778575423,581.431014490548,847.768223278698,543.859487636956
2489,583.45,535.295236898228,558.234500292335,630.437253823373,581.524564849386,673.46146988537,684.099808678031
2504,1485.58,1567.73141734214,2146.67194906809,2391.40548061893,1549.89761858924,2140.42565464165,1964.86113727583
2507,1699.04,2014.9119050362,1689.69035211578,1670.26276842554,1775.49347856985,1754.693847549,2199.8474362134
2512,1538.89,1471.87760668922,1478.90600997083,1457.90992552956,1739.38988075086,1292.59599520996,1921.50166951865
2521,370.4,495.424683853385,252.689716621805,370.184466323618,237.682184737667,220.182065245957,183.147409235228
2523,1625.11,1525.16626003791,1746.17155614504,1832.4259272815,1721.47745615234,1714.79159024136,2357.11368387848
2526,638.8,570.118955851644,562.423386987994,1014.03880411417,515.593724575502,634.498790916665,623.824862895434
2527,1792.44,2411.84525115052,1854.45786133491,1761.202746791,1803.85953614033,2902.45001105773,1667.00092389407
2533,1027.39,794.359354687382,789.559852347691,859.776774776147,860.250241669352,1543.74345014501,875.188198876466
2535,478.43,415.976888841748,441.911155479734,484.28053865465,404.08857672358,424.015584840723,917.86666456662
2539,440.49,405.586696414987,342.10129808703,301.045124140672,404.073300096777,353.648474698619,383.118046261613
2549,244.84,247.069091343957,220.466562157971,173.138121641479,467.347815514488,217.413109432061,185.825495737289
2550,790.92,751.938993848753,776.072697985461,748.494558206219,716.25261572422,978.43290730512,728.775817668056
2552,1724.78,1612.95589502999,1408.95695990353,1348.53857024086,1332.42136997216,1295.08101943211,1452.54771638418
2573,1164.75,1136.1836042361,1129.42643867378,1113.88087323687,1112.82040778564,1038.32765398932,1349.75112309111
2579,1479.27,1476.659349524,1669.98687296864,1746.8081765302,1552.89335267105,1572.65836728995,1409.59140516029
2581,1279.8,1229.37590180694,1128.46929854577,1310.9695311514,1543.45339240728,1217.85828917196,1405.43246607769
2585,1225.35,1137.43762320866,1249.84742772649,1021.96909322021,1099.07465346943,1422.75869659411,1160.19220061721
2597,958.23,1186.48152070539,8040.56782619833,1433.63904937103,1316.12059684746,1161.79114643194,2402.57043734861
2609,1136.18,1063.5418963899,1197.43933107963,1418.56591782316,1264.78799163542,1265.75541970227,1041.04196191608
2610,1954.08,2132.65787079808,1927.17814791628,2444.70305006265,1976.98514776372,2452.37864724022,3973.00295401553
2613,2330.2,2598.71605575416,2479.97448807028,2766.34117743497,2429.40277402635,2828.66786898143,2736.93168911106
2622,883.9,904.204357612486,959.417098993533,1279.25132310115,739.487330060544,1108.577571221,1523.43344860588
2624,1365.93,830.064509153063,1211.9223370602,683.871366801904,821.946568047472,664.2843340262,926.511098557868
2641,1545.54,1734.50992287443,2526.45282001123,1920.50955385172,1872.16728452747,1768.74519607629,1862.85966242973
2648,603.74,523.505136037292,958.621012044287,447.901758294438,597.805021437369,671.432692887495,504.615039063568
2664,333.12,338,338,338,338,338,338
2676,2573.65,2570.11036367449,1999.11756821901,1628.63563224435,1924.97352053144,2371.9290760977,1809.76478356953
2687,1696.94,1735.27464080624,1081.42112235173,1051.74000044829,1355.03816721686,1004.79351961869,1524.44384835531
2695,1025.57,992.77593318133,1052.28453436173,1797.481274319,1132.55865671178,869.857521716366,1338.79588133413
2703,1140.73,958.317514740591,1091.39352225865,2781.90181383089,998.687804096989,1119.4698355082,1384.44341632252
2707,1157.75,772.259683225834,848.340375377678,1015.283158594,1029.06010402149,1063.0391695463,972.845008910655
2732,1290.01,1495.45470119582,1917.33723449965,1418.17921368775,1335.85617677838,1191.58190753164,1007.09101257582
2736,1622.52,1703.21930355916,1830.86981401748,1395.81209728838,1316.94405641592,1124.99984620155,1522.23104524505
2744,823.55,834.900356277598,762.44428042732,838.5668518608,774.898556581405,781.416864553793,948.248603865935
2745,329.18,379.151372208042,204.284768718482,161.237439531091,290.846101856109,1657.49211183666,232.763425229587
2746,2595.96,1981.44098936889,2051.31626117732,2141.59644598423,2268.0555074384,2183.21856131642,1801.27681750078
2756,264.77,241.99297163987,247.086715378028,285.493161383957,241.468319047906,268.40118377898,234.809658351018
2766,1662.25,1334.44604682489,1515.58684289594,1570.69294959501,1380.93707949821,1339.1099295603,1374.9584168966
2770,390.67,725.277930501113,412.340464702445,536.477502808391,487.267552539736,350.726110169657,348.820535469359
2782,1370.97,1344.33601567833,1523.4413481623,1351.99887275852,1277.07221219762,1448.04752973314,1235.39542917293
2785,2125.12,2100.69902731248,2169.78554748864,2000.98872105589,2226.1592329466,2122.33171817338,1992.78823891612
2809,2160.36,3003.85654078314,2168.90354644813,2272.18018929824,2327.63317718921,2371.9363440655,2065.99071181232
2821,943.41,1204.79597925846,1482.76969487825,2049.01892657637,1692.27312839449,1215.2256514449,1167.19795194203
2828,267.61,269.744715728324,310.775056545186,268.022619509871,290.930245245719,271.196877994185,274.278312124711
2857,2218.33,1860.53629429019,2235.46190800818,1916.44529758375,1743.95308224273,1948.06055211284,2033.54251908252
2864,253.82,220.539990728795,176.227420071736,320.467646041864,231.156501839462,193.987200764103,192.272310977731
2884,967.75,1161.80303044676,1172.78402006953,1085.98726459464,1086.07205746148,1140.18901691268,1031.88894139932
2896,731.99,691.686056033661,685.016048656662,739.837829039793,748.827369915165,711.796697818622,866.552980695231
2902,309.45,286.416899443183,280.624158152558,291.380574471617,302.966994461316,277.365488197734,329.511587430991
2912,1228.84,1552.47865835574,1397.34735892058,1264.67114183508,1268.46445085943,1170.69324132499,1245.67793938826
2934,489.7,369.881521901564,364.591388686132,318.014920586819,393.710318997858,436.386242939486,255.048575301695
2948,1630.96,1314.0409890307,1557.32449492725,1387.86980794663,1317.29533412541,1412.82182760904,1534.47348764829
2949,1488.59,2394.38512371226,1530.72178189859,1621.64996832172,2697.43571955127,1936.36054580382,2272.60865113711
2955,1719.94,1892.65037376585,2130.15776712196,2378.41645589716,1968.14885839901,1929.59184509614,1647.28780877678
2956,1283.13,1437.57893833137,1382.56517757412,2041.41878339491,1304.31312132133,1331.16709173529,1702.70558872232
2966,939.47,843.928083265619,956.969756025096,784.590278806369,852.316856823755,840.151348337312,843.475228557966
2970,913.36,713.259221777564,773.695029286178,836.701986589173,1244.80850660812,936.606656193959,776.577041199303
2974,1089.23,1112.51549539146,1547.29106616642,1531.69858855581,1142.59356079852,967.094064573885,1306.54200021772
2977,3181.75,3679.60369328105,3534.03546338371,3566.49209980799,2723.16666176078,2808.13534549121,2772.79518691626
3000,1115.97,1389.86980448499,1367.34324201832,1278.1315767496,1181.33643877574,1170.58330811725,2132.60950483268
3001,1317.38,541.561939810547,397.360297852873,493.490053466868,453.321728048646,443.301382363033,267.612170526292
3004,1120.4,1085.13090055324,983.038244548054,1023.53811834339,999.07301926187,1041.77262844944,1022.60903353511
3011,982.71,1155.59665425001,1143.00088714208,1119.51488626433,1150.14907827694,1026.3432268276,1011.48662587731
3015,1307.41,1710.19410738516,1365.2486215579,1665.22786684292,1225.49030871611,1419.44803562668,1525.44395699782
3048,1067.13,906.880876534149,776.32358203615,1497.44437018979,1023.52809860435,823.475082801604,1405.13637650238
3067,846.96,978.924805605197,840.353399909258,977.68364387153,1081.28300902633,893.381000850559,1086.70915333165
3084,575.62,812.148846763674,756.841052110415,625.251431031575,690.241085803774,663.683752852012,547.708349921418
3109,2668.34,3120.8762985739,3063.8246968017,2614.05182393631,2943.250786279,3032.37798362269,2591.28560902956
3117,1659.86,2394.73443860361,1834.44216770782,6698.57590330889,1863.86653822849,2195.31540844014,1698.49727466918
3120,1333.93,1525.99464381574,2046.8152201176,1215.70038003223,2384.83453678541,2172.57311046982,1336.82454465778
3160,1423.01,1441.25756641015,1215.72222450052,1951.26504240317,1349.65930399763,1506.88885525712,1173.57242076399
3164,1082.95,1065.5975344217,1767.16305201144,1507.59174686305,1379.4421327046,1814.8568148189,2095.86535680642
3176,1078.79,1226.72368222901,699.177312541862,678.066840577802,754.45879384606,741.052174547095,746.449411435033
3183,777.37,862.181064145618,773.339338371294,471.056265953208,821.445347340809,959.218120749035,561.372948623577
3188,779.33,853.355361899256,724.424986672361,725.744863295686,777.439520204721,661.694130313698,640.929721710276
3206,1769.98,1548.34538168628,2299.39605097284,1268.00264658966,1676.53846561968,1595.05705354838,2014.18216460727
3232,1827.02,2145.35437447687,1955.59324987046,2948.06122108132,2186.55540682129,2179.85170098814,2317.73599415998
3242,881.99,657.244783118577,843.577349251535,1951.51758060959,728.838977820243,1140.9399463499,693.88444937864
3251,509.41,671.33744544782,730.745115637056,658.887397721535,535.772273943083,541.710595313815,3741.59900987144
3264,1300.46,820.270959048522,952.257895450953,699.589375358625,937.910503607554,831.783129208344,761.466328889897
3270,720.76,821.811961382017,562.539227514696,688.232877756455,630.540995861255,945.619202963813,843.392638947382
3286,1419.1,1169.13182550407,1072.10152991779,1618.29980284112,1389.48106630312,1182.17859469467,1349.43193806501
3314,297.18,378.184758733896,512.564721725241,349.802625754648,316.379374229625,333.838030855034,246.822984588766
3320,726.25,859.196289378751,696.267299657817,616.36863972603,681.981917243412,635.956358157202,486.410792659578
3349,574.38,698.524091948735,699.52222074549,799.948029576452,624.55216753669,558.037453706721,609.314457644937
3353,1234.84,1363.20384436281,1470.6359134179,1418.66628158143,955.021053861116,1055.78140447474,967.962370131452
3366,1455.13,1355.0685109782,1656.40385596592,1945.92206599946,1439.54987618861,1528.48786251476,3403.78841523275
3367,2125.66,1481.64037560396,1542.43986846058,1541.80076118022,1452.40542969248,1342.15609938162,1157.07270708566
3379,967.75,1533.48598958687,1005.55360755141,1099.55135233862,1104.13536248835,891.907846265563,890.86658215493
3385,1375.65,1259.14954328526,1742.73802673296,1187.75000591861,1320.73408184198,1573.99526582613,1499.08923377517
3388,515.86,489.069869908751,755.106836088364,731.467006092036,613.43844106484,561.685109630692,520.199367037486
3392,1070.79,1098.85346810775,823.063080077517,1053.98646590924,1208.55409441057,1124.43064823391,710.664243273676
3393,2673.53,2316.85983992909,2412.44795838804,2933.12290911581,2384.0914136367,2239.95695701047,1714.14022025981
3410,1454.19,1336.26878647803,1313.85622047806,2219.38518011805,1956.61292470951,1288.00351858689,1350.79458034823
3412,2670.84,2811.17623946299,3224.75166490895,2691.0375777817,2877.12399180026,3162.35605158277,2570.20479361588
3449,1109.01,875.833816394652,901.591485906125,919.216582216013,939.807178376311,862.289569516576,944.149644060492
3451,2138.87,1693.8898529369,1771.95130911421,2036.0630425489,1623.91209158407,2030.56823834344,1524.5649645244
3468,435.38,547.193813412183,319.220289895211,316.612547690751,318.610259812079,544.333934604718,734.533976975016
3472,2280.59,1686.77668937922,1890.2822592717,3731.53229988704,1951.89647166595,1826.66055425145,2219.26989528997
3488,1713.13,1739.0850563163,1872.61900057866,2366.89473898835,1754.68807562157,1871.16439777449,1781.51736624646
3491,1162.19,1499.93916715022,1266.28198341747,787.478567687147,1226.44185724582,985.766569958601,1401.26183633035
3493,2439.37,2254.29857709043,3296.76076558027,3054.8753852822,2322.28194850047,13073.6599617034,2423.82007366596
3496,1139.06,1395.35881984266,1324.87690087939,1060.401419265,1455.70111055428,1186.7153760708,1270.63598860599
3519,2092.87,1589.87725587201,1633.25451195684,2670.65578595831,2556.5891962951,1984.6166894288,1734.4090214989
3527,171.15,103.887330635844,275.166756542878,271.269147486767,329.618225863606,498.354802292289,158.295543305186
3530,840.73,859.837628155234,792.4529218849,1031.84020400007,990.006922242824,874.861749835166,1360.38711622236
3534,1276.55,1356.19367445009,2694.00880562957,1434.12287658413,1398.52991889406,1719.24142673079,1115.16637432023
3541,634.8,694.122663893621,739.747343310752,732.06403892582,726.441724649408,687.801249719025,709.790523158001
3613,683.77,483.075632950747,557.484457499714,487.759741298022,620.799152472246,550.302415415731,557.73389761427
3621,441.28,395.699110285362,421.954322905975,400.039722245464,389.110839144547,434.3565972589,333.319157252811
3623,455.76,368.60672221039,434.734257718585,351.606966575745,454.418285292517,420.876311015845,761.37438830118
3633,407.37,601.607403821368,686.417220085572,516.915631407598,399.236114637135,395.024633669041,984.539919920229
3639,399.51,334.039369615178,398.533033249143,436.688049256574,386.643977403694,469.673385133517,429.431279181313
3651,200.67,159.901017050021,173.97836841204,171.177019997589,117.981160701986,167.559607646604,140.169824486293
3652,948.18,986.628298717945,1175.31119028941,1436.71632287076,1072.0184048412,1113.26900459994,1250.104107227
3660,833.94,1660.11892519892,1763.5422966649,2307.38742230309,1700.98889338839,2298.53282067805,932.952264576363
3687,1045.09,1183.87519263403,1121.71936268409,1103.49623108426,1398.31884463107,1248.15464695714,1181.2695332777
3704,1627.85,2435.06200610213,2454.8620126166,1470.40296851641,1503.58536632772,1800.99922135218,2688.74603517181
3705,844.53,746.662907971347,956.585368452352,726.12386437249,843.485854363803,706.539245024163,724.386366192549
3717,1945.72,2278.2285464984,1988.90943256785,2083.17294206499,1896.41534714568,2139.63272415834,2422.38582428926
3725,638.98,573.071513288312,661.31337023992,746.588649120571,559.320100565283,700.386974506187,635.765455660969
3729,1310.35,1873.28004714211,1811.34501142864,2102.29551232335,1591.65951212427,1463.98289355153,1275.14127874591
3730,1636.75,1575.73718625129,1087.13885585059,1715.61633985651,1618.36068455143,2775.52259105051,1773.41579645715
3738,1019.11,1252.90165231487,1245.63910495935,1179.72659684752,916.196487290558,1070.73434072056,835.453450208162
3769,1544.8,1632.91191565693,1504.38485906598,2005.46619688858,1805.30995000999,2097.17391297096,1122.77328414357
3775,2141.19,2111.11771312061,2351.30985326841,2109.35871939372,2760.39127482981,2221.33622233119,2616.15473106669
3777,1372.45,1143.99080271115,1241.33834782817,1270.38483356203,1186.21434727278,964.689431565658,1233.39748691146
3798,1285.64,1201.39565693819,1453.43360012267,1137.97678622917,1287.3615946893,1392.0357001839,1878.72613039213
3814,1912.75,1631.72325226733,1223.86955960804,1502.00278296575,1457.60821345775,1807.28346296496,1494.95840301116
3820,2125.2,1997.3247291568,2000.32786588746,2303.75407847195,2149.91353706281,2166.67569485678,1930.00805483582
3821,741.65,673.409771070784,813.389960734921,764.903971688935,782.850838551853,689.532946287991,651.443602885344
3846,379.05,421.504156216299,397.143989539315,403.080647622139,452.56775502403,346.54268263199,217.54874371968
3862,1462.84,1010.73339353909,1121.14908382224,1258.4779104734,1045.21366126096,1235.3405201219,762.139873035753
3884,1295.42,1474.29028064249,1701.34808685966,1417.50577534636,1643.96444842781,1581.75639430154,1314.94766641494
3894,1055.68,966.685114375523,972.710059078334,1804.05259396899,874.018689975312,1016.62962374852,987.993882710925
3895,1485.04,1343.39198800709,1364.55576051513,1320.3608482856,1653.30285166491,1219.24947538997,1243.69848924266
3899,3343.23,2941.26425662523,2236.90980970854,2226.7066001536,2655.87327228984,2817.05018017882,1988.42433499316
3918,1959.66,2109.11530196517,2096.65841947806,1937.46435013445,1778.92478503218,1969.83685525285,1613.47802085435
3937,1793.91,1851.12350433311,1850.95787286844,2963.61216883247,1823.33414758316,2218.12488738388,2029.81901316517
3948,1022.87,805.48764433798,1100.89007881352,1126.09786053244,977.255513167374,1308.22752533554,1122.16450570834
3950,585.52,678.824542080242,812.016341981146,474.912410280777,597.714376387871,851.038350282387,545.8504094441
3960,1276.6,926.536924701731,754.266264058147,1014.24287379838,1006.73133148038,875.192114652419,1127.30634005577
3968,1089.08,1106.28351643313,833.429789681532,893.509597376369,1089.40183125402,800.119722348062,745.96406494525
3976,2017.53,1907.55785693106,1946.86395944781,1354.06182066632,1792.18829625758,1921.13454541606,1410.37085053228
3991,4528.4,4893.17655964396,4749.99667904195,4896.21819571538,5046.02165250066,4766.00400301191,4396.62510579823
3995,889.24,1265.07979913486,951.164331688816,940.050274350418,1085.29128141078,800.865546712837,1174.52733036978
3997,2362.22,2261.04485452101,2449.76016262917,2712.25295626411,2489.25985220645,2814.800540169,2116.5382298212
4008,844.3,839.563528780731,764.09759578487,1294.14219253418,787.305805730259,697.651451112156,564.531460346107
4011,2770.92,3211.93668181824,2698.76108262785,3383.46351108057,2225.86787084432,1769.74457969194,2280.57897865752
4014,383.4,433.043001269758,496.053590021428,965.533078721786,702.974375104821,587.816400206764,2084.830783631
4038,608.8,547.483669910056,872.772912094601,643.944396675853,714.222255336841,494.608462977932,954.150178007663
4048,1100.4,1081.24259710045,917.683537080958,1024.46334404934,1352.81279510155,837.841529616669,1234.61434719512
4056,985.89,1188.31508614476,931.911367004858,1793.79027331772,1190.91007486469,899.957572382366,933.395728383878
4067,2346.14,2178.65440971039,1999.26344724122,2389.73188238834,2096.75319460609,2601.39097446522,1932.46370612966
4070,1164.5,1103.82425642136,1286.11930840943,1500.00734613919,1078.3831091583,1055.67172237589,970.523899968497
4084,691.11,813.959288559646,639.754103015112,912.708799061709,784.654599039323,886.107703020998,642.586569975049
4102,104.43,188.799415730247,403.657031904293,129.395768888414,192.037487024962,173.9736630289,224.412563316052
4118,3144.68,3599.73478273296,2611.66786461579,5122.5862475154,3006.88059746544,2763.18432166002,2183.90054527785
4126,3074.92,2952.60697630713,2029.8719674397,2673.99904423651,2704.9105228213,2467.3233936994,2445.15915283675
4127,1683.65,2066.32624660353,1731.37721459996,2165.23883518988,2238.06457188534,1808.87852269961,2378.88722623959
4130,1132.73,1186.49792783869,1012.49490230763,1289.2557073119,1168.97316550368,992.721722425583,1539.16039673941
4133,757.04,981.154393692965,923.001540395609,936.316174978972,857.786077089219,866.15594460573,856.657505242454
4135,841.2,1324.56301845203,925.64065997395,1279.40179982118,1068.22821975463,1210.11637391424,27467.6916479595
4153,566.01,1644.90245144856,254.282747522403,298.80060307455,828.658186329439,271.660568892278,281.450159050221
4202,1762.58,2518.80007611244,1760.29044451713,1385.11857170757,2944.96943939371,2226.46261344762,1130.2377180243
4215,1590.61,1346.88323692715,1360.89241098116,1519.77198637863,1482.6723830386,1598.6879562541,1955.52393308918
4225,1261.54,1518.08660450252,1384.12609396108,1601.0397812456,1579.31167333895,1629.8280054068,1610.9533868625
4232,543.59,574.941364867334,641.915357552904,634.452527964482,583.81668964236,583.543046765257,779.871685635334
4234,1282.58,1319.37521191617,1375.62770552292,1191.24088007875,1361.9114119079,1300.71987832778,1328.54965904237
4235,481.76,465.029908814878,473.20076426121,498.513563890358,501.198427691287,490.156107998791,493.60176880241
4252,2026.39,2055.30699124023,1921.50788050944,1977.96456525309,2191.34857937775,2072.31597279935,2782.67843875585
4265,1862.42,1896.96506210629,2101.28904884294,1751.52670325647,2176.61170348779,1942.39397139071,1918.7817123807
4267,621.14,634.17073913562,535.465651341555,667.366160328019,636.559899987315,523.24754083886,557.061232426983
4284,728.62,985.437141535167,724.493948993035,860.393108697214,802.462128398571,828.15600463004,756.453955640805
4296,1279.69,1337.07083396049,1461.42462570319,1676.4787098157,1379.13292833581,1457.05148591788,1529.51348859666
4300,869.23,974.56633317495,942.011011568031,1909.07009814179,824.168728750318,910.01847114502,975.488982590329
4319,1507.63,1611.35319914284,1598.32794688018,1805.93584554751,1494.06727272754,1542.59684516249,1850.22582344346
4322,1563.14,1875.01310536633,1776.27937638149,1637.27624757667,1786.7675554113,1891.40788118446,1803.71190279839
4324,1601.65,1345.8011510046,1687.24412305813,1808.6239588046,1520.8439375792,1595.48268359919,1730.81163208698
4335,763.88,516.768531675097,937.944307531266,783.961609039748,863.674604813105,834.152489145195,741.843240145756
4346,661.36,805.077549063918,748.652579699134,816.708197930852,829.527046987091,761.101487215352,735.716653491126
4373,954.13,887.913367494121,1257.47470373882,789.648905239613,836.428107423725,967.347714803127,1440.41103443511
4377,1125.63,1338.03757769277,1324.88932262315,1608.29450306707,1691.46707056829,1453.38419320618,1416.13214133842
4389,1960.34,1895.01966371139,1903.97978991355,1837.4071186387,1699.86905584753,1851.39543325277,3994.61534949246
4399,1292.6,1060.41170103166,1132.85655707262,2196.01409567453,1088.39069669435,1249.02435952006,1029.06389158872
4403,1202.54,1628.37080337852,870.613465308081,1044.4955056201,1012.8854134867,1164.38882251263,11247.7493957077
4429,1120.98,1085.04764561303,1300.70845047234,1063.96644667761,1177.72062895465,1173.32810143454,1187.38488844027
4443,909.47,844.079824161925,986.225923236276,876.758235323401,784.724954147162,962.077327931511,1213.298165043
4465,1336.18,1440.19912622704,1491.00375499077,1866.80502207082,2152.54999301889,1410.37356063447,1713.59350819741
4469,863.72,840.519141858492,823.374271735577,1084.34348032716,645.06049407013,701.044998429915,804.119576959774
4473,1379.13,803.72281102084,1118.94877760631,812.775126543321,836.70470880696,922.050755995388,854.442999297868
4477,1395.16,1581.53161379554,1219.1797588798,1649.69943553299,1321.71942690904,1336.39930666274,1105.87175994515
4478,1368.86,1194.89592217084,1574.44995472482,1389.4541548605,1472.66799011801,1819.87717488663,1417.44259777109
4487,1963.68,1450.62072778888,1487.85220116998,1964.92146313229,1192.39674685919,1144.36965064182,1190.06212319442
4496,1192.97,1269.02354718516,1357.57260768817,1309.28932283537,1242.10249402274,1684.77211908016,891.853547624804
4508,1160.18,1022.41069014467,1048.1974944908,885.796547155693,1037.04632020062,878.978793089509,676.807194128054
4549,1284.5,1296.99363519372,1250.85694134377,1177.02011153437,1098.46507482765,1167.1955853486,1182.06266978116
4565,859.23,1275.16797486451,1140.19214555139,1986.37239885302,1009.93650775906,1284.75602772079,1282.41692552176
4575,1079.04,1238.66715833169,1278.34961644639,1416.94567871274,1167.41232195808,1210.43047515652,1161.60792309068
4591,2157.66,2493.57771560638,2744.45135256079,2073.28879312366,1915.07397404153,1839.72831567873,2048.67651756105
4607,1458.82,1757.50348720273,1321.33073806766,1942.09734508775,2277.49270400301,1788.26098214508,1423.99635711395
4668,337.25,264.174770951783,306.227224586769,274.264191081047,337.303887972129,267.29126418692,344.571718102357
4686,445.33,422.352430951565,537.417934078656,1564.33313020311,521.195012650689,334.822202308914,471.069978877701
4703,1538.87,1475.29610509229,1233.29944473445,1383.52836712542,1577.45016106853,1484.49531545756,1704.8387884558
4726,1093.92,1469.22674570295,2052.60300381058,1686.6719985543,1947.9544608112,1883.60660482667,1545.1592598496
4733,374.17,405.564838441417,363.62662360809,312.451527442766,398.987028103804,306.785991350583,451.417043170789
4744,984,1024.68646522816,1129.55191176496,2072.17480701225,964.865764795108,1092.35237209072,1002.13849373939
4752,884.04,731.05553831943,872.607085103789,707.773769976501,820.727775453547,810.393272363555,894.091000638533
4756,1432.96,1639.48403902918,1545.91388838513,1779.8511766333,1526.45310725756,1663.55371316104,1452.87896618613
4765,1878.65,2419.27659158656,2637.11004280082,2208.12104196239,2577.20899288296,2957.97778457264,1911.91331973343
4766,1477.18,1824.38442277638,1886.60644428958,1993.06092414802,1758.12103195126,4964.80418708941,1847.46782962127
4799,799.81,853.127277187859,895.685342790924,675.357767488728,1015.96419619054,971.140702774956,2275.68830087432
4803,1330.78,1292.9843982442,1025.53618166063,664.429468700853,1556.53520076043,1009.70348978751,1131.92491328128
4823,1892.91,1562.06820674456,1609.9841460206,1667.62793767008,1562.01954626571,1502.06210271816,1255.88624725608
4836,2302.18,1856.36967193058,2548.0710664464,2142.23079806413,2181.79585516909,1801.32763766522,2457.50804779345
4842,1021.11,651.342142872489,714.738477681644,687.922158358623,811.461614688325,635.132036704667,826.11322718341
4848,1437.4,763.286276241684,1162.75550364181,879.780944250577,942.830687433887,707.537279397869,2013.92637714742
4871,1901.94,2112.44925579264,1681.01164824699,2067.43832447157,1769.5754604492,1592.22980130924,2141.04269454213
4875,2468.05,1557.65243109288,1716.2834418932,1830.54709356279,2456.6949936722,1696.72884537587,1625.92383404496
4881,862.67,1207.30863931338,1164.17615161327,1456.8666706769,1336.61316056615,1140.68156693265,1697.10642766049
4891,225.75,333.63214066537,349.852281487881,240.359446474194,245.963404813318,386.719205847252,341.406898053322
4915,2668.04,1575.8076067261,2114.77247293465,1489.1381119173,2177.13575153551,1623.38352850377,1480.84752380601
4945,1750.44,1786.19731991845,1609.71182791202,1613.55730944958,1459.85403288564,1574.78112695749,1442.16260321377
4949,1499.93,1417.22013225062,1233.00868449553,2404.48783508063,1518.13434076923,1555.29156016638,1774.584651622
4956,1187.91,956.598790305585,895.990149444883,1625.02234212059,1045.83876419213,964.073265117334,1536.08467226866
4960,2591.3,2418.21147471068,2638.06389566482,3894.48779394729,2497.67249088086,2535.46205180974,2503.14662580791
4973,1093.91,1285.28784699177,1004.03012968772,906.704425708319,926.717646368888,889.351949994085,810.101516343182
4987,2191.97,1538.47121852135,2101.5117550456,1579.64390763084,1574.90212217854,1859.67295941443,2379.39033987957
5020,2364.09,1234.31796315793,1232.69223484327,1276.0533501768,1297.69528968285,1282.12554316352,1482.93397219313
5034,1123.81,998.478109936486,926.457444778925,985.835828220869,1034.75894976551,995.628321840693,719.210657408172
5037,852.460000000001,782.129980683231,848.52906382381,753.446801450353,899.645265597381,779.799859391425,808.124461932647
5069,706.82,599.105097389509,584.754860737548,803.568667213461,515.515109558808,700.245348784513,716.880196504859
5075,905,1416.48548040336,1015.12013955926,864.67508137555,1239.33841617209,1059.62776225939,820.567826470243
5080,1226.18,1155.77980905803,1116.93766999245,1113.89632077448,1108.03247544716,1254.81362422025,1803.34268982376
5089,203.43,197.283412626502,203.184457516899,194.900319189279,191.263670964454,212.253479119878,220.392092921129
5104,1179.1,1154.85688053898,1245.63834812853,1491.11931539776,1116.64567679776,1251.47320627028,1335.40191658445
5107,1407.08,1548.29763655948,1525.37519907129,1577.56798106637,1513.88546119654,1624.724612065,1872.64426313436
5108,1392,1281.02216182668,1152.53810711653,1457.13640363396,996.409736052574,1121.34371719049,811.162719236669
5121,900.07,843.635209524123,1237.87225044458,839.891220012477,809.650984766471,764.727844483687,1040.93242037889
5134,1477.7,1428.26997980454,1498.6274425066,1589.4876719017,1432.20126045638,1443.63849467948,1448.40295224861
5141,1066.78,1084.07048952693,1069.64946036917,1149.67949384451,1076.23951064764,1014.46753288193,1034.32509984074
5163,1733.99,1746.20419759423,1982.26642333665,1726.31110189607,1806.98532073741,1766.54874628353,1699.40099910118
5168,1467.72,1332.0005537538,1330.35666736337,1626.61839776525,1524.89159627838,1511.36648510696,1128.90348451886
5182,824.01,799.719097910946,1323.71261903696,857.151694735138,1196.66276447617,1061.57922720488,786.63521661922
5200,1044.07,914.702006808645,945.666813799365,1052.41834451928,1068.55763246748,3671.68544019077,1160.71412306598
5203,1674.25,1597.28555458458,1885.88972790471,1611.04208706183,1666.00319610469,1131.51864845184,1328.78857888591
5217,1773.34,1623.55316833379,1552.64707045423,1492.95856265306,1381.77113128586,1260.44711371113,2351.84014051801
5219,657.02,943.64705322214,695.951142517183,717.419273063448,779.217131724643,718.014602960563,870.632796547069
5232,846.23,1394.26439961606,731.696477133676,1404.3987520877,862.753188949958,980.774064288964,2800.71100646423
5242,1652.46,1942.74331575766,1777.74512018559,1598.43809390702,1700.5830484285,1711.98478815213,1596.69242918993
5270,959.81,997.004950555327,1005.52221390992,1255.93297931082,846.726561647758,982.514209260024,946.838486425142
5319,1521.24,2590.37652622527,1652.75099169785,1713.24644276591,2033.47121356634,2031.78201975524,2045.63482664068
5338,1020.4,1385.66589350232,1408.58229445912,1076.19614589024,1073.10277008264,971.001802341019,1305.33367810333
5370,1484.35,1287.06307058121,1098.15542326502,1982.97459325655,1777.2569137952,1501.29820352589,1546.97316906027
5385,1385.1,1722.42634301122,2026.69364557126,2029.48382087778,2183.5485861826,1804.3611142375,1815.21371800129
5392,3011.98,3855.03198702751,3582.00842059208,3453.28802817253,3489.73323643925,3455.34877161153,3249.75874788459
5402,1113.15,1386.07699132611,1269.93396585057,1182.31712018466,1250.17330555844,1341.57835363145,1082.18614045563
5415,893.09,1358.75784375254,1292.37886306937,1204.77463309331,1773.93601700544,3369.56721872805,1032.67751400686
5449,1319.41,1334.19212914633,1171.03147884593,1743.99334317171,1244.89030529065,1581.83537594953,1452.25144790444
5462,1425.5,1707.8029801912,1991.85584581658,1684.33422986298,1477.70123992657,1652.23054696349,1748.24908530982
5471,617.03,455.912137774438,686.906994131693,567.647336919331,2500.13291051939,487.764768889514,1837.93404007159
5477,887.93,896.950893695451,1095.8590455132,1118.45627012161,1175.63411085996,837.770319340336,793.452538623963
5480,2029.56,1606.27454949924,2285.51386743238,1669.33359083871,1701.8818094181,2063.15427200817,1530.97352372415
5482,542.72,488.099300531609,400.726203384236,471.488746084855,483.469474806758,848.820123851158,357.676419497535
5484,745.93,893.278189279596,1008.76164919894,1154.91908331313,1506.59503827833,893.841583240167,767.332993608639
5497,1705.44,1953.85350556198,1909.72601265163,3895.12381163038,1960.53551391717,1626.49507545457,1806.35308567326
5501,1020.27,1395.89303246167,1612.68511382191,1138.86903381538,1351.32191436987,1630.09355702051,1758.75737886051
5503,654.74,731.98983419328,880.826743007,639.611855599116,883.563709734592,647.225069237871,905.460927672543
5513,1126.24,1410.8092238358,1264.54780212717,1964.90334941133,1335.66174286845,1363.44487360552,1337.26769177712
5523,2148.93,2128.05059795552,2333.62061166281,2335.2531056492,2265.58316569017,2100.54504223576,1752.47725380661
5534,2272.9,1936.73570818077,1711.47642776919,4162.6461465087,1580.38216808409,1856.68834218926,1619.30568297742
5557,284.46,283.261555484459,311.213100414642,573.519062427145,375.054098336799,329.198685569101,380.863166525208
5561,1330.65,1576.41883380546,1736.18232175174,2091.15417230864,1490.30901784586,2265.08263926196,1435.11169370309
5562,468.31,518.670662310261,346.995638403099,478.208681534428,486.088126642689,401.639037320159,400.264821780536
5570,956.93,726.364389339065,1422.23825736377,1429.68791680547,952.578641115371,930.700331543373,1189.34454513376
5573,623.14,575.688071432292,579.172059121331,518.593772889333,561.532974921611,637.935130467064,618.752050948695
5600,932.58,835.743833338542,930.083512499242,1221.92886188447,981.082384174613,1005.13975675488,1032.95418054501
5636,2242.28,2322.95349402149,1756.68120333082,2814.63616868784,1779.87178431456,1756.28365605662,5675.2347715472
5649,1024.03,1742.36097429815,1208.27170704007,2008.25062930171,1021.30472413612,1320.81476654962,934.080532236175
5659,485.73,586.680099290422,529.632194222966,602.570749464508,532.814842318631,603.802279385585,1123.74722057994
5686,1082.34,1025.28090863802,971.422680542387,862.935609369202,1173.34334016773,1273.61179709048,716.82641429591
5701,330.56,260.758604398805,436.302287258128,322.561623094597,302.754858710957,309.06535829988,366.726067100155
5747,1388.17,1235.08238491376,1301.26439382178,1230.25770306548,1530.79978634468,1379.05326410747,1324.49798979132
5767,1166.75,1533.65804908045,1036.33683553753,888.410164625883,1156.43732115304,1440.29122703324,1133.93992745221
5770,401.27,453.567239784234,399.802263147891,327.31778386262,307.34040705894,328.275967250317,334.281393072989
5786,2491.64,2485.16344397641,2536.08335268173,2384.00355151365,3371.55550602145,2647.1994564544,2358.04100230474
5800,1042.71,1303.0288676536,996.281565671251,1008.72107044504,1071.43334303942,1328.14732372731,1226.33289430219
5811,857.22,893.169042057714,834.494275378149,1032.99317209471,770.234494045133,864.187025039617,634.329540624074
5841,443.85,326.547632228678,376.186115937652,472.499068098101,320.378380492856,292.980670976653,286.939151338725
5853,1143.1,1008.02194073912,1139.41755659528,1125.65757746946,1309.76535494931,1157.72536759654,1070.38422859756
5867,1209.28,1293.42429332649,1152.96098067509,1276.49928822211,1195.02840859231,1204.53542378451,1381.91407995985
5876,1951.91,1492.6665971888,1511.54090888623,1646.98200761523,1390.41350687941,1398.75873095442,1667.7744519264
5896,247.97,240.623053000855,203.67553318558,194.094045036844,190.835223597918,178.763441443391,345.852178415605
5897,1126.14,31.1823180122674,22.7637364896197,31.6573806102824,39.550693566161,29.1356214238443,20.5597335174922
5901,1228.27,1196.56904828288,1174.86496720001,1147.88585134909,1366.4015368727,1324.47708612664,1418.8473602508
5903,315.01,708.144325979565,344.054116500596,503.252328959047,295.350666645568,320.454861010999,448.012040813559
5905,576.92,472.48770483106,513.380115720733,998.365001742687,605.111922033237,547.313154735011,415.655481611998
5920,417.38,495.241860626874,432.607994505,403.473375733302,526.10980511573,375.053590596614,705.737029109816
5935,2855.28,2646.7887215715,2662.03373520831,2243.46350283815,2420.23895335079,2379.46187669877,2236.78810952021
5945,267.89,347.674002236695,268.140282420076,333.762704309466,305.96635834325,299.174084467793,449.652990439448
5971,507.83,603.29418896841,589.348270040345,688.580775552543,516.117886837866,648.376396841593,565.293965360889
5991,936.58,555.900833664996,669.261784917801,613.963656241405,482.584900901669,599.142198233215,578.514016312441
6004,1343.79,1348.61390484161,1404.77533858371,1163.92190753553,1425.11048380372,1555.08601127807,1592.15273150309
6023,470.45,497.746486622099,445.183085805954,525.808076412628,467.729292119402,468.151902083002,607.605900366601
6028,1810.39,1603.76196394057,1556.54235749247,1671.07424250129,1757.23104064164,1586.81493731051,1525.83107151195
6044,183.95,167.409738928327,140.349504410467,184.719805987656,194.599569843923,236.080156235197,169.982598153559
6050,1171.25,1493.06416987789,1331.29493932324,1422.16384958792,1212.28930727223,1208.07894470386,1466.73408884987
6059,1053.89,1062.72741623215,1045.12170957783,758.780036049167,1057.11942125667,1268.68364354869,1178.58515404835
6075,883.78,895.510401926079,1375.26532930838,871.628863869257,1039.36700508908,1062.23251403362,853.07051226263
6089,951.67,843.462551530599,1600.43835148656,2297.95599674821,931.694928319742,951.577736079782,1106.22778053715
6095,948.39,973.857107899676,855.380528691656,1140.17519804855,958.03337467515,903.59114683855,1165.74411001799
6117,1202.04,1271.16936862229,1304.28983824771,1217.74097661902,1268.68583286567,1262.65748613316,2162.36047650494
6164,1236.59,1155.88086771224,1264.31478875566,1234.03387711122,1142.37782333208,977.899693928417,1815.42295192421
6275,1641.74,1569.03360861762,1443.78835502631,1562.26133440998,1657.61326387264,1961.05044535666,1663.67595029498
6286,1211.29,954.832450856515,938.936963335026,1355.02382193957,1046.62200059991,1063.97448563486,832.552606323593
6289,583.57,746.879878999425,607.058203351638,822.188623963671,744.886880005401,733.831890735853,680.266165110365
6309,1228.83,1001.56196819357,962.033111190845,1237.58620407076,957.268252466959,1157.03052881314,1206.13453510943
6312,1492.31,1748.05118347613,2080.50066337611,12730.4293550759,1952.63387984979,1669.73757036992,1496.98802087732
6322,2122.53,1431.92195539865,1212.29105907612,1570.20575357171,1432.93001052555,1458.92156592809,1165.53518444392
6326,897.65,1501.82701975586,1247.30182628908,1717.32900549069,1323.90801502702,1104.38496821319,1277.0874868845
6330,471.03,500.174196026711,412.560505285704,430.788834976138,485.809604622731,528.336604389706,385.954635729958
6333,113,120.498588693552,119.20055143197,99.1305559191112,148.607864597443,150.753618869198,167.243058529994
6350,1729.67,2349.31880284592,1772.08977672287,2042.18116376973,1788.90451378337,2420.2439617428,1891.65764516387
6368,1713.5,1916.29434895926,1718.46268651288,1702.37429057626,1918.88873869033,1950.88595760611,1831.42592805471
6389,527.63,1075.10131019336,626.58364634746,2183.44355370029,1115.79224102873,1240.96923350859,660.503042662184
6398,1444.28,1868.99666091601,2406.46084870116,1886.08894607517,1798.38937606152,1679.07723779634,1501.01012286672
6406,1474.29,1285.45205701535,1029.27684137566,1181.11007380432,1159.53096240739,1204.28412206673,975.858764272538
6424,353.61,327.4677953562,434.416811420974,211.235304738165,245.802561086304,279.964642219443,254.688713644862
6464,1199.76,2316.3006155761,978.651768293821,1201.97936567531,1306.09987905797,1304.1012646008,945.156754283436
6465,989.74,1107.05473501336,1249.22395049965,1023.98171827766,985.398481822545,889.30161310709,1473.90111216477
6470,1382.71,1057.47832794244,1795.82860955773,1113.82152757821,1071.2560748269,1751.83047137199,1214.0369846445
6475,558.42,461.624216798243,439.552799182671,447.98796410073,465.768245862061,415.751948298151,520.526694185002
6485,1752.65,1576.58694516329,1540.44817337021,1518.20698320072,1626.67890028574,1494.06087397243,1330.63390481242
6489,835.99,740.830293882191,723.431655720921,779.448635961702,766.441665070554,807.066886683111,748.266102144186
6492,1644.79,1458.94183881661,1420.75713590716,1448.87425040508,1467.58415102989,1547.52146713991,1284.65399474564
6505,571.31,612.356578869501,483.444073926181,829.100623557514,862.679288350257,554.356752531387,736.825881877553
6508,2087.15,1327.93150984261,1967.95447043198,2087.42083962002,1695.3486666254,1362.77029774389,1168.28497676289
6511,615.6,586.794930623184,510.354255450405,808.136139592609,552.127258556218,627.437433048489,502.840662333109
6515,807.39,533.885912829777,473.403328471904,527.10068131906,936.61660256491,670.309277417897,599.473643017699
6522,1185.28,3351.7115950354,1282.31317964541,1294.0024346614,1056.21458112272,1344.70837055212,1360.54446118929
6524,600.11,1110.13566499224,851.554032512789,705.548935278909,869.94209997462,723.296010338515,1625.34986148302
6539,1062.19,1425.71150957442,1320.4744334858,891.805191693834,978.352485299541,1137.62976675744,861.389056870513
6541,666.91,739.253398735373,358.466210105012,524.914882936367,730.313134651908,660.681729090105,497.596619898694
6546,1084.5,1261.33872530895,1088.75304281954,1047.89519627823,1214.31827878473,1429.34395710917,1056.46476693246
6558,988.67,1034.88093012726,1170.46963130353,1039.77449512102,891.968158479259,876.293115495899,895.971153573558
6560,1060.95,1274.82224861404,899.670861443933,1080.52460821925,1178.26727468582,1217.31842612481,1020.24709363141
6566,1919.62,1781.54303340866,1777.39910855894,1507.26302440345,2897.61744804421,2260.63832316089,2172.6058628129
6572,1818.23,1698.88414911679,1786.0051007609,1760.7169621713,1747.21810354296,2085.83421795182,1748.02117449851
6596,1419.72,1358.53146848475,1425.94374074525,1401.68746353788,1348.69949824506,1405.62188819351,1283.7137976686
6600,1762.89,1537.27524487098,1530.58651681947,1817.35158226488,1473.44381743246,1555.46154427671,1816.38930432434
6601,1015.66,1147.39460966687,1267.08194488293,1185.30827171538,1259.05227805564,1231.38799273562,1174.47881196884
6604,2407.84,2217.45070120541,2119.46638454062,1861.79780677035,2225.28356875999,1978.33829138252,2409.63186812908
6607,778.69,688.660486326894,695.757604629598,739.092777373844,708.591621460277,701.112938217944,743.384013613969
6611,1483.46,1351.03047473955,1432.3772971407,1707.11512328819,1558.64784981644,1506.62232884556,1314.9646687144
6621,893.08,952.84316252348,937.237128599986,919.303506526449,910.397159616799,969.226745846891,1245.58677017265
6643,2227.17,1739.52571435932,1968.20132348633,1709.74626709963,1586.28806254388,1987.64196563836,1900.7718283221
6648,838.69,801.423200272579,786.219036369573,788.458710015029,866.903774345348,866.637966631643,834.593459962177
6663,1279.09,967.161174985828,1371.08984537184,1047.03285321108,1196.04178439038,1255.50431593463,1613.47685408148
6674,1984.02,2162.77209318355,2067.93874661063,1986.92280301574,2161.78223062732,1830.92462851611,1586.59285432196
6678,136.71,216.907231415933,126.753131875484,132.964466740394,124.751259389023,166.062549730497,112.595617339828
6693,819.01,560.297328747169,671.105397831525,650.181252866574,602.867468295737,783.468899856152,745.274114238358
6701,971.49,1331.77253029456,1023.255067332,1246.53035564551,1013.56624990201,1536.57450414998,949.083461592492
6709,863.23,952.514954576791,818.941825664297,863.59309017158,930.995731580746,840.782790614378,918.313436189625
6738,745.94,14115.1915757862,1408.69253785927,650.60514174899,745.833513708514,753.438003364193,1020.73683755411
6754,401.33,578.261818171973,486.961598437002,373.876184615567,505.805796570829,547.824221496808,450.874058800186
6761,516.92,567.861819512983,635.538716027771,538.687720281276,724.140811133281,619.989259729198,497.578615383407
6779,990.14,1018.86546786231,1008.50327386759,872.873206239291,990.438664878235,1169.17012338907,1001.03170663193
6793,561.77,761.545580274319,571.2219333895,524.241729502235,501.081856294915,658.169784386375,536.060662030868
6827,2568.67,2044.91335202029,2446.52504883091,2447.13920386492,2239.32538402618,2901.51577353447,2109.50071459579
6833,1379.49,1267.30212797933,1309.38715037596,1280.64392565522,1248.55590296058,1344.36602831825,1448.26810427725
6854,388.38,444.466292896716,388.093594729398,394.534988616291,484.9472232787,366.7953451228,578.099706988924
6877,1434.03,1793.18851654365,2207.10439619557,2004.9447472289,1866.16326543499,1698.6852572094,1540.91851505987
6897,1720.21,1502.69451289723,1364.64652721873,1426.18608545096,1435.89921428367,1765.81406332948,1125.6828639862
6898,550.09,515.850144340657,504.296016280473,493.805612868592,498.665921623922,558.963237260945,641.675992651831
6901,846.53,1151.03440758032,708.423891441906,1013.65390376979,835.795426457425,1132.84121308119,966.368519327234
6909,277.75,234.276696331985,263.371714318401,208.293949143507,349.070130599397,196.422186462805,197.757301259608
6926,536.63,462.394488450348,484.683914990242,456.184271803623,473.841686421654,475.581634190893,485.106560687774
6934,1721.13,1645.45343452748,1590.95047131757,1507.50265376054,1967.72191258286,1593.52644528574,1774.69275862117
6958,1246.53,1401.11869318024,1259.12863402187,1708.39691843843,1296.66377351962,1218.07321631886,1460.95721604536
6982,509.77,511.853966690424,582.745660498979,708.511069877413,633.990836079565,516.006790580668,699.860668018221
6984,699.12,647.548255107715,920.725844923663,765.414770352069,748.154539007488,517.020777422874,583.764284829407
6993,171.08,123.51017974147,125.038249696012,124.026201538169,118.316592571912,121.026460169246,118.621634768686
6995,1624.67,1764.71308296633,1857.88093016636,2322.65480724032,1636.48907181099,1800.29229582059,3096.17807475702
7035,823.9,940.822361601005,1011.22578725643,949.143598932337,1889.40299029858,1059.63297614356,797.222843263492
7037,1037.08,967.34132088124,1044.12567494941,1078.07400283368,941.22014068151,920.329782248002,1136.69675432363
7046,1311.46,1356.1478291552,1353.65780382389,1298.94950066409,1267.83895492582,1290.89711158556,1236.96321548132
7050,778.44,728.414339718336,1195.63039921741,2037.41659355355,715.834966180269,704.22923237832,665.104294492705
7068,880.18,1064.24764518617,1430.83181109908,949.314783995031,925.547463085666,933.243239324828,908.006660185487
7069,1122.4,1128.81399007462,1202.15840686691,1327.86157104944,1320.59713939589,1055.30487388906,1011.06097844608
7083,1347.56,1356.25807147132,1257.55134844974,1242.67300732792,1307.04908899661,1233.42242217669,1431.66148081213
7123,1108.12,980.439524237887,965.687800338111,1214.65384463213,938.253159691904,974.184272985314,1208.17319102773
7150,2666.9,2593.73888685307,2890.74291340838,2476.39890858418,2478.38737546024,2761.22317313228,3516.03986703833
7162,998.86,1020.60555636407,1289.54367925895,1253.56194428861,992.954263598097,890.899271171426,940.814119617474
7166,850.66,1112.93045595198,1217.32382008685,2065.04907758093,1511.75350628215,1486.69437741085,1364.26390787315
7174,808.36,866.604240762376,1002.36071699462,888.550089195299,896.475153340049,999.230084073726,1140.25979391979
7194,915.68,1343.18680731346,1282.50446216772,1474.09086544447,995.555578220353,1309.88167097426,1077.2423780641
7206,1444.21,1126.62795922258,1435.30942998533,1282.81605274614,1262.88556648802,1144.39225231924,1946.17369754708
7213,447.15,438.084302640865,334.440127811968,460.729879693002,371.122890822423,348.619412497416,270.867640559537
7216,919.63,962.0651767807,1023.83502679879,915.821892283688,921.643402559165,995.449945293461,1669.96735342314
7220,1713.3,1977.6523709065,1957.91350204413,2124.57263610096,1892.67187039123,1719.74594136919,1926.31960583913
7228,1179.66,1064.42270245382,1180.40417602015,1031.34411337901,1188.63679258194,1325.09723523736,1197.74972716074
7231,1223.84,1353.72878697982,1487.82429923333,1246.66867569895,1372.98385910498,1399.51256819757,1399.28259555433
7232,1960.56,2707.70242848444,3057.73902341874,2411.46443067192,4493.22682019317,2771.4556122575,2338.27462476256
7242,1070.5,1159.97777211513,1274.50878776201,1558.17498158867,1327.43965102177,1346.24947708741,1075.57595203932
7244,801.62,749.190423496912,719.53416019636,592.96280446577,882.99631630784,856.93754933256,744.4204193265
7254,2174.49,1544.53239229022,1489.22608366165,1452.40095968768,1416.23612732358,1493.45256683061,1931.53650917397
7263,1746.81,1675.08420686416,1557.44011583494,1682.80243752541,2659.00891056471,1436.12291168568,52159.7931455268
7289,1340.92,1578.54201139423,1208.40721499091,2353.52886868343,1223.46495198505,1178.02703682913,1600.5651186968
7295,1524.72,1283.46895975137,1337.15601883979,2095.77297596928,1348.97082921339,1161.18410659477,1070.03565477339
7305,1282,1370.82718228966,1619.12286788906,1881.03105262003,1487.60665683262,1359.90855508942,1736.37771376881
7345,1996.24,1612.8840102948,1693.19445542116,1432.0470556739,2182.32279396826,2652.35624908717,1833.39348518556
7346,2097.85,2282.97075733565,2060.13789452729,2490.26256137199,1876.88050497383,2274.65089675402,4032.00591081101
7349,1524.03,1392.93006542895,1184.6789450563,1283.97390852162,1688.22649538621,1469.88287598025,1662.02302023149
7362,347.89,225.702473478963,301.097730590837,288.862512977913,419.253507603247,475.802862439996,275.967986383138
7372,293.35,236.162891426571,231.223960365339,192.701020660933,265.212069207623,257.432622315444,263.507452556352
7378,1571.64,1367.97690968048,1585.61668505263,1606.15366890167,1414.26159921551,2533.01211588831,840.397629316201
7388,1541.64,1705.50297422842,1689.93555925245,1862.02788650571,1566.96774069626,1713.18678130403,1477.81731200166
7392,927.07,954.983442835029,1285.13664872944,868.20879386415,980.923704423522,897.375485490458,989.125543687528
7396,1569.93,1276.16494065323,1108.01343603824,1194.64873711116,1657.80734128582,1138.44433353399,1159.13093782733
7413,629.49,599.879079838209,524.102896199466,524.825221345911,482.569201552571,481.969734437704,509.973697028447
7420,1637.66,1675.69430481224,1918.8421401198,4480.31215265222,1681.05630066205,1515.54165948346,1701.96825857335
7441,1669.65,2127.77576390804,1865.8938834068,1700.42497318817,1489.42522526171,1362.36348696639,1318.98157837184
7452,1692.54,1219.02050814816,1180.27199917525,1188.05733748298,1255.59410016875,1101.59488915445,941.509073820399
7460,1219.2,1466.94291269185,1375.64420395498,1449.15106510926,1586.08584039826,1601.81208109176,1937.0647369832
7474,747.75,762.0929570692,914.375120785137,788.37793191299,944.371602513207,1056.96687130594,970.888473283039
7488,1114.01,1417.74569647361,1681.15220955954,1320.13935404642,1922.92049561065,1194.09493551576,1377.0313489501
7496,1306.32,1036.84257592519,1339.32488032956,1253.71497429559,1089.44743745075,964.824156136398,1133.0964659444
7497,985.21,1091.64446762334,1024.05244725549,938.316069240355,839.495181702852,873.204344141183,975.50833898499
7505,686.38,597.908956392415,585.980183712317,1310.23921382274,654.905539021109,467.654089857086,964.2230097227
7521,3079.36,2535.31325962389,2256.10323987049,2947.37097012746,3242.28216716532,3191.91154548239,2463.93775913602
7535,517.45,470.380071962429,333.046307818726,395.564678383963,773.493562782924,662.82323144418,1036.38521020649
7540,1601.19,1057.20163306609,969.827494528101,978.518348189104,902.438382609991,1046.05933621127,1243.69503889538
7542,1815.54,2673.97214019301,2187.32944140197,2317.49212133062,2788.70663316487,2057.47737793481,2289.56668093695
7547,2642.91,1730.501565703,2086.26886373277,2184.05164852007,1930.63307532127,1984.7816720163,1810.91218953878
7565,1119.15,1106.05631466169,1118.21685996423,1588.29128954307,932.70356385678,1068.32275205219,1262.02564194341
7593,736.48,1144.34492120374,1038.37448036093,1555.75591987468,973.708669333468,1044.44149872948,2238.24969982139
7600,1797.14,2006.27310767848,1079.1763161392,1021.34637737678,1447.29653651798,1199.32840921302,1804.53881953879
7603,2378.9,2164.91929258079,2188.86007799761,2010.30948763789,1879.75521464281,1804.60963663581,1937.38235115252
7607,488.88,583.879180359366,513.394129560172,481.972618325009,588.645886387165,513.647143394335,898.766634838886
7612,1353.98,1050.52304153338,1055.57481616148,1431.97433034557,1201.17095333068,936.523589527893,1298.23349743459
7623,1309.3,1335.15135966847,1428.51861712402,1492.90351762711,1316.20306518559,1428.09635442996,1423.23061051312
7624,471.85,387.561950441267,510.92533265649,387.122820356426,372.151745067441,439.621414225175,470.822553333805
7631,2161.92,2279.14366692174,3049.0260650913,2249.5952248988,2343.38835641821,2432.97522679207,2196.90448425991
7657,1002.19,951.242529355504,874.934466682441,847.885865797272,846.916677237477,1775.66244082027,757.430202011059
7663,327.33,368.306364395331,366.603330367492,367.522086038493,365.180409974191,341.717996840308,398.632681294387
7677,2134.8,1480.16352240494,1884.72240018552,2706.01000322663,1465.98053084055,1565.86980456547,1618.12140069889
7699,897.68,1108.24719116928,1292.94884307604,974.656670941981,1351.89118593265,1426.39744982409,1316.42514868498
7708,1985.43,1999.39939645994,2150.47657583925,2315.57485979915,2016.28650858114,1841.41747419594,2225.13045641621
7745,893.95,855.079346484997,834.622258403002,819.305752075716,728.222701975542,840.825548287026,1229.79095155007
7759,1923.33,1941.24407906339,1606.58070822332,2319.56469379748,2376.86651571793,2168.97367735882,2671.31708171252
7765,748.77,836.025480437604,599.861923485354,780.561858921149,674.139520829684,727.4948129067,2710.21294876979
7767,1033.05,979.839350126227,671.879818434518,1126.64446333709,950.00777880107,859.429004527594,535.834479839171
7776,819.69,872.280019194706,1188.96901978034,1396.11321416075,902.094505664585,1149.37259603561,1272.35348133052
7797,1755.31,1485.71603801621,2402.43628256803,1259.86208220341,2174.87236530744,2032.1696413236,2309.30593712001
7806,1495.25,1938.88711422803,1759.00309657906,1719.84722864782,1909.38058401504,1828.86301747862,2124.52497422822
7808,418.73,309.49174129848,420.096074797273,559.646056458079,413.050015429304,448.406343157248,383.616336362324
7820,1326.72,1809.83616032428,1260.85669146865,1687.017215837,1570.88045264322,1575.82642917443,1666.39388913869
7827,332.53,304.129373189665,290.258165638369,343.527841219126,459.626344359986,317.363606754472,611.792480518381
7834,2424.15,2472.86078674975,2423.23696303981,2527.48269778054,2649.41659537609,2548.43259812903,2474.37309117559
7837,1238.68,1523.41849137268,1344.02483216809,1306.7645366651,1403.44849205224,1691.32065808977,1130.39068202858
7864,1173.47,973.698048459069,1089.38734644838,2005.83339030438,992.430244272991,960.824726254094,912.140558161672
7883,1244.84,1279.28675820702,1488.59524587906,1501.98434265755,1351.81832121719,1282.2964012077,1197.42948264604
7886,1899.33,1455.89939168084,1358.75704638365,1625.36187473455,1254.44185445237,1539.41671692423,1203.16174065707
7905,1680.19,1767.12070169193,1998.7894782687,1830.88333256643,1858.349744844,1497.75375076458,1620.14498803519
7911,814.01,1066.40171660569,792.145216097621,573.868157043171,635.207143798641,726.341949035486,504.166993996138
7928,1467,1291.20178541465,1344.43541978566,1071.65218286323,1980.60718065179,1189.92299482571,1010.02811407289
7956,1277.37,1222.57780491213,1266.08576949539,2195.19209027806,1355.96188145965,1427.00629774944,1381.6293047045
7962,1917.84,2002.17191934675,1870.61838964158,2018.55174559425,2233.57538104613,2325.11631322964,1892.50307629336
7970,1814.47,1645.44017334883,1688.47062277548,2080.58473277946,1662.14524958418,2139.36575789551,3346.09260215139
7977,2991.98,2134.43053580399,1993.29040627242,1868.65480899326,2080.70414282711,1640.06019157736,1763.57757037468
7983,653.78,682.824183756798,655.672653326336,695.697577288167,639.208583691591,725.61468519905,819.86416404194
7984,1502.41,1584.33084540511,1604.21955695919,1970.60735113597,1508.64384725441,1423.60805756017,1407.43619416495
8007,1362.49,1377.06022051691,1456.61931232247,1976.28079020433,1519.13984328848,1449.92907518814,1982.08065129856
8010,1189.63,1142.78196966666,1209.92594099931,1273.3240331579,1144.19157770576,1317.68278996299,1112.97112609354
8011,245.85,301.622321125308,390.320173170347,263.589899798798,365.427920207872,5635.77721821008,356.912357337131
8016,660.13,914.521235481206,719.118285056428,1204.12519913442,769.680952578362,661.18203814396,768.940363542014
8019,2116.84,2198.21966061796,2173.53152333964,2308.72422496104,2288.55946960917,2134.46310411389,2127.15578309168
8032,647.63,743.080772440953,851.321373458615,658.816376568881,832.873031656336,725.063019353179,1029.46958609259
8040,1013.64,983.053542547138,988.318221008273,968.169342723953,1256.07891950828,1045.31032263623,1820.02512695033
8041,1051.64,850.643174732266,889.584704605863,992.417749693335,872.022033763343,893.537891043926,856.806792716714
8064,1164.86,1075.80310187853,1411.27655119862,1066.91958791319,1137.93081383638,1357.39547026109,1317.79306746326
8086,1115.19,883.669786762987,1095.3336879646,981.279074018634,893.384721803042,1179.91917107009,886.146040333449
8092,1504.85,1524.65316232163,1589.29043808518,1464.96124372598,1726.44805446288,1436.36829662757,1521.95081738407
8095,1015.16,941.734348364353,1172.81075359137,877.615341195612,953.893105438613,878.90864460998,878.512848711352
8101,1718.84,994.379783338677,1472.25791393073,1075.92941736978,1039.63584721452,1283.56321310709,1656.71988826152
8121,853.73,1494.11140092441,1407.25110053328,1643.63196063631,1886.61334394591,1144.0865039612,1152.27343689489
8133,1049.77,1110.88345743264,967.311513588623,1492.15512448243,1411.22516799511,2912.68024969653,1185.64179621974
8139,2797.17,2347.27599283229,2312.55795852644,2998.9030436169,2439.50432800635,2677.27683635734,3700.44653447459
8168,1454.25,1516.5661945511,2718.88818029703,972.910771573691,1172.11129018903,1699.06315159368,1011.21290231255
8180,444.07,476.722737973537,491.274938675599,526.538430513987,543.00819910974,428.324369803748,500.760755861721
8188,676.39,677.921943387395,515.907959039775,595.679176263359,547.889135497549,865.322935150659,660.515722480257
8192,954.55,909.495850056814,951.373454096826,1001.74101244235,894.030039355394,921.909411252498,906.79867716963
8202,442.03,808.557641827074,982.610372946052,710.659997426594,802.665583877389,621.910044020942,842.145219822949
8203,2738.05,2201.73945503077,1634.63264254273,2641.10216433829,2046.29339320655,2055.15451400247,36144.0484837042
8205,1063.04,1434.71685013797,1552.2270586912,1404.86164749915,916.027800638451,861.962376657078,1611.38402443686
8211,1320.2,1731.08377809092,1461.53573254169,1784.35358986806,1622.66583833572,1257.65696041384,2289.28821407106
8224,233.59,309.520576541653,301.343020955143,301.792246302912,361.95190580262,278.742714129659,377.548976668109
8232,575.61,575.406172917413,839.568473913503,941.403173177496,673.538175370199,963.407761474064,732.568077300026
8267,1949.54,3327.98357928604,1647.47668420861,1520.81984927469,1735.08260166614,1573.44106213208,1340.43304190646
8298,642.65,627.135010473629,500.525691362889,604.121914958185,626.175770170047,975.983485049046,755.604876007666
8316,1414.73,1368.95751786877,1619.29549737308,1740.52336410948,1396.31352855409,1139.60882843024,2168.08240685513
8317,1346.75,960.760763256865,1077.29193995062,1246.14057349801,749.363832498145,1116.33813062356,912.228293449258
8327,2031.97,1766.80035137055,2000.33473190603,2293.57913754792,1931.34873952279,1726.35506043099,1359.87082677961
8352,742.33,581.940113725946,750.709711549907,881.054937769093,717.524206930637,666.265526042202,513.285648138459
8355,1638.23,1672.1015310473,1707.65027466655,1922.36118135272,1763.02115441209,1825.67906579825,2003.77752457136
8357,1240.23,1340.82728569597,1192.24698244214,1487.69942217917,1237.84668764017,1162.31675888678,1291.36159947869
8360,1469,1329.12353826552,1110.81820971118,1225.73007231799,1357.85713638248,1342.79206917661,1648.7212517478
8383,938.15,940.974446458649,793.816539283244,744.740685159462,931.377789941506,877.499349250903,981.397581327008
8391,1791.81,1554.74163876643,1485.27615316166,1916.58110728796,1917.16493349412,2209.08463747237,1944.33085211544
8398,1679.57,1527.05371582454,1681.45264895837,1222.53889118134,1412.34319896937,1496.83753979697,2660.96355085685
8407,2020.72,1908.30309361834,1823.78382564268,3027.53771448888,2126.49736234909,2157.85228635469,2903.67055917568
8408,241.07,208.180169565858,187.866312184462,459.395338066029,174.987705532486,169.398599583012,148.911742634804
8410,879.97,1079.03341347252,1090.62757182179,1333.85515098814,916.505938172303,1009.84497958256,836.91724174042
8425,1650.45,1261.24095317609,1150.37531368245,2208.85048657943,1304.39887994687,1947.68990368207,1753.05975465011
8448,1596.33,961.156330985548,1068.19696071275,4321.61622517117,1197.03717202666,1393.8077112162,1120.48158694554
8454,1697.07,1410.42527746464,1338.47579279392,2039.03751388234,1453.41969615319,2079.04279970282,1936.89122828314
8475,761.45,660.70304128179,789.835129917059,601.766023380053,814.298981256163,754.071312700978,875.035198742068
8478,2225.15,1230.4295705066,1751.66271614478,2886.37774143655,1743.95092007472,1646.95327320683,1638.94847973082
8497,1278.13,1294.56814011823,1555.34814726913,1154.92817514927,1062.8374030557,1319.91027151822,1260.52039778014
8510,1557.84,1885.21527044546,2018.76716225161,1688.87779697208,2374.06995459146,1687.27863432465,1405.83613787279
8513,1166.37,1333.33761710736,1082.72545055987,1104.65670201283,1090.32184696887,969.09395176813,930.364616004539
8518,432.64,565.090105487064,468.211448837654,615.51758601895,520.306064969146,919.5890252501,421.865536867142
8534,2351.64,1686.14301315247,1736.27182237271,2144.57138841977,1871.53526089048,5064.60326390404,1790.00071616219
8549,1097.53,1056.47972793235,1002.85151266941,3366.94998432439,1187.13797047641,850.146511416044,1075.19477272285
8557,1509.42,1281.87722040132,1261.09783535224,1437.2147390354,1498.12630169011,1743.0382197923,1628.00450457116
8588,1010.14,1164.59538046389,997.459428579527,1013.67721174492,951.044092472483,1053.79727801258,895.816115931377
8608,2753.06,1628.6232934898,1934.86519589454,2536.05933401917,2006.04259067516,2175.58446913637,2049.54734122617
8614,676.66,704.627702093645,753.852129518645,660.364403566144,822.015763922986,642.011562486227,1133.59725646111
8626,2140.93,1642.22604057178,1754.83558705433,1452.8498751238,2189.33263354057,1789.44125130842,1446.48242358763
8634,1908.06,1565.05267804839,1655.7395319872,2856.46709259584,1876.54919470905,1555.62817323272,2074.45763221721
8668,1525.05,1943.39067826835,1633.38861977089,1135.06860798493,2274.0867930364,1178.37923673715,1756.77702281835
8676,1397.71,1381.68457254381,1308.18819840349,1651.87646659281,1301.33861308015,1354.25818261138,1230.38808310418
8679,2561.36,2208.30346042353,2094.94323213737,2648.25320906014,2181.22166281603,2043.40211622511,2053.10084538631
8680,1756.24,1723.20322271783,1783.42670830529,1509.04300713733,1505.77190973841,1854.58663156399,1667.10182063482
8687,1351.28,1685.91184573137,1923.45492497193,1630.22673777335,1715.78183162657,1312.76999215227,1398.46407397956
8688,669.84,746.132345337501,661.359979879521,460.315325639512,559.333040299857,645.585091812833,654.810094139157
8702,1751.28,2984.13630477168,2255.34517276044,3126.56604877018,1629.52386070252,1495.241276972,2229.02498469456
8707,1199.11,1349.93347753899,1503.08162220078,1472.36977859363,1456.90781489008,1606.57213801552,1467.3213343331
8715,2028.01,1853.30525597013,1807.18308702275,4344.48509727811,1768.46900163447,1750.21815429998,2151.56592945641
8741,2256.29,1790.16764847024,2141.84073854189,1648.79616528275,1606.28606707265,1879.37636814096,4917.95547066094
8753,1084.13,1169.30416942349,1173.62538442259,1454.57536031303,909.105149287723,1154.19744161114,1067.37991799611
8761,1154.84,1651.60767518375,1315.81071636346,1980.58709411788,1471.93630504161,1329.28527467709,1644.5801550909
8765,1403.53,1618.41130709579,1280.12310262177,1421.39086108102,1662.67597879305,1455.4476941578,4516.80568357371
8774,3074.14,2494.32485986679,2522.68032675934,1956.9754314996,2610.07925891692,1959.63473377685,2063.93967195846
8780,2018.73,2032.75532542644,2073.34748644817,1847.25114194996,2068.53683425527,1985.1945593975,2118.75681368543
8787,1842.14,1819.74822814044,1385.08987274398,1456.8075820362,1719.54268375226,1402.46960764418,1610.54659572929
8789,5174.28,4259.02970807619,4406.84161112291,4939.97730370155,4628.34419608734,4680.97642099128,4495.78766853161
8821,435.49,559.684374535821,423.521057709289,871.887334908523,510.005093175063,397.149611580207,673.931767962811
8843,702.95,767.438287650303,937.167099582726,833.393729433092,848.35799868007,853.873625177077,1063.79762962601
8845,1576.47,1854.16988928976,1440.4173911816,2131.09698696783,2435.91804037578,1475.66850202057,1574.80134733938
8854,906.19,731.312213205985,823.579651494355,873.583938831409,811.81098030419,784.224060567909,785.487119226925
8871,1669.75,1700.53919295932,1488.33311268083,2105.50457931565,1694.38077457737,1500.03194077574,1492.70910982547
8874,1168.04,1872.92784588582,1361.09282545901,3078.85381872312,1648.1562222773,1538.27321479137,1313.02648391103
8875,931.14,1274.990981678,1173.30742151638,1162.15373402859,1434.91913899085,1270.2024497027,9669.05300944448
8878,2350.82,2109.15549754215,2399.03067781745,1699.79503576277,2125.42885530013,2074.31318474897,1450.41570629902
8889,1717.51,1625.89046600636,1075.1257038132,1654.71556905609,1581.71206932511,1423.93380625476,1058.44692660638
8891,1363.57,1390.16280967311,1448.40191836428,1343.90411151472,1380.46244460067,1235.25119316735,1188.08169113469
8898,1221.71,1365.2277382213,1267.60761239576,1371.7433853502,1343.45835894033,1426.69067894724,1281.23055472871
8904,1695.74,1995.885973388,2438.75114338429,2371.99802970582,1911.58809377184,2419.96720328251,2450.94316934121
8908,640.62,610.424105658648,625.637544414847,876.810906885097,480.687611444688,688.772898591016,1043.378350766
8918,235.55,201.559796262628,180.697457861647,169.622196083657,186.168862165702,168.525787880637,277.81420606842
8919,1738.48,2300.92749855626,2052.00051046513,1770.12003224968,1605.29896541536,1649.39479435266,2816.68212890067
8923,891.8,907.053502855478,1005.40986665457,917.040186543287,931.880609651381,968.092050837679,1512.1842499708
8936,1010.69,919.589442631761,981.125051967908,873.579767137766,806.776978146584,939.193891710308,1336.78072143553
8946,1301.71,1206.34522044345,1370.76642378121,1261.67897772127,1221.5301286153,1168.6373124455,1338.16851484554
8984,2247.07,2081.18718142299,2121.02517721428,2329.46668404915,2300.09402664754,2225.56440863538,1789.27378507063
8998,1739.84,1667.38206207396,1468.51156861909,1690.42530123567,1650.3307823816,1611.85642664294,1649.0989260477
9011,3678.95,2469.94574192785,2675.15976468963,2491.09712491655,2796.58779078513,2766.91268799453,2609.50414478717
9013,565.13,529.694228917569,567.64618127622,967.207002878335,626.457985583219,531.940539243649,592.726030847559
9052,1103.56,1193.13199228396,1164.08801642378,1315.78787086025,1180.09781327291,1092.40574359398,2910.62337330009
9053,941.48,936.887977761415,815.723190958126,1042.24641163162,1113.85945398278,1619.25347311524,878.281441984353
9057,570.81,674.294422125565,1321.90156126898,4407.27029815981,760.904888175186,784.556307371435,504.001152045384
9078,900.29,1232.25732666871,827.938473397263,1050.1091385543,858.954929567037,890.669434427895,675.950489535531
9090,1018.03,1002.41534072883,1048.70231893478,855.853287928748,1004.55385314086,2513.62892377232,856.255441959256
9099,2867.12,2731.58647469414,2528.60695498031,2696.06189858177,2792.32002650225,2419.0564099918,2184.24830659294
9100,1673.46,2254.64516309862,2122.3721472273,1475.50761838317,1505.8828374518,1669.81176053486,2652.14855779614
9101,915.13,1176.63497802441,771.016276935829,1023.32023418304,857.846464810909,977.737541030137,603.711725854678
9104,1627.87,1424.5645451534,1435.41797506459,1262.23364453701,1268.90041763713,1554.20330348651,1679.88053997689
9119,742,738.541386820518,640.069143780647,659.627887801537,827.290298899627,685.246720303397,720.056366540896
9122,781.29,840.212118216262,953.185055811135,1601.42462836533,777.618330693346,857.632418811607,721.632034484251
9123,1103.35,1173.32227915237,1521.55338922929,1396.14098785442,1476.70463598936,1381.04400743556,1675.03392602951
9140,1627.34,1131.84252796895,1202.24283976229,1776.6367863601,1256.95058292733,1320.98967740618,1792.82532153954
9144,545.8,478.458114740394,543.241995551077,505.568317950353,1025.69673332835,699.923251566651,726.40786467365
9163,1546.39,1577.78828928367,1508.63655716714,1260.13174924652,1318.29990452014,1341.2862316882,1269.33203431591
9193,891.21,1200.85766526943,1245.63677893847,1029.65949069068,1404.25223448974,1496.5456406201,1391.79678056049
9196,1733.99,1998.66238357305,1732.87140177016,2352.4047027963,1849.15492117156,1724.09711045898,2414.47927284374
9216,2455.1,1633.17124928652,1874.52406587301,1733.8825136182,1848.6456071649,2059.21643102526,1534.86580077457
9219,1243.33,1635.9265032979,788.831570604993,828.14991251453,1076.96001531362,890.792028562635,780.698407992295
9243,171.98,204.473767449358,251.89866496114,232.800387737563,253.400488638877,269.01122480216,183.819885686397
9257,613.72,564.434220648439,564.011945321334,514.633162905505,637.58221616296,485.502353565446,462.019386648852
9259,936.82,1012.97472094175,1063.93293833272,955.006259719299,1118.83461033874,964.870002971744,1141.65467134101
9268,352.16,420.967739492067,411.824617373837,283.657865440036,394.189052249424,525.681157789998,415.084680740776
9273,1878.12,1110.72915425605,1700.08586653154,1168.85999133225,1248.75911581247,1654.91641507638,1072.95768898513
9279,1218.03,1359.10400713508,1417.88629129478,1774.74360535576,1799.68433895149,1620.41331117995,1310.00388680952
9311,1448.74,1394.71016106314,1166.07960231326,1293.14105739442,1415.00602317118,1062.96159140585,1078.69478991866
9323,1138.14,1534.62164725355,1532.28552215216,38178.5327695955,1479.37004851754,1853.44022959326,1364.03664893172
9347,1311.32,1840.74962856933,1294.67723132219,1275.39624418339,1087.38041643098,1601.32415782545,1112.92432574851
9392,1996.53,2170.3317352446,1990.41791400954,2147.79812372802,2277.39313041365,2160.44455611452,2142.54115156594
9468,1051.53,728.568515876018,754.644562613494,988.572545659224,875.522662446887,858.477555495647,1010.48810145849
9477,1729.59,1401.55100944973,1377.5857331188,1453.96797051363,1273.89753921655,1792.06794628103,1742.739590737
9494,1903.31,1883.00147083729,1640.34896006424,1914.64808146932,1710.67404082444,1771.72587509313,1590.82790587507
9496,1446.56,1648.68766510867,1239.09033135042,1298.7066098496,1280.21049779886,1011.48405835471,1396.11664344282
9521,857.09,763.51511946509,622.631609057976,607.956689102364,747.545809579006,1655.5483234198,510.740465282629
9522,1849.03,1788.89167424108,1565.60965067861,1837.37874359833,1811.79127405474,1428.90439918974,1902.62114798527
9527,2250.85,2138.52031784262,2477.82141876831,2357.55273739103,2288.81283934558,2503.26403974583,2227.26177024315
9542,419.87,442.585834414433,298.534847455054,227.807305849903,310.652105677775,297.293667928755,574.400637245172
9555,2291.55,1959.15060503368,1709.39431792289,1838.70343860529,2507.60272515581,1816.45085226185,1851.60027633502
9559,1533.5,1495.28533443956,1772.06121280292,1808.35022327896,1539.67182822206,1554.12394313999,2862.75108654129
9574,577.36,615.75280767131,767.990726206058,900.801296290519,496.917396954485,706.397861692312,769.343710553726
9591,729.6,747.466130539485,818.498552225033,1122.22401068408,804.912741829691,912.429640089761,850.733803111453
9595,1453.44,1244.49331187226,1310.65921191836,1050.89001480498,1526.07985147329,1611.99925162467,2234.79305506309
9619,232.22,336.848523350212,264.672007594239,475.94119671577,299.558091144987,240.397189814399,889.399836750463
9622,1477.47,1594.23183211196,1493.48389379366,1401.41068629159,1329.45400555618,1173.79870318267,1505.40017095976
9632,1990.33,2005.09583863513,1324.95676392903,1710.37330747519,1786.81745111396,1458.26787094198,1466.79984046993
9645,2106.89,1813.32580179822,6484.93932752048,1840.12316598783,1687.08271242457,1829.78256536307,1439.19957179973
9649,926.02,891.662685333846,892.816226327385,968.425867391762,800.215507940377,846.372272357191,893.429188828999
9672,2601.42,1790.25914990532,2525.62746203471,2483.36580122365,1988.13644893073,1764.8473343055,1592.6861329346
9674,1121.22,1177.80634786981,1315.71743768749,1236.9939258908,916.097447665543,1276.70700914977,1079.18510654178
9677,1030.35,917.295400952129,882.043927502967,888.655924886914,1095.91736500353,819.069672562612,767.826166400674
9680,1804.18,1704.32155871518,1764.24565568734,1381.5321475137,2728.17252287632,1592.55385156035,1933.4748705979
9682,2078.8,2114.11697370912,2059.36803316721,2685.00115512438,2045.55186365352,1987.17667837108,2206.24713748019
9683,1714.98,1498.87085412446,1468.25173779592,2046.51000718723,1500.49719821686,1645.83529283049,1445.39209893495
9731,2388.38,2116.29632507602,2279.39887379852,2305.58249980165,2535.25597636439,2275.76357807573,2465.87940291765
9759,1084.39,735.851691629896,893.843889277297,896.947522480123,834.265217060929,843.828872733653,862.028390806397
9760,897.72,1389.39693791516,1145.61712830878,885.145109936275,1085.87472772485,1477.36776873253,938.736126402351
9779,1054.74,983.210587009977,984.732671274302,1124.04999126465,1178.41286660957,902.261246321724,1115.43794427099
9822,1508.67,1524.17378288345,1429.45151644835,1361.19325409243,1343.43619742682,1391.55888407613,1465.03712023643
9838,2113.32,2376.53612848063,2494.6489954779,2340.42916496297,2445.21144083828,2378.77429983413,2453.08681510648
9846,1615.28,1205.0358746365,948.312991153719,1274.3037421428,1177.61640654645,1151.04519339113,1108.57456487002
9852,2252.33,2432.29201770474,2015.55766281993,1825.36913445377,1909.21907601025,1947.32812328126,1984.75120694151
9854,1312.11,1546.41713731203,1422.93085980554,1285.93973538027,1318.31361892438,1227.35273914392,1161.12703709808
9856,1061.32,1713.02022733635,1500.3722099461,1287.17161749319,1556.917581434,2024.14797171332,970.561906967402
9864,701.86,704.709357592575,653.003315546204,648.591706120224,673.527552933281,633.234926817635,628.799938564155
9885,1541.21,1241.91906399284,1395.97187076792,1224.75137322044,1234.09624574589,1124.39778905262,1121.27751339992
9887,1284.69,1050.24032831598,975.438736504287,923.722141119845,1332.77716152565,1128.7405886287,1989.94386307305
9889,876.57,791.587560031102,2530.44091648105,1131.71222872323,624.569154042475,627.508224439909,717.87902647765
9894,2615.52,2591.21203125058,3062.12417231015,2816.51357370863,3098.19591767771,2390.77688312884,2585.58743769133
9899,1045.99,1035.68422926109,1059.08620821653,1049.37590528335,1036.59836761516,1070.30907081711,1246.76203268192
9920,2177.89,1038.71520034154,1836.19401798456,1551.99275003041,1896.12462219832,1177.10852514167,972.517261075759
9923,891.42,986.14898030358,979.754544361459,1080.668057963,777.175027855019,783.560557749638,782.42087122235
9933,918.14,756.586078894114,1404.38683478987,1149.56780079701,1140.47981041096,871.05448517331,640.124926894516
9934,980.57,910.156422888511,1230.32104404868,756.662535121803,913.394838962875,943.099040132307,1947.50544465258
9942,1192.53,973.668309381812,1091.32775391547,1609.81719319529,943.151240291762,1036.38911937563,1125.51848039286
9949,792.89,887.082541274475,1025.8556695684,689.297994490382,1117.03784324683,984.62909342824,834.584706716114
9969,1479.67,1561.37656314528,1320.38339643113,3270.27275856924,1941.42975649845,1803.52141090005,1749.00543655439
9978,703.35,666.261199106551,682.420750327699,687.923775025656,740.715095912441,921.799115741775,747.90094077601
9984,435.74,727.038326283489,613.672385119341,591.903917607289,438.492743198398,555.864378762916,451.945397027936
10001,2153.5,2302.26201260833,2308.05326250633,2494.48649961063,2420.31197541918,2275.99245002299,7988.53192549914
10013,426.66,402.745599636272,291.116297586186,482.939304160925,377.598191575145,493.277561316878,466.094905459262
10023,1452.85,1838.79822643683,1770.71459560931,2660.00404942545,1739.55296908901,1796.73725435131,1678.47741378562
10027,116.43,79.6170119601831,83.9138626677152,107.184814169605,85.4179582519879,190.71426514295,101.984010105066
10044,1121.72,1063.14006861838,1243.50946100133,1191.46087141607,1171.51032834524,1201.96558657371,1129.88242146632
10064,500.66,365.240415540056,437.239468435762,413.185090936245,546.721892693117,549.364368473102,514.869099702101
10066,1329.85,1376.32964829822,1171.69636407721,1405.7017454509,1249.41350719108,1296.37600970347,1377.0032375376
10069,257.45,300.598864963424,275.793564978061,1954.33638186305,345.323841605562,483.565895066584,321.772474883929
10138,1567.18,1916.33086045161,1407.14999234924,1282.84360759948,1770.52143089746,1760.10107710158,1731.17562315388
10141,883.9,926.692239358819,1058.2275461948,5575.2534469063,981.025513719499,940.720346775845,1255.09761968586
10153,1516.75,1703.86661817057,1480.85976554174,1860.74433151582,1491.12684076057,1438.20842664515,1820.20939344262
10163,231.29,231.592017676353,279.030133563448,430.74565792742,407.436469808207,399.714718407036,277.886595604663
10165,3044.36,3030.87270575652,2982.32986642136,2723.12436059485,2464.6825495644,2632.78771684774,3754.40100971306
10169,934.41,1329.94724207629,1220.5794005289,1534.18739807448,1239.62095271247,1256.93556506316,1528.22571376052
10170,1093.03,1199.21531223541,1294.91770927574,1086.9014842009,1321.75761274818,1350.87617466762,1358.23731260532
10181,1295.16,1453.24891846195,942.972835802947,876.584648128637,1128.07931859126,988.300271183863,7213.39585274238
10182,2053.08,1118.01292209336,1408.67735166668,2478.9120065103,1164.65829514916,1332.82585767203,1429.14624482628
10185,1833.05,1936.01324575831,1645.3547135277,4715.76543178118,1923.73510850292,1490.00094978401,5584.10714842276
10199,668.49,484.50397767394,426.657620305273,1742.99747267162,505.632507857275,630.231398090752,1615.29833900328
10212,950.68,1963.16006237873,1000.12917689888,1064.24540465923,1009.8526183214,969.184682038404,2199.44562877168
10217,2703.59,2641.79397492992,2350.01104727636,2828.77905582303,2285.21198858525,2240.19268400642,14378.8853533636
10219,143.11,185.98981479773,194.224538922914,156.944490028232,198.508627548036,236.239646707313,180.796709125653
10261,1244.45,1619.81731366692,1579.10145647074,2269.22506898632,1182.49951633388,1456.30617753449,1409.81744613208
10265,1017.09,1005.05071323695,1183.38755214269,997.710669334786,1030.01193839727,1210.35402445862,1010.27490184919
10293,910.91,1034.62767172129,1346.45411598676,1642.50848281837,1293.38213612726,1065.00296872321,946.697723703578
10294,1123.91,1223.12122092035,1257.4184391773,1022.04383530879,992.90815246699,1266.48107238209,872.946298768193
10298,2038.67,2189.52524449034,2103.48636978822,2175.73399642722,2271.54963796443,2053.46926591139,1978.32171724234
10305,2830.28,3017.21318767203,4113.63185653087,7033.53551661612,3036.19606243237,3204.96316443203,4205.44201241992
10307,899.95,850.940591735101,810.796396016449,1127.52231450618,907.308628050457,834.163709341262,1114.03224728328
10317,372.73,400.901949400339,657.724285168801,620.753206404977,472.598364679752,553.645490394451,938.663921131433
10318,769.95,686.946290992697,931.11534913192,847.24649655692,795.097764835661,660.765012400096,799.190044067216
10331,976.6,1003.50721770685,817.636987803038,894.535183590347,718.396384373606,768.499488977358,701.315638697372
10334,1635.49,1955.09632131177,1725.37410745964,1827.05012236965,1814.49884383547,1770.46917906732,1874.75361423177
10340,2239.5,2711.63833382072,2043.27993587622,2590.00339559676,1850.58303746071,2255.39654403227,1691.91341777429
10354,1850.72,1596.73514899965,2019.96580844855,6208.70026991856,2200.11276853278,1774.33264024012,2214.68698546096
10356,1490.21,1417.99830239065,1540.58927110684,1646.29065434294,1720.93161337847,1372.58330025051,3036.95404238391
10366,1101.97,550.042452546196,687.109447112542,835.662450220342,841.856374676285,865.169167509198,831.799409960278
10378,748.76,948.371720337212,909.882805200169,1065.57280081649,758.05900304703,1263.50634848332,938.072596878462
10392,1988.14,2368.01320210247,1718.89166940061,1779.88108413945,1964.97321275103,1821.65742339232,2158.46572929404
10402,2281.62,1498.07225940267,1690.66250315921,2273.18526424715,1551.31294513248,2742.42075840922,1326.64732882451
10407,1255.34,1337.44077698831,1284.97196803594,1426.71640145968,1262.54285805358,1213.47436907083,1101.84137430115
10411,1283.92,1157.74262537147,1267.1836332734,1251.8069376634,1316.99448925354,1371.41476294079,1141.74442387194
10417,2529.49,2470.48996263047,2247.11408848127,3773.58819354956,2391.5269263771,2457.08716300194,2707.15544537414
10422,814.92,729.838564435951,878.389317168199,638.970496789538,774.050243610155,982.98667435343,524.081959686442
10423,441.43,370.000098880617,357.541667468203,480.335086835884,317.511807205101,372.399952390034,1259.81306117043
10424,399.54,197.915745076743,295.344667271479,440.171794316342,226.19283312986,312.378882272507,356.371162136408
10460,3094.33,3217.80590430891,3282.07153274113,3543.96941431895,3492.3136656305,3363.27779154918,2617.04923344031
10469,410.01,885.306453495019,249.020207743271,1111.38107836134,794.971570213612,449.340024691563,113.577947746953
10479,1315.2,1301.25371604804,1414.01841074617,2896.7555425034,1315.18175600873,1481.19942717045,1176.79837490649
10482,1909.61,1735.10671113511,1741.35489267268,2035.53043863736,1679.2151911115,1548.6563921516,1808.84458014431
10485,1548.51,1583.19727416969,1745.74237966541,1823.46215271437,2003.3036090107,2261.04348219969,1778.27108316504
10488,1161.12,810.917709536983,948.229823572947,887.365725590496,1011.79145968209,937.136630004378,983.267941915217
10509,803.6,652.769063033769,654.799981622291,585.698929301225,662.743710449934,789.323570125812,565.903785680886
10518,1007.14,1057.36013630732,1330.28338206316,1081.98053409956,1097.86368835633,977.607655737322,982.517728020735
10519,943.36,603.647951366401,600.685093401253,790.803901352811,735.506704110208,647.305244105584,608.743346051279
10520,1626.37,2000.90913074324,1865.22548574131,2127.37645378415,2308.50065702714,1744.61939656336,1378.77334503409
10536,1917,2125.91000511356,1997.78449747489,2089.56040268744,1781.46317355433,1864.48885733533,1770.38054042482
10568,2001.14,1963.97073499861,1671.19057637165,1505.07794469978,2131.01452087847,1745.7999840749,1625.78151034949
10580,1650.04,2419.98857533494,2059.01045610464,2090.76320581616,2153.20636651535,1783.76993473475,2059.65429401856
10583,1265.37,1649.36560504364,1094.10060690159,1066.5873953568,1150.72517679401,1201.43425482793,1607.8453982972
10597,714.52,823.942528310935,650.60434735504,625.025425175376,1103.14408351093,603.353814618773,1697.38467022459
10606,1562.24,1697.24976064711,1782.71410894453,1692.69942244789,1813.82542919915,2025.90113250805,1807.22687946969
10610,2672.32,2331.28355178234,2567.46219069465,5363.65635109153,2396.1403045225,2053.86360957861,2433.58465477902
10619,1360.26,950.154537922618,1139.93081451865,1078.09428972142,877.560186355956,1160.68479855788,893.637351169986
10620,1098.79,1170.07599949273,878.928009864794,982.857313709803,1146.75176242607,1267.06591043524,1368.72328380702
10621,2591.51,2468.80163371544,2521.56734568222,3348.6164578241,2879.32649978346,2687.74795193661,2481.5871107689
10654,232.87,324.072368240372,439.682484795659,270.395194329194,790.68302017796,353.647316405865,327.555562113378
10660,1929.02,2165.70046296892,2370.44573337364,2164.54005711993,1738.79978190974,1921.4484056046,1824.42654175099
10663,4071.02,3958.97790618344,3401.42475058974,4154.36812515865,4175.74464307914,2802.53606072471,3752.70255936719
10674,1019.82,1032.17387207648,806.929303263893,718.763198457392,972.723668962117,1161.81840727003,935.194620320828
10688,1989.61,1894.33563037152,1917.23326720926,2217.74732537211,1499.34107072694,2021.70334476884,2573.74331680762
10707,1267.33,1105.28543969101,1136.10068564797,3863.73745618172,1129.29060168871,1254.14980701115,987.666732759456
10711,938.21,1338.80675216197,843.5621531112,1037.53494865202,1269.80055977058,1336.73472111982,4788.38849728882
10715,1714.3,1907.62487315209,2482.14608645528,2335.57932397357,2100.04319985395,2569.49732020769,2890.35208190857
10722,2445.39,2482.83163357147,2394.34395053262,2720.92486737937,2521.14478834732,2371.84628715731,2473.21048440029
10723,1681.3,1632.19162261754,1715.7530924948,1867.63229483844,2120.76777133541,2118.01355217053,3554.37985654077
10726,937.62,930.422803404423,951.847075811363,976.814830620434,1052.03652344666,996.467340065862,916.334015581936
10761,1522.77,1357.89909081666,1473.70709637758,1665.04076304935,1298.77819630082,1211.48389817155,1703.25414246989
10762,631.49,764.804973573857,635.20168700316,680.306231823728,799.099482274708,866.261647706554,702.925579709827
10777,1307.8,1159.84048868769,1284.16417948948,1462.93808946841,1539.82587878499,1301.28234964446,966.214815626004
10781,803.4,800.306002650395,753.187039418428,754.905877506599,840.235789976394,875.845667545934,820.349121009646
10803,1634.17,1210.6409618951,1087.03596727441,3017.19276727936,1017.20661536158,1320.15658221417,1319.07641182601
10812,770.65,784.600687369471,779.76740466769,748.111742204083,805.999755759999,753.146535962433,831.901616996136
10820,529.12,484.744691404164,394.472689903724,267.295011348154,496.163871071673,528.512152605895,279.502560620697
10823,639.53,768.407540552225,1062.50273283991,660.22636023779,782.878460967677,575.409975020425,662.865891984199
10835,1595.06,1980.82753995622,2235.90677615037,1630.68132892575,1650.19682454057,1476.03008932863,5037.41857629088
10842,1372.45,1679.7853606812,1453.67752572235,1520.00114318034,1606.02209691904,1490.0999531909,1505.48578898073
10843,1978.35,2129.14649542202,2276.04320615453,3181.29806701857,2251.66328130597,2026.42874182071,2232.6833755812
10844,934.42,995.768237240972,900.321313657226,1078.03254519906,960.127453249835,958.549943647568,871.723787308289
10857,418.43,436.74263820913,392.996553498256,355.27877720519,334.502155443417,520.047249067718,308.682315449717
10863,1522.55,1515.16411787114,1393.26056879261,1359.72122018333,1500.03858294605,1392.40315303498,1717.89327526691
10885,1750.75,1244.61468420219,1155.43928150652,1119.30168040538,1232.20026305019,1364.76133340248,1616.41988872454
10887,946.78,1320.34220337406,1250.00393408635,1483.99155180046,1167.55961511999,1268.42363419616,1273.652608549
10889,1974.32,1780.57996022949,1690.69062835263,1566.14062596321,1863.08580799209,2078.35062288643,2306.41766963755
10905,1322.01,1164.91904471566,1116.70735774023,1209.84706031668,1101.51481807663,1306.12378681748,1326.96910177852
10924,1254.3,1168.20048264403,8310.28845393136,1212.6760521891,1131.59062457684,1245.51872414692,1519.08633852722
10928,1177.66,1327.42134179987,942.291359231919,2321.88597878436,1300.61155530404,1321.12449843377,1392.33151555358
10948,1483.07,993.399050893651,1048.06691448797,1421.70263187336,1422.60908027572,1466.68115324053,942.51606292752
10952,1843.32,1329.14955510076,1665.09310986866,1308.67422784338,1602.25088115071,2166.90334718644,1119.24041407561
10978,1857.13,1856.85056141909,2047.30946419224,10063.9982763553,1885.62157739628,1936.84167026169,1822.55308242929
10982,1134.09,1190.29238816634,1202.73114361102,1247.65412521518,1148.2167021964,1205.53786502413,1138.48118945238
11005,1016.06,1134.25743897341,1122.97359122639,1133.64706929565,1046.040787363,1075.068052075,1075.67647457868
11010,1002.67,1052.1584986051,931.83703416093,1139.68985456855,940.331624382888,878.869524196385,894.468260081027
11011,598.42,625.193946822708,524.497610888656,673.213984052941,564.595557855662,485.85609809202,587.919269120085
11034,1335.66,1307.04629999728,1510.96953097891,1957.78098977927,1325.70964430466,1152.93953843542,1681.54147245027
11043,898.71,728.09667898046,783.147677747264,747.423296574544,729.262071484537,732.64952421811,909.193010115065
11051,2162.43,1355.74015026755,1151.90602547141,1528.46138819454,1227.32718668287,1517.01309278592,2119.88680610022
11063,3495.98,2665.06060348431,2934.82279222137,3505.52642613447,2572.1604383898,2240.50723718052,2001.04700601141
11071,2240.74,2572.2559935334,2944.47761684895,2742.02865101899,2477.17486927335,2390.52295946468,2490.44770325461
11075,1095.44,1072.97715930891,989.831811769306,2204.25260765526,822.249136341275,845.756158115838,1172.33088558009
11076,879.76,868.43944736554,770.142876807029,967.399466808122,969.678080139377,1023.23282433001,1745.50939241891
11089,1278.65,1103.58610627084,1177.70743538035,1214.64004302423,1148.04595425791,1060.01850184883,875.374017300638
11091,2025.58,2135.2148004051,2014.38203323415,1682.67052455498,2007.28643808675,2300.28209064617,2125.12287405186
11150,1304.72,1235.99952758678,952.294234686191,1252.8619574817,1082.28310886064,921.431403945374,1169.99043705067
11151,1317.44,1434.77837996387,4038.6253389934,1756.29222861415,1241.20918518841,1599.28663658151,1395.72608215221
11156,135.57,181.034493222797,116.885645129192,189.753255378025,171.062226838129,191.366746673801,341.308837239121
11162,2889.2,1641.38333461089,1501.71578806703,1464.27817017768,2334.89108582477,1823.86027485581,1385.32259957909
11166,1652.08,1071.6116197505,1587.61320766087,1163.45829765997,1070.7955457485,1190.08330849063,1706.26741002262
11213,1469.02,1139.03893793329,1001.94503966898,889.378989248426,1034.12563686588,1138.0364666681,1190.83293379125
11231,2688.25,1975.15150151166,2063.93442491729,2519.68391127311,2311.78515466731,2202.42279553938,2079.68382799227
11250,920.49,23.8239569001724,28.5296670262229,24.809619451578,29.9176075692888,32.8017039604755,33.9488482231437
11262,1630.25,1346.802733803,1251.60995116047,1208.71169049763,1217.39584949244,1272.73866195013,1283.61677571964
11263,1508.82,1250.31861002924,1264.71273146995,1454.27180018864,1001.45142607029,1063.75951162066,965.632389507459
11265,1305.34,1113.76815516803,1124.43952961281,1259.9136315991,1026.19798953224,1076.4844622541,1295.66171826323
11266,755.72,913.641664432547,917.406013159479,1054.0970382129,963.401889351071,946.081203053265,1502.36097488518
11281,297.38,346.365495940655,220.194033399993,401.376006558825,229.528178462484,224.938599194251,246.038950283037
11298,1190.2,738.295056863242,1128.60775094153,820.562804067136,1142.54959851707,870.841742152422,949.306432083382
11308,983.52,1267.73513939265,1058.96604205015,845.725037025993,1012.21891764678,1116.50317949555,1193.21658214781
11311,1925.8,1543.15572950622,1306.85984362418,1968.38408266494,1431.84548617486,1641.47262367921,1615.21163738477
11328,2566.63,1622.28575581008,1974.83391194804,1275.56878884494,1742.90736597073,1522.6362733226,1413.28266549244
11336,2024.05,1241.07242146155,1484.25650097552,1764.2244381664,1116.57006657067,894.008746442738,986.539719520407
11340,1076.67,835.471996906906,1328.10488515246,760.739440677219,777.19306470399,1365.12278993497,1126.55965523453
11376,1934.68,1650.59735754089,1653.48913052671,3685.9130332937,1807.79291993234,1664.28921347887,1422.95940689876
11393,1701.91,1551.20693626051,1423.88012680031,1812.9061901752,1544.9053024801,1603.80977065643,2311.01383920887
11405,1790.39,1261.30518584905,1220.76514047138,1645.92486152014,1598.68664023845,1237.7172127994,1374.96489067898
11416,627.8,761.685887331457,851.54297767419,915.737840977178,954.619758333286,746.191160769858,1096.33998230894
11425,2031.84,1487.19382802724,1452.79493986136,1380.01937348396,2066.83940351433,1404.54220633503,1327.37165354887
11432,1636.05,1450.40078709981,1333.54155701527,1318.06086746992,1513.12277812639,1250.56253567257,1292.10590443076
11442,1167.48,1215.8090409416,1254.75026676618,1214.72227732518,1300.35245464659,1116.91065467445,1458.39080180063
11446,1141.06,1067.12487470354,1145.83064706111,1249.431523939,1246.64465085671,1103.29746867086,1195.83380135501
11447,2790.59,1603.01372766037,2415.84258381877,2674.2717088865,2619.66349937456,1593.87909451817,2184.01689771576
11462,1243.85,594.172705594987,800.209311550362,1083.0684805313,627.276428285145,519.43629779738,639.726829418489
11463,1278.45,1570.303363185,1569.05880763773,1869.20864279335,1285.12601306912,1368.35337407859,1399.32117769142
11486,787.9,989.443065640801,1230.01591306934,798.56656511834,771.462678516132,855.602840600629,1956.73734613051
11488,3887.65,2557.82571688299,2521.15966273675,2957.43350660484,2391.9297421553,3336.40242388474,3361.13104950156
11491,1676.94,1682.12410418558,1758.51342661293,2713.07782254068,1528.11669476332,1695.22014581385,1631.02820507422
11496,1485.04,1156.31593663325,1712.60385140191,1322.16921780866,1327.25475795008,1353.04637269402,9820.49087597998
11498,1751.6,1187.65299256579,1212.94179434429,1244.23560817499,1287.94533060069,1270.1415527402,1080.58418438258
11503,2880.19,1454.91054288053,1644.96907563209,2173.98211969435,1905.56154105585,1613.7846156918,1821.33742280604
11511,1785.97,1830.39951882068,1518.31769862986,1478.27926565931,1598.18201581222,1959.49025642095,1416.33067818422
11516,2744.24,2320.46968834505,2168.34876618887,2461.4086859741,2578.95505755843,2087.86721674494,3913.53575585011
11547,681.61,726.085325214031,704.231305303592,539.057180174975,753.272364009256,680.992334101362,650.603403887333
11548,1839.24,1110.60775786173,1414.76181782043,1772.36941507639,1352.73516697543,1292.28361499949,1777.0921131019
11569,891.83,778.260752558414,868.957538176187,867.806167387557,921.136759146568,791.73833408026,854.634704734626
11590,1075.04,1571.41309530409,1414.41326154598,1720.0546639757,1674.87574701022,1587.2340268894,1560.73296615001
11598,1800.11,1933.24907980358,1908.45827357974,1905.96385184935,1736.2298913948,1906.58192360052,1377.41871612414
11607,1739.36,1146.92389414822,1229.64530565053,1669.46225458507,1000.18153303907,1160.2819468602,1058.48263581823
11633,1319.6,1353.77451923924,1302.34824747664,1423.83134465935,1459.4010758536,1335.15454402936,3627.43703630608
11636,3061.23,3052.56092010132,2684.19097876185,2904.84232649361,2989.03044136503,3354.4350146547,2742.42864749791
11641,2156.62,2265.80002193768,1774.30805795114,1628.46413582154,1759.87527288921,1770.38558904225,4373.31389878039
11666,675.76,736.461147342639,801.128177094578,796.797307340027,926.253279675256,650.748167664708,1087.38845723866
11696,207.96,194.164155602856,193.107443082252,254.092516985756,157.656607487696,164.254537503188,137.896620537544
11724,1718.28,1637.43199496113,1163.14446813596,1508.47708614499,1144.44620510952,1224.15132491216,2329.17686739136
11742,1087.16,1098.82455795527,1111.4179615302,1592.87360619996,852.334702868307,1125.13627574185,676.002077721137
11746,1406.23,1281.59182648211,1572.62326607125,1306.0083378335,1723.24450043389,1875.21684551222,1067.6409501961
11778,538.68,392.536283416247,589.389756468452,544.195449043801,485.00501927824,774.509396211752,612.156001719614
11790,895.54,609.863378138585,674.042524655642,735.524842106417,650.853134850686,671.316050920082,1082.03856785582
11800,1012.71,1215.04394882247,1163.65090471115,1629.59878486232,1044.07608645682,1565.03259869757,1200.56874553266
11805,910.58,984.003656475277,891.336743926485,1173.95006601968,1091.1320508043,925.437120054127,1159.41005407897
11830,604.12,776.245168318917,725.681595012476,718.310954279845,615.635293718121,842.34231527248,621.786365087105
11855,648.05,629.678122281561,822.628855474257,798.828624044854,770.830490718706,625.275375341647,1401.68389892312
11869,213.29,252.170008259635,230.039571474052,465.322831574612,241.672400616496,229.713151733766,205.697652880359
11879,428.52,801.848706869992,331.280410832809,436.598446504416,1046.6000321714,846.846430057731,766.217659577263
11881,1953.63,1559.79678122359,2715.9633423107,4066.7940192405,1928.41021641372,1332.56023047758,1641.50275481073
11885,1610.9,1588.09462029444,1320.04613082556,1386.63946610182,1578.38414786013,2007.25238127518,1221.22356425945
11924,1045.63,1233.15766114044,959.536228794462,1114.48062957558,1066.38519050083,907.414100831767,1113.36586559603
11926,993.86,934.114400458953,998.024313747478,1112.14913443146,923.335680646872,1020.00850874909,1141.44806698009
11935,1130.24,951.220939776386,862.566849023648,8630.19609426742,869.112326183008,896.661449655611,1433.63343916005
11952,867.26,2010.76806717792,1273.45055191922,1848.05508996283,1663.40988042009,1564.17333188431,2689.67042630336
11959,922.11,1323.24055224335,1407.50778366092,5065.39446823444,1207.05504511022,1330.86582162299,1283.44507507211
11971,639.12,751.37187225144,807.006985223868,820.467255989921,885.551040768917,813.335331591061,960.057892152686
11993,711.2,625.311330064485,883.674796222245,891.619052673032,708.347575373779,860.819187458803,632.755437668033
11999,1373.57,1509.4865102176,1447.01903704506,1325.55125057878,1654.00809665022,1607.2738836849,1312.28413391034
12004,873.51,771.852833206957,900.960745027906,1047.21199959981,952.230811047306,930.237056766979,1057.81663574081
12039,401.86,468.14044458494,376.529279339893,511.421676655623,793.225404720642,531.55476198836,607.430897862081
12040,915.78,986.555788398379,1069.50849180324,1099.65037248196,951.932392615926,1021.77633691477,1124.35099150096
12063,2678,2472.24073671385,2540.0386109586,4108.88842698118,2748.24640483277,2588.06483052524,2313.49599814657
12074,759.69,876.505753761447,527.482285222782,818.827967150263,613.300693459613,754.72260940987,984.272338460379
12083,1730.84,1600.04013466215,1209.17538169327,1321.58355344097,1704.89893181956,1509.5024852678,1557.80206483108
12100,1653.21,1366.8684032403,1589.41483189978,2259.73672912019,1632.17032768525,1518.6554642403,1884.45810172984
12106,2011.39,1973.45979437778,1787.98441050905,2110.70355463359,2274.59769450914,2053.54717880037,1674.68978754719
12107,2183.89,2036.1470264344,1953.26488526715,2732.69847203617,1841.06280444084,3594.50895937753,2816.91033714106
12110,998.79,870.534173546119,719.492304139335,1966.65793532838,863.901891632166,744.207166801409,949.897468951679
12112,1342.78,1256.30945146307,1421.47240645344,1319.87747012076,1298.4710142602,1351.44612872554,1289.34551326687
12118,1710.3,1647.30937443137,2183.82637032537,1551.65063645691,1746.97260232395,1441.47548328634,3857.4606888888
12128,1088.95,1093.04396924084,1189.29347838596,1118.1088968182,1108.63294793859,1061.83153796906,999.764081523743
12148,2564.25,3474.55386924048,2283.63656760194,2106.42731386749,2862.0980058203,2312.61465931635,2041.65580288939
12195,363.61,497.591817991693,489.725663523293,461.447376119372,380.841074788305,439.540222496178,368.176927029512
12206,1812.94,1549.5714917975,1444.02995126283,2479.44408494105,1392.79882229019,1355.95363866826,1477.58506871757
12212,1186.48,1061.86000312914,1216.95115235418,1006.9025356006,1008.86653863791,1455.66678287708,1038.82937331882
12219,2650.97,2330.8147541732,2226.10686181685,2394.97221287392,3208.23296522448,3162.01553464255,2916.8569046493
12235,1889.16,1815.46148131182,1574.76628668024,2405.23731576168,1996.6886192192,2136.55046026423,1473.32340617024
12238,1442.91,1204.48813437018,2155.93634969561,1020.58769368111,1234.06904559797,1049.73869880874,826.746199954413
12245,1463.72,1328.06340386702,1256.0446619579,1321.96569448391,1321.56963911505,1591.123730141,1126.85064104273
12250,1679.59,1501.1999256301,2014.92882664303,1213.70836575366,1353.3704185278,1406.19382575109,1428.96803211614
12251,2618.14,1852.73590793575,2021.7633378814,2085.63628391428,1739.22385573725,2998.06222970275,1433.84886980767
12255,2722,1819.19048850674,1960.3807589111,2144.8320408436,1993.24924214152,1746.05784082338,1658.84216145657
12266,1218.73,1083.19941411341,797.157753272778,1387.49583945313,1216.45357338284,1071.91477570318,705.183496695533
12271,1719.82,1226.07110475852,1836.98986898918,1098.42626788995,918.462275489436,1619.76471527882,884.809078266211
12277,1316.23,1901.49642969526,1487.02607303387,2176.43730153504,1587.5886275804,2134.67848176029,1606.41239240743
12283,1093.55,744.63539814925,765.223540527269,892.042873660022,718.330966065964,846.454503707269,1064.71721059211
12295,1108.42,1175.36241095786,1302.84586173487,962.874276142721,1276.21419128454,1065.12295501632,863.929671420351
12313,1664.93,1697.46787461109,1409.47401236206,2065.99457847765,1519.97048946999,1438.06537012511,1181.73553343939
12320,1392.28,1230.83561931997,1354.15425015621,1301.68180241264,1842.12665997332,1705.27007427061,1184.91665365835
12322,2056.33,1756.75671682478,1888.73822361898,1882.52087306837,1600.20984994139,1543.10297571269,2209.19365113294
12329,2175.36,1518.80102379552,1598.27747835359,1276.84699799494,2031.95498396822,1366.81417813268,3208.83491618126
12330,1434.1,1267.69185092261,1228.53906194419,1363.61490637682,1220.91618343316,1318.86740139445,1528.71045403147
12336,852.96,900.420980393998,1476.91863012978,801.075076014327,861.334049514448,778.745943671647,768.825437748533
12346,975.34,941.802188883596,1356.45412458036,790.340300399455,1030.94037005152,1367.03006105553,1338.89940283409
12359,1356.11,1344.35528102672,1448.02859913342,1345.28486840586,1554.44592431601,1249.58220371384,1086.51316700775
12367,2962.29,2267.49886230275,1973.80521214695,2611.85181032739,1796.48485158682,2189.0595397518,2384.69803169632
12384,1779.72,2189.49026679616,2060.41860548272,1955.03920404299,2043.98306963431,2256.8182558295,2505.17901261168
12395,1764.51,1834.73564793988,1615.76516557023,4070.40516739094,1796.05412382003,2054.45559265005,1864.65834409762
12412,1790.18,1328.36661970908,1843.19246308082,4479.83802485077,1589.18134945819,1914.46542630341,1400.11370127044
12415,1698.6,2222.80259822404,4782.60397907148,2034.15686474776,2174.63047953539,1872.54495843526,1799.89023589401
12420,1553.26,1745.96455586759,1672.40604281793,1940.80150114662,1615.37355391042,1383.2575154557,1805.63759963741
12449,1076.6,929.098125002041,1504.27870747118,2381.24168122149,1810.47576595452,1089.56549767672,984.614832394376
12461,491.43,672.496345902336,729.348754997732,600.819469198341,991.565368989194,664.349160663474,607.212136587193
12466,192.96,245.771088446687,229.838819966655,1417.64363389332,161.588735297506,194.594293620066,327.268216640929
12477,1152.44,1634.18356480901,1305.29041565845,1703.93425834518,1234.59706113048,1346.38193460757,1574.57710587235
12493,1359.03,1388.71148152324,1404.92579841971,1400.75757387487,1325.18460627953,1333.19568905937,1235.13606006944
12524,1250.83,1452.05129395055,1316.72174306396,1528.85472343993,1508.76273394027,1356.15521344671,2415.57224110667
12539,854.79,829.194227927986,961.654256126966,937.450656439914,854.943030293693,706.914936318938,1045.50323002237
12564,2767.67,2651.63119196144,2529.93333212749,2203.80872766905,2430.24074325101,2562.967661488,3034.66902273727
12567,921.27,1209.54574669646,1060.29789469084,1059.76336211113,1102.97354329819,1094.40662921441,1030.31419756616
12574,1657.71,1305.30908651262,1435.92883031652,1267.3852543544,1318.18692270452,1189.88449544427,1286.58915545352
12597,2260.2,2195.57163952537,1942.823749561,1703.88012806028,1968.44072300106,1904.35044307172,1670.11148076556
12623,1326.63,1425.20336910789,1327.33688057986,1233.26080935037,1221.88272817337,1315.85446946059,1337.41725456186
12667,979.95,1163.25503366126,1014.17358848261,1029.65532611983,973.037052051637,1044.68429655532,1114.83389902546
12676,1018.34,1062.20555540863,1281.3265774553,1700.66016817403,1039.9847258936,1399.43036896068,1542.98229410272
12688,3100.05,5943.50620649005,3015.9487323279,2589.8766980699,2719.24343774499,2596.31182621841,3163.6784990407
12693,2697.35,3190.83391926937,3082.41528517723,3750.23459159228,2987.47998566476,2880.99886820621,3033.2259672349
12694,920.72,927.270723574973,954.95014432168,1224.9586692527,1247.8124676299,1732.3849400343,753.287923167054
12698,990.52,824.944643048658,646.945521608748,1403.87273425756,838.210938063668,1065.20701226095,1887.23745187896
12701,1103.67,1308.24571156839,1389.06273217213,1307.01482379689,1358.36549928571,1311.40292992332,3099.81358079853
12716,943.11,1036.06804517723,1000.15421713893,1391.40623273817,1109.63941401542,1089.68426447192,1522.64564981924
12741,2072.63,2190.26833021067,2639.2674681673,1930.67778035105,1902.22675784021,1971.98858072037,3179.61761262208
12743,2138.23,1538.45199236848,1829.00311851242,1679.77678443872,1677.81205967222,1780.44249739952,1508.09453132086
12749,519.6,775.767849399163,636.435442061269,648.918880828826,707.961056119148,925.802895537934,786.390721299419
12758,2555.9,2327.9133586945,3141.29570559115,2448.84392903663,2241.4708758506,2383.96645548959,2084.64174631168
12774,1930.01,1981.00194836702,1906.18604725542,2206.78195906903,1904.02284194413,1877.70012490739,1706.62350740939
12783,2329.95,2427.8177166015,2893.84472667293,2333.42733098861,2522.06216126407,2360.49841003064,1966.24598260684
12806,832.01,927.184831233624,867.135746410046,1133.71396242931,846.591983546843,976.686321775909,1241.70244952876
12807,613.65,659.455767051079,706.026447735363,655.786025289749,615.882719769607,729.872013360799,600.575291140983
12820,295.97,514.621142516835,367.963960497991,470.64623385132,257.864844507249,324.689493346449,310.547674756948
12821,1542.93,1893.94906197375,1665.0885460127,2495.87268824788,1691.76635126474,1419.58050589988,1255.88990409603
12829,1365.78,1459.15146280196,2207.55903576159,1315.22830646381,1314.9423419091,1367.10720839133,1530.78952585778
12857,1761.47,1419.9356806945,1369.55079735549,1756.5745266754,1338.65143120486,1584.01729564936,1266.68296432039
12860,1853.38,1493.78962387115,1387.95501386981,1854.01668602462,2050.82244902477,1229.19225501445,1413.483998404
12865,1906.42,1826.50437584036,1376.02293130787,1783.56568183432,2273.9452387217,2343.1968803781,1783.56163013704
12889,1012.35,1188.56707284072,845.540128911858,1034.37227811399,1860.48523217622,838.126734188446,1065.44840718133
12902,1294.47,1380.71820147226,1225.18663947743,1129.08301017073,1099.42432882602,1153.78813563628,1333.04009839045
12913,1415.59,1432.84732962003,1305.44870813969,1546.27014818235,1309.12939352733,1697.92507565845,1407.47751163022
12917,2732.35,2795.1687601158,2823.56843668073,2991.68297607538,2755.29731285556,2841.5025373026,2816.39394414217
12968,183.14,205.739918315313,261.532792856519,138.224261462836,395.038764937448,162.72164987772,129.234919959075
12975,1808.57,1481.56869651146,1201.44811046109,1284.96086080272,1212.5500031967,1104.87193015686,1051.67444858049
12982,1088.37,1556.53098208103,1808.1368906997,1630.1803911755,1468.09061101972,1557.39669219224,1808.77028080943
12984,969.88,857.361545981171,926.578015804044,1996.11739157415,829.575197064225,916.323064135214,709.964660584442
12987,1283.75,1317.37741315368,1309.64788308941,879.821843160782,1153.46155796224,1012.79326350542,1134.49473940806
12990,707.72,812.527044452877,733.731527224565,819.968731720463,1493.15588611569,700.275671806411,742.979483209443
13003,2318.21,1779.01858200071,1626.16739678027,1470.26483312763,1785.06137649553,2059.84484370947,2579.21600279219
13004,1092.62,922.234969174152,1684.23770225252,937.984071626386,1457.32866735747,1113.34305293417,978.660675273769
13018,756.44,1422.88554468126,608.264365010589,929.88487291023,930.692239765133,805.079606946619,1169.85662575057
13059,1277.75,1234.03078813758,3277.54035897864,2400.50394374001,1485.5326405097,1184.96087990804,1394.04439388231
13064,1911.82,2705.94184641357,1825.73963203239,1461.78484532126,2398.33827782099,2351.04234334566,1796.2491371617
13082,793.13,812.649137504577,795.617056656415,813.363506087023,822.659469764819,785.725213829373,773.845117934659
13096,1554.94,1976.25566128963,1743.93766204357,2084.26961598555,2423.03805611522,1538.40222657047,1943.27889666218
13098,951.21,896.18026818596,1167.93758774518,611.128054384792,1237.29934079248,929.393475753674,598.714071032245
13103,1765.36,1782.65776393196,1637.9280459586,1762.16832449189,1849.86235736375,1885.83185373652,2515.20735746427
13116,1206.98,1069.9706811458,1021.79569369677,1131.03133505223,1026.20974042845,1069.01212094042,1317.50955558886
13122,4194.77,3777.76960579435,3538.73854102319,4925.0038736717,3955.64875236474,3820.7095571116,4747.32371617402
13123,1514.85,1572.18058356389,1564.88396417728,2101.30987812,1473.62375280251,1528.61959108061,1735.03687159247
13154,1018.03,1042.68564639137,1294.70970373145,1156.00774252244,1217.84168524194,1195.21086040079,1255.77357731517
13157,226.34,187.477864826315,260.536879862165,148.441731481971,126.902365740871,153.418533297416,257.205805039185
13179,955.18,851.520513658531,772.806824682242,1691.87488855874,765.746785190452,863.707772975604,1912.90173518373
13182,1134.87,1394.69394122491,870.078877461832,1529.52088077484,1249.14326783948,1031.81866000532,1148.10504374144
13189,279.01,498.634006301959,383.0143294143,243.840845429405,342.471500608443,480.133733865847,628.76403753358
13207,552.35,488.858894596586,495.833492668477,514.952633633794,564.979901914708,635.271446544004,1724.73277647522
13214,1569.34,1311.48185500493,1323.43663815382,1434.33480336214,1379.69496450882,1270.89355213939,1938.65014869708
13216,2128.59,1976.94335713924,2147.07472195957,2296.98629013081,1930.28288844817,2258.67382357673,1858.81056260975
13278,2400.35,1991.38129349046,2123.43237049436,2360.49916945181,2368.492515596,2146.03832370528,1932.87073072291
13290,1640.16,1570.25567036861,1689.35747507607,1677.35738756555,2110.1517983309,1465.40166996477,1499.02394058869
13291,556.27,631.380197996154,235.46559814753,514.051385780379,251.855865318325,790.02137428208,1239.04870396796
13320,1427.59,1233.57740297776,1259.52258262678,1771.16504125419,1354.00994814016,1105.30956256787,1290.86308466314
13327,1156.91,1062.50653410944,878.49493147226,852.608356537357,921.573506960842,1057.17100533167,1100.77417334062
13360,2102.88,1874.85536572806,1373.23193118768,1471.69810039339,1484.15936932622,1498.31991702691,1304.88801891395
13363,2964.42,2444.02534048713,2302.64486671303,2423.26880504752,2236.79787704198,2218.25679959572,2573.49156252283
13383,2998.04,2095.93625248394,2559.12077527143,3225.71402273788,2568.38698259206,2654.70037490003,4349.01365704136
13396,1193.4,902.40755760198,1043.58583595504,1812.36096266911,1216.73036858854,784.485196766224,786.659466436124
13406,1136.3,1232.41876802697,1138.87801840105,2285.32033122881,1389.24909627416,1133.68773176403,1436.63580941091
13435,2462.33,2221.07256325565,2381.13305162426,2678.38274322892,2242.83266554344,2437.16545017188,2274.003535041
13488,1392.78,1427.04772007726,1106.03717138808,4665.82000846512,1257.95149098407,1370.6240598616,1687.82504374315
13500,1998.72,1611.45893427477,1743.37603609681,1464.56073853971,1757.85585844226,1912.72690603607,1462.78409230389
13533,1466.55,1535.97753901835,1479.33307370396,1667.36703920366,1426.19764180289,1448.1999189902,1446.30707368304
13548,1351.52,1790.96411326002,1276.56187659085,8309.84824910061,1519.28926922059,1310.00399092066,1734.19946359627
13549,2689.97,2678.92080114805,2570.25906640944,3902.48784211513,2219.98492696988,2309.5495392222,2133.8262317608
13566,3041.02,2450.37248579025,2355.90599950509,4529.04713186367,3412.60456843895,2347.53969012616,2946.70175230189
13580,1035.13,832.396028923394,871.881787797759,782.917775463545,911.656810031431,862.24351760134,934.171676400054
13598,2684.72,2107.66108241091,2372.37195929572,2694.41570125562,2050.8573559071,2310.80358699168,2133.61390627851
13601,1124.23,1346.60958074029,1126.40166141099,1400.07585083454,1312.21536875913,1233.90687005374,1182.10285719804
13609,1876.08,1589.65512183264,1596.57607702263,1354.10691732952,2140.72646575689,1433.00163919437,1817.93980343274
13623,1667.62,1602.00602995066,1495.50866347896,1462.95578534339,1604.03230663983,1534.91845284043,1792.66747268846
13631,1011.63,1199.99485788806,1299.11506680133,1297.29821797911,1371.26022892035,1317.55298384585,1417.15606568954
13633,1033.81,695.363140731106,768.749396775144,781.434417621579,1351.7874302452,983.253544916249,749.645603675057
13666,716.61,398.166766293591,804.853080606835,432.857775515,458.243121682072,322.133294300897,311.724583849297
13669,279.18,738.606983667527,475.284206771085,1654.09960840694,300.634377530997,242.126951876381,205.656483079831
13684,190.96,265.494287538861,330.564411075918,624.589687459536,206.770216014054,358.147724833646,189.118408151741
13687,1082.3,1377.08965059851,1571.22373946453,1445.96995388487,1060.67388820386,1055.57796006253,3125.13558417436
13690,697.11,658.860384358154,850.604581105522,613.951880709121,840.282077111943,687.159413752816,694.431045629297
13697,2432.87,2268.8625190886,1554.82690307385,1653.70122031596,1530.48411503964,2510.71207724645,1555.13393180195
13714,988.29,1195.76355999827,1064.85618163564,1006.62999787305,1035.0569415581,1035.91631350713,1175.22869719767
13717,1755.01,2529.86803565017,1764.4217457001,1548.71345517685,1675.29565679184,2604.27164706215,1809.56358426042
13720,1600.11,1784.64777941108,1779.74281908727,1651.99376346288,1784.32462606651,1632.25960192671,1797.3705483351
13750,765.53,749.902285979968,757.119055133828,757.444220527881,768.809660623611,859.349188879714,729.356318169371
13761,1446.35,1871.5901373706,1837.51354074318,1570.92665081223,1928.43404654329,1410.10140715983,1361.44491706192
13787,2387.63,2569.71381214844,2560.65950547378,2938.17425201475,2695.74472987131,2422.13074832752,2571.6321187762
13793,934.19,1313.58174550271,1421.19448062842,1634.20884756705,828.854390335545,1601.62152433326,1466.49524373854
13827,818.7,963.913682306889,1070.66678815705,802.369722763917,998.739940091139,1060.82037367976,761.217584780807
13831,924.2,790.26721573472,908.971904246587,876.649053759412,805.533826911838,1020.56927941718,948.714191592501
13856,895.32,1071.84092660591,1033.84742402933,1490.57480788366,959.23680815813,1037.02772473584,1424.56458503832
13890,533.87,482.587361347028,739.777531298211,596.858945802685,524.08391672609,479.455592864552,1242.75945079412
13896,891.23,896.78314813923,1130.51491895921,908.613650967567,1137.02104694906,803.400213273646,984.966313873218
13910,44.15,28.1074139583014,25.7372824439363,24.4613844759444,41.986639234739,61.7737043189281,19.5520266616486
13914,1941.49,1988.88263116184,2302.21683518949,2306.6086257996,2032.36083347126,1806.16497924368,2699.93873981004
13966,1518.12,1317.51288822879,1459.05392218072,1378.74781173068,1287.67577586753,1253.66663624314,2052.25682028615
13979,966.83,991.328884227059,1054.03221879036,772.701225957217,1948.88151597922,976.577726971322,1162.65866796542
14028,2466.89,1422.64102653099,1299.6705874542,1657.54203410675,1418.25359665047,1654.46137531872,1662.33450308985
14047,322.37,423.113390991598,413.852531551836,355.938095978326,323.41890871661,443.27522834937,431.828284872655
14069,1091.51,1930.90011514082,964.987128475437,1355.7491493739,1104.12104768319,1086.25580053308,884.82309915187
14077,1597.7,1755.41449863284,1884.8163236425,2097.26324434312,2054.07745779134,1916.90551003058,2001.94460766011
14081,1006.08,786.688976792117,775.7184619952,1228.79003547334,756.547937053028,822.558854864241,697.206283374427
14082,2540.86,2634.52307808788,2980.24258217785,2885.73933727378,3120.05597465911,2442.45858874582,2902.35504267176
14100,1259.38,1506.08200156866,1473.08875061696,1790.89196382913,2515.97084563134,1555.79968595253,1250.06734738208
14126,1264.01,1524.23888674921,1362.41979155368,1622.86695898572,1170.8318385044,1221.16490643148,1141.62233643716
14133,1980.61,1919.14554169748,1469.91843571716,1658.24828297652,1972.14326401477,1287.06961125852,1695.22267145634
14139,2824.37,1611.42202739598,1905.18221707826,2028.17053840703,2124.75597569383,1885.80613857173,1612.76615220244
14147,707.33,515.55101122223,639.650181251244,921.584277915001,549.228187771207,844.109073078544,1450.29362551687
14150,1074.34,980.839673238629,737.719082503833,894.254247696541,781.437069492177,801.165126465878,604.11209104902
14194,1559.23,1413.8847083482,1313.90843994617,1661.94066112597,1502.58472190391,1332.40464878595,1141.68030543414
14195,1885.66,1446.00643937237,1611.59004597478,1812.74659174795,4025.63670388858,1306.52933875348,1463.04778624241
14207,911.11,1062.84449583548,810.091461433315,1227.67614409302,1019.46634848029,758.706030838464,900.415364798289
14209,1073.79,895.877071935736,872.621824318922,1231.60161839189,1118.85524809311,992.020731280274,1365.94945997374
14231,745.92,781.023136408829,762.697477508399,879.249388155018,676.272402103007,823.346062342261,780.608180405649
14235,2711.29,1688.54769814566,1867.21451842411,1539.33872947034,1661.73626236561,2615.0625922995,1407.8993981933
14240,625.52,675.571581236115,871.32758114771,3674.72976985109,1012.45533551441,1081.19726001349,788.449930844215
14241,1729.78,1720.83753049033,1996.89763685899,2136.04367075737,1477.54131671082,1885.00416334093,1559.9147697952
14243,1873.31,2046.52890568352,1661.96997312537,9707.36566998833,1997.44483456154,2140.47667342794,1719.06639924218
14268,1295.1,1109.67735105891,983.620600631103,1333.702991666,849.763111812649,1192.72784179781,2041.66010259194
14340,308.74,300.606259709772,312.699618347023,483.517231479276,404.919170261043,286.163745713312,282.404831724302
14341,682.19,718.60968292721,606.240857140085,705.405438217829,609.219383568803,647.003752932533,622.006473721357
14372,1409.52,1351.33892742344,1333.02055599016,1499.14553985078,1381.25443898008,1488.89517567951,1617.98557393235
14376,1090.25,1101.93561209033,1164.92242379401,1165.2449344007,1023.45851308471,1168.07573359732,1321.11189538586
14386,1107.04,770.52555409616,741.29315499746,840.379066942362,858.567647790762,787.653513541882,2516.69263919494
14396,979.72,919.586292200085,2033.75248822456,878.425493409667,866.44160770878,942.561971113203,904.002154778167
14408,1695.49,1676.80714329785,1602.4170947088,1790.06511829742,2007.35301692293,1622.55596019639,4165.18691223481
14419,2932.29,2855.76283075944,2375.99300165256,3213.4239862867,2525.51170044638,2582.03878053506,2551.58812252979
14423,318.89,275.87223096243,281.592775142602,313.911117513093,335.970774747899,273.412877960213,290.037196657763
14427,1609.3,1689.1547128842,2272.46389291139,1759.65311859854,1543.91099755178,1887.23192938053,2485.1052703973
14455,1665.37,1178.70851968719,1090.70898800008,1070.9519992085,1176.02928614101,1125.07172888405,2248.17997825639
14471,1020.14,937.816140658976,943.440410369422,800.812953249703,918.445912176261,1227.01891105612,712.662848824347
14478,1112.13,953.505679704091,954.155520632695,997.569534012453,951.638827322565,945.506810080741,906.096723897558
14491,2164.09,2017.45915637756,2095.58449674108,2034.91005234761,1984.84975226637,2022.54274575859,2115.21557443074
14500,1931.91,1433.79783134468,1452.98010675492,1336.93569924891,2201.58701874551,1627.21349551122,1709.05924653462
14502,635.19,471.202654900039,550.606782088279,505.809303197205,535.040236237804,476.888266043848,521.136204468315
14520,493.83,447.606153942824,409.140879070079,831.421453152175,485.606809261387,1773.67269938238,473.284385102013
14523,650.17,645.783025082304,769.809552445861,727.834567915131,779.540999086304,568.695320153246,626.715461812877
14527,968.29,986.077316190065,945.628265542642,987.765353347617,953.688068624008,972.275855732536,966.777511648268
14532,1063.43,1031.44845974974,987.740964754378,785.167591800892,1169.035818337,1049.52417755191,865.328793344726
14538,1921.31,1795.24471864286,1943.50536493451,1584.29080253768,1897.8721136615,1882.71275554992,1566.92109885839
14549,280.49,455.725933560702,435.568396546567,342.48501928534,439.047788896121,325.868184039487,353.737043192637
14560,1801.97,2093.15401738242,2053.44103617689,1628.13934335131,1835.09522090312,2176.06502681009,2067.87121969892
14563,920.01,1296.98004787732,1221.37506838842,2057.51429442775,1200.86053967904,1139.33706760875,1422.37150796214
14569,1761.67,1331.14650620078,1235.85924295327,1193.46126854363,1155.4561788683,884.750048804397,918.10499561487
14572,1376.65,1682.15458993233,1408.52838007508,1518.99973168222,1402.50625314214,1416.0509475187,1400.64580470451
14573,2028.39,2135.99491471601,2060.05533979258,2609.28179627579,2300.59847410667,2136.42853458393,2328.92290094646
14581,1641.91,1553.27152145355,1580.47977849398,1873.58032015919,2009.58485892632,2163.44724959046,1608.62720329271
14594,1184.67,1204.50270196294,1654.4911264055,1174.28446001321,1107.04705994011,1895.3168275384,1063.05872070971
14614,414.54,392.722637094262,391.677167440415,391.762371899467,386.757310375488,382.906001426629,391.610394022711
14644,1619.44,1529.84960205662,1354.28186227629,1684.97405443003,1551.45285337004,1536.4640192143,1408.07686818436
14668,2559.07,2427.45233083229,2502.97623197873,3026.82839358295,2560.85272985203,2513.93231826839,2248.18976383479
14670,1760.12,1418.08607130988,1839.55557882322,1252.3809136996,1328.03505971014,1437.40989285106,1197.0866916138
14673,1350.73,1394.54552452121,1465.41481620848,1336.80178480997,1434.83167645023,1346.89262925635,1450.43620671607
14674,1220.69,1171.5851989509,1139.00363000082,3054.6509090434,1644.5641283185,1686.55561962461,1267.10753742556
14690,2114.61,1685.28403391519,2327.66663022157,1844.4403190224,1905.91191880359,1970.05530858966,12722.7556296496
14713,2187.12,2330.57412947805,2362.20145109011,2327.99234898203,2790.73802513302,2276.53386007965,2416.69816252937
14722,1015.05,932.488248129773,1891.58841724322,1224.61447897586,951.948712210864,888.168383829298,1240.77922876488
14725,801.34,859.79371557891,797.716220555974,718.748966423174,698.029987884145,980.457852199372,675.065576626154
14736,652.4,677.405291062267,676.862775941684,664.329453395365,667.559160790506,682.88049818599,656.419533053842
14756,1095.71,722.781299175036,1791.06377269006,880.619792146337,1064.02017130065,823.391502920255,1835.07911906778
14758,1328.17,1558.80949331939,1223.50975735971,1617.35904858641,1513.78070774541,1297.31603033614,1777.3404215311
14764,1905.4,1876.0729034339,2024.96311116672,1844.38567271306,2026.20221880322,1864.33940901106,2017.43374139722
14805,1513.77,1666.89510258021,1421.56228962668,1414.47033928268,1772.54194010828,1278.9679314404,1157.3080288116
14809,1308.62,1402.73886676532,1532.74233216223,1644.48294462767,1463.42797561421,1645.64642220813,1705.53072374228
14829,2006.91,1988.01400110238,1990.01270640737,2108.76317581852,1757.98224086943,1653.76712469606,1708.97723269869
14840,344.51,441.621040055445,461.562968889411,343.184719129923,416.75987476361,410.60228698126,297.338946726941
14846,1670.27,1106.24875326454,1132.57327712762,1739.73854670833,1272.42212256081,1350.25624780026,999.411328779858
14851,2428.5,2062.41313796345,1934.69100212776,2365.43669714104,1991.45824712871,2387.11580545614,2623.45515401809
14869,2343,2011.15974739552,2134.56944933887,1542.94577423032,2473.83979665264,3124.87939414358,1398.40507621514
14898,143.88,122.752339074355,124.073304087151,131.388927469209,125.014634193144,126.545032502797,125.101331576351
14910,1172.43,1145.29961133812,1125.92997145995,1966.23275325163,1222.62705062478,1127.56191938946,1801.12440021872
14914,1491.26,1534.87585912676,1592.38979014745,1423.13291355982,1496.46745287202,1496.60134953135,1505.38743201664
14918,1525.17,1563.76096405589,1648.08582335684,1714.4371272425,1809.93725554775,1653.18669952743,2362.4108376382
14945,1628.06,1640.63668971783,1773.31991811172,1603.60455040469,1751.26328623221,1602.73221082357,1566.49661734306
14958,1481.4,1734.50228913687,1655.72317132802,1639.16556722283,1773.51903833498,1742.27631144472,1776.92825167503
14972,1254.27,1126.3626817529,1186.6316364615,1193.71860041996,1503.48056078543,1072.48540381955,1095.2408567464
14982,746.02,754.597233315519,763.874270144541,765.195568239487,687.084578083377,652.038087079563,846.622860005908
14984,1910.66,2591.93440082224,2788.78331667795,1949.1930364393,2255.66903654368,2298.82655269991,2098.17586499513
15000,3125.44,3184.46434040395,3137.15942446669,3658.79671558106,3101.5378665359,3194.90451143021,3129.35071647933
15018,1114.98,1445.88520158718,1550.89869358516,1726.68502570771,1498.84045759334,1589.04809971477,1509.34035731631
15021,1647.34,1792.02918766558,1925.79480897566,1702.57266769087,1998.71066304685,1756.32458168959,1876.42663141007
15031,1694.56,2284.0556578036,2332.06970377145,2662.97256788543,2087.84012684649,2240.84664220344,3392.57720787884
15033,1522.76,2157.84024927329,1675.04136575697,1722.49596939226,1479.97734746408,1560.22503338567,1627.96860512397
15034,863.78,980.258718895959,1111.71501238541,1033.6823713739,1009.69920431999,1070.16370652055,1156.35971891369
15041,1112.8,1389.17874978765,1331.42690658061,1143.02509645891,1253.04927088942,1170.7628703989,1227.15289913234
15057,1454.71,1257.41251982675,1505.00060079694,1757.61777088236,1341.82658399148,1576.28114185431,1358.08099095871
15066,1731.51,1234.85617062988,1160.09590032898,1896.62041553128,1261.22565481571,1494.07853757085,1404.7918763198
15076,1710.93,2214.74360451468,1971.34529314802,2142.99420539164,2652.69786419527,2715.80203929739,2429.72684699599
15077,1856.51,1356.28429244661,2418.3978217524,2161.3242746936,1553.8718377677,1595.50615781846,1279.27083100038
15080,764.33,732.620801885147,717.67890999511,1409.67212891389,875.474814100294,928.232385617964,1087.22116775929
15116,362.74,544.531522883329,492.837803904589,539.214654524254,416.636766650929,514.77323781586,412.473401407486
15127,1545.06,1411.6841139014,1494.07246496632,1805.10218611616,1217.27830273803,1772.1728178533,1258.84608365974
15146,1686.23,1926.48398773445,1731.05803616315,2484.08101077356,2072.42962674938,2022.06547692504,1636.43996694782
15148,814.9,1476.22596136682,1005.02776232624,1170.32260816594,1508.22607799781,1060.87728839663,801.767431080681
15149,690.9,853.3611777187,1053.79980055725,1221.96781230949,850.45147864059,729.939637489457,807.772364076774
15159,1041.42,1189.75384022743,1074.48274302881,2195.85607933334,1109.61865924848,1006.39621216011,1189.3485512365
15173,1037.68,1209.02633007233,992.673220061427,1169.80872988817,1063.28250483889,1137.84312860408,1169.35478400658
15185,1382.68,1529.93883814213,1829.12681783074,1036.03397208059,1168.5726138309,1458.04016224336,1699.37844439329
15211,849.07,1020.28405710853,888.354138522707,960.241949424857,894.218406645454,887.855111979212,1217.36968662103
15220,889.37,952.803510446987,1285.33946258425,993.284426033063,899.727923845249,941.195452146081,950.592787920056
15225,630.41,679.705813689547,651.959415151696,574.504509999485,734.359761052252,527.516644456045,543.917089151967
15233,1696.45,1397.22095122135,1331.38015100412,1463.84419171293,1616.31999846769,1509.81155891998,5946.86139652781
15234,95.81,69.0078577076344,67.8299529604229,77.078473711708,65.3080948997025,67.3723371582474,71.9913367124613
15241,275.64,336.342061089957,542.1000808626,451.641881331629,248.193301742881,306.08565799567,333.094411250924
15253,1016.12,897.405045013959,951.843687808593,882.470289555785,1003.97486432513,988.242343930869,1075.31958643221
15270,898.7,1078.15694504194,865.815457173028,903.95250239728,900.842433972349,737.79865185864,1992.17907578288
15288,942.96,1070.1357970871,921.783775744021,1054.35433492783,959.815529477256,1387.79088398486,771.707983899478
15292,759.15,592.275343424915,766.250276633725,680.17532922195,776.123783765379,658.878007996085,685.098197319351
15296,1334.44,1314.01836499243,1712.72902480888,1719.41478108349,1391.94580420714,1433.6881863306,1395.7367903727
15308,899.99,928.913362752584,973.787571320621,915.115746579695,921.188931149647,946.068758754904,824.395532104999
15321,1245.49,1151.17647187606,1035.41254496853,1361.74166443922,1010.26007603606,1175.73277701628,2554.21943993348
15329,295.91,211.089608713288,375.168608494213,252.8441576468,230.719758669749,344.022568909051,217.971932744284
15333,257.9,162.982708265273,252.779922253947,144.378428506415,116.028875590896,107.782712244988,182.503490163222
15379,287.9,252.558153241783,211.297358880139,246.115076840753,282.068296506268,251.124302152469,291.197380193682
15424,280.54,660.101147648693,408.290774023003,434.347747382346,458.637292037547,456.148535388655,390.628666098076
15434,879.17,943.057573864552,779.109253590227,1771.87607505273,962.858532192007,852.395040721018,741.178217295062
15442,1553.02,1646.15417673966,1630.55454011629,1603.51058194251,1597.4608631026,1668.5631211639,1991.41898365179
15443,1742.42,1742.27256914555,1779.69036060114,1778.98134396315,1778.01842662677,1699.73034095417,1666.10131081297
15485,170.11,178.172803264546,190.788291389249,187.552348330629,194.256240218513,177.345722280224,203.855962689473
15510,470.45,505.92817979952,546.708902069298,964.894676878391,733.350276719661,584.990538811666,654.528692834095
15512,484.72,778.477633816908,668.106305524651,1161.49916702784,607.458107781516,711.642388532473,596.599417589096
15521,245.35,309.849193756777,319.04295591428,301.57813420618,233.216945088468,226.799705559591,223.233352463549
15522,1198.28,787.303062534791,983.433333044199,847.462798580412,1374.31905731561,715.482962785727,741.818083129224
15535,784.54,769.347325777206,764.525765271628,816.918657728794,813.750941332934,1097.75594020978,849.4388508742
15553,916.2,1365.28978359755,1215.01386376386,1368.3509312171,1310.21064976481,1185.01631922983,1066.93985667573
15559,1057.69,1595.26516638493,1261.31772289386,4480.0600190783,1506.66429117435,1095.71773775143,1126.6564324209
15563,67.6,4.50619694670396,57.0038240893453,11.1448685704805,29.0420048703823,7.82130893267587,23.0744308178962
15587,2651.31,2802.42998177471,3451.35360963288,2779.78707249022,2592.04880441752,2998.81862377909,2428.95131275009
15620,1640.72,1252.08917559061,1588.26664121054,1168.35053549565,1208.82574328819,1149.88394274742,1900.12339962316
15640,535.92,740.931391834597,677.004480263826,1341.07427412111,624.994335468299,576.179403251961,1348.43849618024
15643,185.77,252.236715142657,197.396961469096,100.352672121812,115.6931145088,181.005256176432,128.621657649979
15644,947.91,972.954571120521,1057.48279932027,1097.65789096132,937.920940712218,922.104631720273,996.492677893311
15646,389.04,446.082714225583,288.771245215558,274.829704882508,307.842970489905,443.431052742935,1009.59204359811
15665,153.3,165.423399779434,145.057001043271,150.338361272488,153.94241244466,150.254521149442,155.517139062445
15669,603.02,463.41726063298,669.84967925655,824.933313992129,578.490680937319,1061.39827618134,781.191270572192
15691,501.96,725.371449256781,603.866999537958,837.281109038546,721.898972797242,851.377663326992,892.953586625582
15695,2668.27,1384.91633718445,1542.85536767572,1472.98447140134,1847.66061881068,1135.85912314579,955.981272578912
15715,1837.46,1984.85692581279,1618.89128603261,2050.53528704284,1782.07838436274,1747.44096979905,1603.91003800135
15722,968.5,1276.56917698894,1058.46620567746,968.628476655817,982.279927720769,1490.63000490558,1271.54951570149
15735,641.4,660.102814553923,1049.12770444061,732.001622831075,1198.88685680333,995.188164536262,904.495091618288
15743,926.97,799.118968145295,1036.72953929225,886.446957633128,809.085087218668,780.893283733442,985.170286344768
15754,2794.15,2590.45705518582,2527.18467921454,3011.39808763351,2549.93136761935,2428.49874289782,2770.76052008329
15759,936.96,1098.86284919755,759.090262548578,1383.62279095231,700.755634110656,1410.23377962542,1719.09074282363
15761,1526.78,1911.73826552596,1632.20628437605,1710.25280380443,1970.37549265563,1603.56165156272,2371.67264420156
15772,1382.41,2037.57547188294,1703.90462070232,1314.24561565582,1473.11721803413,1272.37813593454,1372.18908984195
15822,953.12,918.283889261608,862.50135421902,916.73505618093,1059.03989556574,978.357572627598,908.964039030007
15829,1075.58,1159.42357725099,1624.15706890781,2390.80423742392,1361.38634894249,1034.81079308126,1138.29538052043
15832,977.26,1270.46820133366,1554.73008794644,1263.09290576156,1276.43487907979,1173.28314423807,1359.92570971337
15834,2800.98,2801.38658257496,3107.44503575337,2172.97314197751,2528.33864346876,2891.3143920815,2313.38159661946
15836,2094.38,1862.83696944706,2057.00118682882,2234.55723954305,1766.28922747771,2323.51449862458,1515.93832220182
15838,1605.76,1645.01005860883,2207.4189898424,1326.50855522963,1557.53453158927,1409.53434515511,1512.02624107337
15839,1140.81,1476.07424364317,1729.25271192939,3474.75358696395,1906.59898656586,1303.31947533583,1397.03555927437
15840,1065.09,1207.39976689608,2400.67548322714,1263.2579774055,1256.52993560499,1367.28695720347,1105.42486338991
15855,1449.31,1435.88206173014,1675.33126277712,1546.4428665961,1402.58550340044,1388.57965672729,1406.80977612048
15858,1741.13,1790.47686412224,2181.75784071167,2258.19173920991,1849.0808852925,1902.33815842395,1575.17878183154
15859,1299.37,1433.34424313166,1416.58680134081,1432.71427839254,1390.33443334915,1446.6269892133,2384.74721180698
15867,1644.87,1971.32457093334,1746.32474956895,2189.24037083548,1821.80840021448,1786.84839503646,1853.18614091492
15868,636.12,1110.88026757258,865.143411228221,973.179794430745,1575.96899003405,1111.40655678049,1682.34679313213
15898,937.39,1359.32752679116,1542.55372276464,1207.62471162468,1402.72053178708,1471.38080307002,1187.85119092757
15933,236.01,410.736932040361,495.119053061759,381.373839777852,230.521342494721,361.933082643677,211.193181426647
15944,954.35,781.026202704181,786.322145186076,704.405103065484,820.456388547589,1174.89670126631,1016.17334468148
15946,1749.4,2048.49139216272,1854.34014396417,2139.98367030643,2025.60042622192,1811.42445866942,2203.67669573105
15959,4193.27,3704.15948262673,3795.60078423523,3969.37768000632,3755.01402543321,3773.71583053478,3520.19876559234
15963,163.63,173.713929159407,117.212621371289,226.889028761215,164.007899420877,204.208752875168,140.886907674596
15971,417.56,385.049411645243,444.53350794172,368.749284619103,390.283579616931,484.006723687796,425.612329394496
15987,559.01,719.178648382986,565.540965719272,966.684833259587,533.802609499327,527.568711917427,1020.510490955
15999,238.43,204.605972215627,163.844170176981,148.553276892417,158.10717105816,177.097156645523,291.21056178557
16007,587.22,586.121641374179,637.030771210333,795.843987311006,687.010443289823,615.762579658447,605.876211134324
16009,3400.84,2941.182705398,2999.90509184909,2794.07814262455,3032.74173294938,3012.31094945026,3047.66863924319
16011,577.8,642.416876500388,657.261563555539,730.356787232867,716.273559918855,708.770535503018,987.481467284271
16018,1251.19,4296.0423351179,1667.46859494971,1522.04604105405,1191.84004703623,1244.03251380519,1507.83877428895
16031,214.62,150.542393719918,239.422081752239,162.736452961988,159.076913565067,195.682872077852,149.930214296566
16040,973.01,1156.19849209804,1038.29369063386,1172.35813037813,1091.6787922195,1081.53355771326,1068.03672107845
16061,630.92,576.632825570794,528.745440865248,627.426648684782,478.540268201777,544.989030170753,606.385478934612
16065,543.39,445.313779504603,661.560488117302,492.736161669804,541.959752893274,567.876208929463,570.485859280931
16086,943.8,1116.11204695011,1152.47135178015,3513.72732340739,1222.16161131921,969.419207082631,1229.93466147228
16091,1018.7,1775.4766536686,1309.15748814647,2639.32785298113,1013.20426443914,1033.62941037356,1189.20253506774
16097,792.62,1038.74760456754,705.944282472894,1062.971622718,809.577988852606,675.407076403093,571.041577116042
16137,883.21,1152.49663177197,866.42923635349,854.124043228973,789.488879376622,1197.98708752978,647.213357614301
16148,1771.94,2080.1597776313,2208.05317612984,2160.10113164518,1996.45922423283,2071.709276454,1992.42490996941
16152,893.24,912.476982332387,1242.56903600072,1271.9757375547,1052.45621841772,1036.46861822617,987.350467470524
16170,876.24,590.489079423751,1406.76176534075,590.441345987487,805.224726274434,1028.19629378056,324.7604708984
16180,198,383.680445309159,207.46531021592,303.220473755141,280.010882213218,223.206735762846,239.011668300439
16184,2264.45,3275.81988378846,2436.92635782787,3343.44830142367,3221.11552334662,2997.1654912391,3778.83124860923
16197,1839.78,2656.45620118803,1961.36776660308,2722.34542949727,1856.3190862647,2663.8127528038,1695.55987640623
16199,1281.81,1332.63951224358,1027.31213659146,1076.37753401037,1345.40634317581,1153.15470773047,1774.81413528994
16205,1607.54,1840.78598958055,1845.27788182139,2071.47054346554,2246.74636549547,1922.23626533609,1979.81577577418
16214,764.42,1007.67185771157,814.02061404519,825.849593285109,828.009748831317,774.293775816286,844.71637591348
16219,817.68,739.242940445749,645.332100884783,547.581582727729,598.720570617702,1035.36415929808,905.066092573824
16229,871.06,1071.71181816124,932.361064087862,1116.57906247948,983.764255220681,1175.38698682629,1327.48003653359
16238,2462.64,2383.09604700429,2470.5594809363,3734.27242322418,2201.9345279123,2892.77576877117,2362.02069394639
16239,470.02,360.067036113174,392.542826917059,1098.93497881384,388.848487374594,396.659613555592,647.997720165212
16244,2486.75,2104.9710067585,2748.29162305827,2297.37392024062,2384.66739538971,2421.79289129398,2250.95448664592
16245,2010.8,2502.41083291778,2627.97653064002,1865.88817479549,2692.15291233835,1949.78633673884,2179.44999815409
16260,1388.08,1401.84665124395,2315.01008194863,1564.9668520832,1466.74670928048,1389.40322577404,1513.47654783373
16264,1107.72,1063.39539326813,1533.22625993513,1038.15087126487,994.228233480324,954.872865005922,827.64773831131
16273,2007.52,2024.57835988578,1804.05827717982,2173.80611406427,2034.28252350139,2307.52247470067,1583.77723344282
16296,1045.5,678.781431533838,920.467231701249,1199.88698857118,1152.31138166786,664.257975973295,881.061821464981
16303,1507.59,1543.85294769368,2063.74421595099,1827.09977610942,1849.73601174961,1514.09301502674,1262.63249824884
16322,1354.09,1308.41240871692,2062.43468637658,1422.15073402033,1531.42354292582,1575.14138248191,1361.69912486585
16327,1054.27,1206.82924972932,1217.02454245845,873.808069305163,1005.44212069069,1116.02874515845,763.311257954792
16345,900.49,997.778955796811,1001.45051676202,820.268677334449,975.163221835032,1082.09237681324,934.813531861466
16349,1136.92,1818.12691250606,1134.27774455423,2115.63044367467,1061.92623988008,1386.60224783096,1155.01959149596
16357,1556.19,1253.4358484789,1499.77625668691,1618.49075953465,1232.04326695257,1313.79172386266,1988.5212206817
16358,706.42,1182.52792179053,842.271291687232,530.96533669522,615.574706402,1121.51595602503,650.087952952486
16371,756.68,885.364639436295,748.884235660251,725.180686379439,763.622790852567,972.050188690075,590.468865448686
16375,1125.39,1219.77987785688,1214.68086007536,1188.47151052102,1308.97596755227,1053.28050959592,1429.59636409811
16399,903.33,1212.64954990243,834.261262858957,1306.77798963429,1409.80187182909,981.182784673906,946.449018186909
16400,1166.48,1264.24227159764,1319.88824339874,1509.68400884436,1839.66413486096,2123.05234833218,1689.18767489332
16401,1372.18,1592.53223599548,1493.80403151765,1792.21329859287,1215.66200683323,1418.8499325377,1473.36775665506
16414,1170.87,1377.11042335867,1111.98166670578,1048.17768365431,1017.21379473259,1320.0490728909,1240.35730828997
16445,886.98,986.838073844649,947.252284918778,792.03937302139,727.71270863496,753.247165126788,1541.0514612443
16462,2643.18,2500.98266786332,2953.44178314055,2998.09055969872,2723.88581294471,3363.5842417831,2676.12605403548
16463,1826.55,1859.36508644971,2297.32882711149,2280.87949824059,1727.44655464042,2233.54716149721,1683.81967909604
16468,1051.07,1208.49233604053,1263.46373868769,1393.13568336276,1149.27290285609,1666.92186440286,1220.33808618589
16479,1350.45,1646.44568473326,1199.90577920188,1374.26795763737,1465.90618945731,1451.31134812975,1445.57717288757
16486,1633.66,1502.86630375687,1487.29676313725,1676.87643545891,1981.65065669031,1643.77381094746,1765.13129388865
16487,895.99,1075.42986482053,1449.06476293253,848.753385924652,1404.62994733286,966.428074702609,1052.60638684714
16494,1290.83,1634.58181695779,1654.87345190955,1408.65098488028,1647.32391323168,1328.74569802202,1429.8401402812
16505,1363.57,1276.88147623895,1787.10290433983,1331.44684302951,2080.61598040584,1339.62067001496,1435.53197230272
16516,1523.6,1402.08758592828,1238.3572159875,2245.5674881691,1489.15978063601,1379.26065244242,1069.64799374102
16537,837.78,1047.60847010028,895.270126404198,1156.61610301949,1277.05114973934,853.306170719223,715.362639133843
16543,1769.96,2006.41649403133,2073.453147313,2028.36288576482,1730.89424471395,2136.281251963,1904.97319876113
16550,2073.74,2390.67376890707,2331.03926700308,3486.22695240672,2593.21580769171,2546.55086669952,2373.93418578885
16563,991.16,1594.31392918874,1259.60691381188,1521.90529630046,1508.56634708217,1334.35182759838,976.962061531672
16564,293.76,308.580004978134,286.448026580572,346.335338127323,262.315476512796,268.904084407906,372.559004175483
16565,2864.77,3982.64401962576,3333.84948592085,3747.54518242798,2964.38422863118,2571.01949118485,1931.86164678858
16566,813.64,1041.16263321259,1201.5609366703,1239.30935765835,920.906297112811,1350.23682200211,1146.54057126848
16608,1209.32,1025.07198324886,1087.82198695495,836.466381374122,1267.41201698265,1331.10681845201,962.922295428839
16612,336.29,282.530091133601,261.603464334614,499.027690762358,210.232007363098,260.134783252699,220.630102070521
16630,1628.17,413.740186690698,405.863926767738,452.495171421321,372.766363134687,396.485058719418,431.11083122972
16642,672.97,758.335366546415,655.023484233374,651.412712555666,663.280625059935,727.297708776783,848.135532268799
16650,170.76,168.390985130443,168.915574783287,170.911139453882,168.710673777175,168.277636850315,169.031775708261
16678,203.04,185.70555185397,201.639619340427,175.378196160359,228.618000535742,181.798025464294,235.817443155039
16688,455.74,258.901517101193,280.768147468612,244.19706383624,299.096941839688,399.757059310723,700.390033251863
16693,165.11,236.002207817388,196.828853192783,177.878615740459,163.978337888976,183.983034594771,124.694101771215
16700,869.6,1317.33560900377,1199.57035811796,1408.79594107109,1513.40178408662,1789.6775651185,1473.46317059946
16739,246.58,275.170477067475,315.413624209564,411.633406577636,255.767567200321,240.080095729496,395.844174843005
16762,277.19,316.09068148335,293.453113360771,284.815734130876,321.629679759714,319.17456736253,334.659020562255
16773,106.22,144.192840507127,96.8060367580263,87.9565145690708,76.8479058611398,97.5982367695693,94.4941067787433
16783,1300.08,1430.76129843126,1307.30533278362,1396.03953244199,1356.37511749913,1486.85956797887,1405.73586291894
16789,756.83,673.168522725934,720.74010844377,722.119906869892,679.69716826656,692.90719186817,707.610207048392
16803,801.24,1003.72007392034,929.889859997097,860.198858930379,802.111135442513,985.116056095105,795.880153723634
16812,364.14,354.373819991366,321.334972028321,306.299022185795,340.120144224992,322.507582663168,366.153525650963
16845,1546.98,1430.30055560366,1027.77056670557,1169.7195646414,1042.98572097035,945.082994270106,734.121555553238
16862,390.81,558.630848294883,509.364255058593,379.094255179104,421.412826599214,516.662224151935,563.339548297846
16863,363.47,501.567893492522,314.345651568557,397.495202576142,348.409317869222,414.549680766278,394.464776114961
16869,59.3,160.278344032165,116.468954128473,302.248578329474,137.05501862988,110.631018355426,143.62650685228
16870,136.94,208.196721464529,233.589242785689,184.341579800223,175.98158149902,186.135549607439,128.790462335527
16873,1264.58,1218.15572943589,1275.28025835632,1068.40782896481,1323.27403315824,1160.68566368705,1754.84970546008
16875,1572.44,1510.20032746723,1611.48071997782,1459.92174155472,1645.87955428626,1616.74587446868,1743.93477631088
16896,308.36,350.968761920132,324.972152595688,325.940340246607,372.729404843719,332.179981857014,320.122926433368
16904,1413.96,1458.01120055982,1514.80899601108,1829.56171968693,1772.9583341977,1551.73977481053,1392.67378374261
16906,492.96,532.502504864162,409.103096170348,464.588355169594,509.255749438318,475.234462963146,345.173986233394
16912,1778.03,87.8684962519686,120.251119552987,128.117624521747,132.256622143549,86.8053457802315,182.652343843305
16913,870.96,834.825305745911,995.239600278066,1200.1297494986,715.309243778304,940.743902481402,730.898426570666
16918,886.88,895.157917480321,857.330409417464,994.274338872949,898.753903689953,934.001235866158,845.895011232749
16919,1716.96,1628.82688064432,1196.42185908135,2262.57674464973,1643.6462576391,1214.81419565273,2768.47462912853
16924,331.72,415.119585952977,410.70501734382,208.238180771871,238.23867704721,313.754439505932,689.900263365707
16925,378.26,277.661184871005,422.436354636083,790.29686136782,286.350023161134,324.967845331709,267.804440008922
16926,1113.2,1015.90586060471,1268.85874828375,1343.05072389109,1009.0833360431,927.327425527278,1128.7015197434
16960,679.48,655.853785460239,723.407253540193,669.081484085487,631.833269221546,842.70512383129,741.323004126032
16962,483.62,480.465467610105,518.507358533373,555.568104052788,515.626500216766,475.941300665664,618.846465337703
16967,239.07,221.629369726065,227.667583426897,209.020671543294,206.335229786017,190.76549753782,252.527215157142
16968,378.97,535.229044646638,505.819332323584,1001.21179273896,513.483326328245,537.347535482181,520.098514343578
16972,772.43,717.077848985992,954.99750602334,786.795800041998,814.913988421716,959.881102115674,736.96417697925
16982,247.79,309.776869244064,209.128446378881,233.20789230479,174.941517253765,309.754527282142,318.851342387619
16983,735.51,896.429409777543,747.052678284006,843.241438857951,924.568534200175,764.161175016655,777.420192129987
16987,1483.6,1390.90922456129,1495.01712537738,1046.43349960044,2002.35541183022,3717.45439137254,1099.95734085266
16997,194.84,200.60614457726,180.439937149522,296.24905738402,174.767926093438,353.713720828775,190.575253874176
17011,768.74,696.318417893618,645.725646257907,983.51236907708,885.443755016259,985.56910316081,716.527168180746
17018,1827.42,1848.98012188626,1836.58399778284,1748.04000656651,1794.29871730004,1998.38678028745,1781.2861995699
17026,966.88,1252.99905449881,999.037588818653,763.149211389424,873.326601172493,922.331767460702,691.203252068907
17045,237.12,711.573828688519,207.223941021974,169.421774322058,161.505153354883,161.335726726408,666.53973102478
17058,325.86,291.7021699329,288.817744536918,305.265749527309,301.094607385132,280.768952849846,377.267761793385
17065,904.93,682.995452223829,597.629875968845,706.365489405926,617.198341042131,640.933624963409,1650.34878004641
17086,1094.93,1203.36586722592,578.109852476469,692.462966589629,785.592248399553,676.910009985072,706.096816545371
17103,1174.65,1019.18223165135,1172.31007678601,1356.42258919846,1157.57589935311,1327.03985254949,2153.69217128958
17110,461.59,419.710100924073,424.517740264461,392.306682417626,359.539823776029,341.486298078404,468.421136780728
17139,482.47,461.951029573834,447.001115792557,404.183856692947,354.994416288104,468.638500491121,418.774345195566
17191,176.15,176.4281366253,225.78079468904,187.652587840104,281.059571067217,213.718345395677,265.974601593546
17194,2202.8,2297.86364611614,2266.69393015083,1881.53861410985,1947.02245063986,2103.04792680945,2715.96673258533
17200,989.26,879.469535107791,889.140948793638,4207.87468744098,765.289008778046,872.653112844372,1006.97753525069
17208,473.03,115.666139685297,90.6632841732664,351.73888339687,153.906361489664,111.283375087101,127.775303259503
17224,2241.36,2347.51853727593,2744.94679800254,2232.58612066907,2459.80857472923,2518.27570482832,2050.88129420211
17240,482.27,535.866618105805,517.521248085695,473.456396966623,515.855514964248,508.49350850442,553.012110743373
17245,807.01,1115.92093368872,831.147807027606,1075.63643703415,1222.92157544987,1088.68906950551,1194.72144707878
17246,991.15,1118.59317572245,1013.55595356783,869.557255435628,934.661914215477,1430.59135306831,837.950357116302
17259,161.42,132.888523324655,644.783672554405,1011.69219496686,209.615138663563,430.639740276042,190.362759190329
17263,323.7,517.900051190224,591.304388994579,998.28544228768,488.954163578516,526.883290326834,321.996375493675
17266,2178,1793.25811000533,1898.95879966557,1808.04859985103,1825.64799165122,1756.27975169998,1631.55110571132
17280,538.15,639.385653413434,512.854403125094,628.033069237645,475.074772096514,485.573940168683,535.652199410705
17295,359.7,596.674105292628,406.230605597415,1017.0688752494,741.561163589482,884.923364106054,493.586837193145
17302,188.45,120.749298081328,155.74460556251,180.042346795696,152.10861857329,107.433042343866,185.2869103892
17337,472.03,447.25358429563,416.766883225422,439.23148375616,422.665861796955,415.782355564195,362.709316585922
17375,964.31,902.900736015898,1099.41991995988,965.076356321893,939.287760983083,1097.82027585658,926.566662095377
17380,265.26,238.371785236966,291.313085517535,220.724916618163,256.743354028258,235.234230503728,255.860134441135
17382,561.08,572.721255688986,539.57109569784,503.274939800648,538.984248229701,568.937317001003,496.778219054707
17392,357.29,246.609962276342,643.214488399722,350.322742131673,292.098421132089,496.526292720643,506.017767740965
17393,327.55,359.018637500812,298.987107485905,299.603184276874,362.434125252437,328.409107312108,300.224603873807
17394,353.6,385.053300922313,365.961117389619,477.722008741691,369.003466160669,398.1972772446,361.927924980814
17398,1635.31,1444.02053399466,1502.69940955415,1301.04927043267,1371.20981577915,1451.20342889829,1413.82800635938
17424,250.33,376.513508024199,338.719775350428,836.245187669529,249.996168207822,297.044651974564,2441.4527501462
17428,915.21,803.74108084431,871.178644445741,1480.83313793199,961.594337941437,748.840882824944,1859.68410548886
17440,179.9,185.719363125969,124.806410413125,284.528498209161,138.868804917421,192.514938550553,143.924729744898
17468,178.43,160.139464578157,150.570737201156,178.384879187472,144.89140998331,149.39867186583,171.539379823433
17478,2659.34,2703.42931685876,2321.82923761914,5746.57852525251,2291.67661010972,2310.18699090884,3618.45399060386
17487,221.19,229.919034610297,228.719520856519,231.362571242608,231.038270900328,362.511185998992,366.580291587257
17508,307.9,343.989524308777,391.270083139974,266.681102550281,311.497677094899,296.481115329163,390.050774093074
17523,696.31,888.173291843643,575.275117014939,782.229427636532,756.549013086683,676.027285111372,590.606914598464
17527,464.92,530.734139518928,373.609327368967,529.285116944161,481.370409549133,415.14775376807,289.264228600058
17528,995.04,1108.14942577909,1090.22471225971,963.129585449629,1203.08231460492,1196.32034220504,1058.52804490578
17534,118.55,85.2412768579486,64.9975884628074,82.6239582533854,69.7203013631217,70.7930682784855,66.1487640284056
17555,201.46,170.092143336852,196.826047719041,169.412343401206,218.541330603714,319.330717740247,213.24869297334
17560,1497.11,1399.64274384944,1264.48342542836,1406.26145793708,1320.47934532268,1264.01862638234,1853.48095307197
17574,320.43,491.138856615125,417.389553713697,556.470794689236,339.060204724005,376.477567177099,381.002235581716
17591,738.23,844.03747603203,924.005884303628,1175.6400527472,782.382051649275,951.410537231444,1365.85289224837
17592,720.01,659.88431282424,720.672929945553,750.363939916195,718.219855269443,671.183337190259,674.791185417794
17595,819.94,1234.58766654575,920.318604484646,1186.50451071514,726.394346781619,933.123844891102,916.80003780843
17618,287.81,301.217589775583,402.8223912005,511.282984361863,506.419665392904,324.98503236786,333.850067404988
17649,254.01,214.903561886396,312.73881871157,231.393682803965,682.504484187472,454.483619048175,245.936950279533
17668,285.4,258.61132068884,370.009827061878,269.030326913678,243.060263262032,506.206647571057,259.125270612066
17678,431.78,458.20122225263,434.4780889447,356.618587105601,435.605038597999,552.349335363111,813.499096425836
17683,186.24,169.270767076805,172.242018058302,216.767149210974,186.457159643887,204.637817580703,183.062842654639
17692,374.17,366.320600038346,624.064474551811,463.450043156484,391.941086779022,418.329247874224,530.863309887603
17721,851.02,1180.15019700087,971.813024496179,899.626185096519,1239.81116309832,1500.92495017156,1358.34132495086
17730,430.59,425.157973592175,426.462937808888,484.011780794905,400.669215405277,421.850434974024,405.460397852337
17732,1681.2,299.823871281771,338.471686045887,602.562243567291,394.330111378839,379.322994595684,286.639470920971
17747,151.05,164.699507443342,136.710534257708,151.50982712386,173.944622183516,154.534508175751,187.650969866275
17755,1101.92,1014.3221376191,1019.13272177781,982.524584254421,1456.26594355545,1052.07108674508,1293.77679379405
17756,478.54,763.098695501956,391.728171481343,399.16377000145,543.23615620344,522.801459563046,504.790806658352
17774,1031.24,892.877624508489,949.14785043208,949.1517086207,970.075438430697,927.321166599543,1432.12371865594
17780,782.01,959.250402658368,792.330474282513,842.411320163702,719.521754223791,1028.5013774031,484.002175942243
17785,629.72,487.081281655448,502.379216565388,730.912513834315,464.576950717276,474.126762978222,407.012894323924
17791,650.92,860.157365817486,751.94314535478,618.769854237166,695.698381610479,664.36276474302,721.198265737273
17799,2114.89,2469.83161264944,1994.61474415037,1611.01356824615,1830.65482661105,3020.9789080503,2831.33828959633
17803,1876.26,2405.10148245189,2390.18256439658,3510.11690890089,2539.38170622159,1924.56986240713,2618.76569081419
17810,677.37,795.788050348306,919.504964812687,733.606263561829,1140.87847704647,661.916993449977,748.837279556059
17836,481.9,383.476289930321,355.101482567416,347.458156380707,375.41299585773,372.594754707649,684.634786567609
17838,268.57,269.688430062439,435.011497672727,202.253326365796,282.897496174232,194.980140436739,357.496901976335
17840,476.17,492.260224476968,531.002457547282,661.101979137407,563.643562362728,605.951101331916,540.221600461144
17842,456.74,381.59570014598,392.715966978348,466.283128712162,316.612431527831,542.892434504694,435.926440449604
17859,1098.53,1423.85054966168,1314.79124792325,1853.82748474318,1974.37857108592,1363.06153105863,935.043650008821
17885,225.67,290.83500790966,235.265978639983,226.845924246885,213.241969452743,230.12248288179,192.757043084386
17886,330.94,275.951293508051,534.404258763522,238.801060302949,487.81742720286,243.258657165007,538.987675539408
17897,223.67,375.843771958452,281.59618817058,246.718240532546,216.804855863851,179.609757509583,276.974072500139
17904,1135.92,1151.83739265701,1120.88607528739,962.945541582848,1270.18824577644,1033.70344772294,915.834863403244
17914,1008.5,1011.12190833502,923.251722623479,925.146449284506,825.928741515746,765.997828173892,740.112776109195
17926,1157.97,1248.95812408143,1179.62023515807,2934.09546919407,1176.62749225291,1202.86790554307,1402.88131646145
17928,744.67,957.910682139491,996.444380166497,749.456818255815,923.415349082652,916.714165026839,1034.35444486329
17942,1643.53,1955.0408605585,1647.15322227195,1249.61717745632,1725.15109191832,2172.59741212997,14159.9347547718
17947,291.47,436.032410559914,308.003833459237,290.584531943776,407.806950476693,291.967594759131,298.466841370315
18012,983.92,1101.65347033458,1079.81685967828,1323.38636759501,1186.1763265644,1051.82656388267,1128.11724400998
18015,111.36,172.554376071429,152.374392141461,221.664929897301,155.992631946228,153.153244002502,140.916014277418
18019,956.13,975.006258258012,999.98738599627,1013.31356345682,934.274267550898,955.035924238089,1004.74654119668
18035,1105.16,1142.7254282843,1069.22863972429,1117.23443445362,1310.97565517175,1291.45013531455,944.485101593888
18037,532.8,503.665062877153,588.420066207051,537.215539243266,532.378319808566,481.785540077973,520.972870081275
18058,2024.48,1656.23383540862,1468.71301998825,1770.95498490883,1744.61831231173,1792.60124017789,1500.47496942841
18062,633.94,500.535079293853,693.044368284529,610.096153336275,510.715725748013,441.946126477347,1032.58106244165
18075,1377.84,1390.13953646639,1151.31360493462,1634.02211367929,1244.59099404755,1408.54836956179,1099.39237004761
18081,869.55,998.81944041079,1030.88276669491,1085.98828874444,1045.51783311266,1280.55583832029,1045.68663789741
18086,344.48,388.904868453947,462.135416217997,314.526131694848,292.780959383376,606.601661401638,416.880044397978
18099,320.87,342.361021101705,295.241086780054,229.583282088072,265.662910226214,277.197337484736,352.587140903051
18110,653.85,300.803008285724,318.683049839338,425.928083699662,406.168143113406,312.739590715954,403.543062082024
18111,799.78,311.657317161337,421.880454903558,797.213045455371,386.240374299217,290.993030831604,295.891982386006
18114,291.58,277.6478698804,283.418967452016,315.542149879818,321.707032923392,369.533463322681,183.922174989744
18122,239.6,259.819032981743,508.620110146365,265.215942617125,361.432772014788,243.556193947021,277.02841973256
18129,218.08,348.98738134878,224.896526219937,285.830727232256,277.007434160789,240.042295640193,148.249297839613
18153,1115.24,902.635563835543,911.010352218309,985.242096661239,1006.99858865865,979.387288550688,1024.43223083577
18160,1270.89,1099.31037102993,869.238217257351,1537.68603952561,1293.03812395682,1209.2498265673,1341.93284622182
18163,1532.7,1411.8764629969,1508.19773819933,1499.6707358376,1841.11398221955,1838.42327586363,1417.83570137614
18175,380.72,409.885197184049,348.13403209515,386.305557964963,577.773546196052,386.381914137357,382.907825871608
18206,2065.47,2085.39839096997,2100.59713392026,2187.87770977388,2088.19646022353,2080.99900485893,2022.02701947178
18213,171.34,219.278585483336,175.189138458953,148.009775510048,140.607667064897,178.898622593856,150.415882164614
18218,475.88,485.866454964217,461.245279387009,430.262170551211,466.502884214844,375.74595184868,373.69046314995
18227,67.94,77.9054676475431,53.6138202289461,70.3556292900236,65.2980469629904,54.2991032208146,56.7435133901917
18229,234.11,418.571155908505,234.159739683079,428.398161308242,382.232725144765,261.631525355756,196.26620408682
18249,2587.68,2817.80368890757,2664.08155524351,4472.18682316631,2670.4304508103,2795.25146529774,2991.04213324139
18269,370.32,330.487428401964,324.892751817911,326.034557375887,302.217508873776,304.393657378697,358.966604186351
18295,1080.89,1012.74722108903,1000.98170792395,1002.61369750794,1046.13150211554,1058.308377703,1041.61199357022
18308,192.26,435.208681044903,138.578659543884,133.821259084223,129.036577320358,114.201231349868,122.853693957162
18321,978.18,1225.85263752042,1258.32741464423,1651.95829585283,1052.66687186782,1153.106927206,1254.64018284668
18342,191.77,246.153038804973,303.266004487908,165.36244285791,253.674827811248,260.823975125268,70.7772638103916
18352,2589.47,2137.81515896478,2267.43266621515,2659.48215470083,2135.4126320317,3379.14003222586,2862.11714039323
18354,1978.22,1876.8682531512,1588.06772651231,2367.61883764247,1421.55565667388,2882.50956206642,2247.28263039482
18367,2083.79,1641.60598894243,2233.21989526801,2755.84944407484,1880.54090770724,1981.33056382317,2209.4462842682
18375,668.33,604.410808527334,622.647968271132,997.718990651385,668.116586950059,712.329141172176,497.216193784758
18400,588.97,570.086781294782,553.996463111519,600.924946535042,597.655432449376,628.08309020531,460.409242190175
18401,1055.17,1584.95545787896,1227.07199844864,1149.50180131126,1859.92060743501,1253.5952005188,1011.49182065135
18409,586.21,555.254168337994,542.398363242873,1453.98044258532,742.46781588657,813.649372494555,694.598614757388
18414,864,557.971089042282,600.442823649129,557.38668286828,497.950980723356,663.1005598739,614.964040183356
18448,2086.86,2569.91495912674,2148.82298168463,2889.06079486621,2117.90881873671,2412.16727579131,1952.07028170877
18459,202.72,240.211092832061,262.28006103356,243.550891752154,258.210441839117,279.317786389959,299.531428807379
18477,1630.27,450.751162370217,811.896255164553,714.494456856181,1018.45437140735,1053.01661863787,519.104086670758
18486,2021.75,1902.33613657897,1716.56177971715,1444.08344060068,2083.48448743312,1542.4090190674,1420.79130665813
18487,967.92,1106.41823395817,1241.32263867145,1289.65382129115,997.35514895706,1056.58036271079,1086.90649708713
18502,181.75,110.412363134848,196.347751666932,160.030641150789,208.720479609503,118.994057989842,130.293443398431
18512,1677.83,1706.7502625298,1903.59189136294,1873.53116884936,1779.01889335442,1681.41286997993,1732.32575176231
18514,1688.97,1370.2244831117,1359.82570256894,1160.15862771735,1460.21297958141,1536.21053740887,2208.89723858234
18530,1070.22,1070.67081611771,1038.02779631926,1073.45940237418,1069.13920888153,1369.08463913458,1016.25514760521
18553,234.29,202.5308956388,293.533611862741,211.702832911787,199.266027554168,176.554893556386,278.244583451035
18555,416.14,327.77756177633,403.138848764494,390.159487716595,387.45055444833,606.668459238742,285.894554499979
18577,236.91,255.992407907521,227.47334276754,285.212878486753,418.59909176372,250.935853938024,284.18408020381
18592,134.68,148.779501451153,122.712819856675,164.634186838269,148.52532108238,165.651734076611,154.182912560513
18602,346.79,597.531903562475,405.498490112576,255.582246847858,229.50873930497,314.885736860071,150.275422076385
18603,1139.33,1601.9055200981,1017.11276621183,1475.49230747318,1165.14490930747,1243.70690908907,1101.47758757808
18606,210.7,243.744674201139,197.525199104348,261.493028933926,219.984603323582,211.52513928336,277.185596338479
18635,731.99,847.000263433679,546.198404922132,637.839549360886,534.130110999478,604.0814944676,524.403495533818
18641,1560.8,954.257437204085,1188.82957110366,830.168688542602,975.537512685807,777.547038896735,1528.47715247585
18656,235.38,390.10742780737,489.774372277155,237.406063413683,521.140777133455,248.79767867196,346.627886920423
18675,133,155.732438750838,307.247476096747,198.417666193076,162.276304149839,124.339686146175,152.78906613477
18679,803.08,797.907156641372,873.07061988302,882.456366358983,812.967935438195,832.945157847346,857.920098708279
18682,1202.32,1095.33063025497,1105.39891651189,1189.7552294232,1292.8858878671,1074.58919475606,1095.712274518
18686,585.79,657.430129639534,606.36439349609,701.342792214637,645.147754111235,631.022423983403,562.330585134798
18703,408.47,375.734216698194,411.75597613162,380.626831364595,390.840225720503,433.342325837809,380.509630627031
18710,702.69,414.678580780847,437.760911433356,596.464336522904,755.636087259072,497.928039589275,418.255541742709
18723,930.199999999999,927.169380027835,873.691218495003,2398.57182178049,829.13101730515,1253.84798430501,1403.95877041653
18724,631.53,791.755615211925,1014.74070445498,621.277614493525,778.886565929038,1007.82913874417,822.274868487385
18727,287.85,244.950284297484,294.062178946164,627.960099357502,322.588782405492,315.304156109233,342.223162371711
18737,161.68,162.571485932025,172.956189649475,123.581205720033,163.019660644833,157.079479381276,244.125231992935
18744,640.37,485.937756519862,468.988288271089,554.544552547112,764.05057069513,398.518896174313,458.151145654114
18758,748.87,908.469310177825,818.028867564851,1005.56338691904,820.651112443577,760.195552457144,1119.10882200439
18770,3432.27,6030.96929919627,2674.4906233472,3198.40904635758,2568.30715204165,2979.83851885766,2524.29585537427
18822,1295.33,1334.28471636853,1507.43150087839,1530.27011810347,1283.38017791799,1829.75740756725,1309.90277416507
18828,1026.25,1125.15105657186,1264.85247133305,936.494529991463,1080.41225851325,1021.97433895693,1324.82315955074
18836,735.7,1129.43059428909,711.691676315185,773.625757200402,934.665033613631,744.589130092424,777.773927895376
18845,1132.76,1060.8368219449,1036.38558737166,980.968972699972,1004.92433596591,1072.07117191615,1044.70521266274
18862,1615.14,1680.89212301468,1937.0392121561,1828.43663862826,1888.11787178962,1826.6990812513,1656.09504844993
18876,877.94,1025.26415686059,894.502731452021,944.968107908756,783.493253603792,931.560038646215,790.961086603485
18884,2440.38,2673.43611268083,2772.47948993482,2926.15035898273,2624.75120036755,2474.94742897873,3065.64312376575
18906,1141.4,1193.20643213733,1177.55695218857,1346.19487656044,1108.93337915783,1120.53065563165,970.086815027878
18907,2749.51,3102.1385587186,2918.97051938083,3407.6918374891,3069.20348882084,3085.05079280814,3200.52863837846
18910,820.61,814.48473468129,808.430403913757,839.693098776428,937.432033685375,847.240017845847,1192.293887136
18914,530.62,478.148919692398,378.260354123611,514.64977308201,1213.97305905721,491.952128450968,365.150669532417
18929,947.78,837.275023422782,1202.03799846946,1329.88641156544,1066.08116270994,973.417271676875,1001.73081162315
18947,1310.89,1282.91986325053,1429.22150709078,1299.28660543566,1231.13656005758,1292.83620013758,2195.93962393413
18958,1111.16,979.830281752954,1000.86777632792,884.972871686709,1105.49100221651,994.148659476259,788.235438019435
18968,1014.6,858.931000006593,1005.9078082323,901.191710169087,958.755491098827,1003.57421314989,982.625638391101
18979,1504.28,1553.04873839105,1570.01840077556,3041.16957014369,1547.95834793956,1426.20942062015,1987.34205115819
19000,1311.97,1160.28847922278,1396.61223230198,1445.13904206587,1210.98977130932,1495.25513909906,1520.27324229695
19005,1407.11,1260.0912773316,1533.3594658398,1899.07358798356,1787.27843774218,1786.10756055391,1443.9633634468
19028,1368.8,1663.79059560473,1668.06892320579,1871.29414709019,2006.44480283155,2171.53348529285,2883.69947561712
19047,954.66,775.152581537629,1026.52443006008,617.310873182527,771.130877220193,796.548011895882,1978.30384548983
19051,1127.81,1191.91450722772,1298.87130328903,1491.99216047834,1224.05184162534,1178.5380834916,1121.961202934
19058,888.31,1040.33128810162,899.672945582354,1018.64682096187,799.364875884024,989.480672758538,1302.4701220735
19091,1394,1431.09817990247,1276.22115823373,2180.68741115757,1372.07560319154,1486.97379306345,941.261090648634
19102,1769.67,1753.80528219213,1714.16247853348,1718.53281515689,1867.73497531503,1890.36301057639,2024.68047093993
19105,2201.43,2215.57408684122,2531.52994640641,2243.71443226023,2766.76126903589,2062.20073867259,2066.49304330255
19143,1196.19,1289.00894628085,1605.11702747216,1041.01472988244,1100.05947439524,1400.7305898411,1086.7290645454
19145,1666.9,1725.73683742616,1501.37451582237,1883.81018540773,1849.14749510397,1246.86226021456,1276.73268452528
19157,1868.57,2950.06706224679,2263.34667411348,1793.84032608937,2188.86553053526,3127.10854892955,1473.48271346618
19158,2022.5,2789.77229314968,2122.46463331308,2286.52203554683,2499.8038530794,2716.59818532843,2434.26046786492
19224,868.15,896.24115412965,904.322391858669,887.185085150593,993.31999477674,794.404818372154,2036.1787985282
19235,1865.46,2098.18728976236,1035.54835186685,1837.48045418831,1127.31455270708,1706.0457501111,1825.39568766782
19243,437.43,446.097498965423,551.553853582108,673.768032215074,543.846408134784,417.026619559076,493.024304238203
19246,2735.33,2210.81135653188,2777.20718823313,3128.72503844688,2293.57947664613,2506.57450213351,2686.77211077385
19257,2157.4,1665.52058189106,1439.33556157,3847.86718699489,1846.89115301436,1936.46770032443,1789.92150462763
19269,1008.25,937.144717734868,797.040654540229,848.576204093904,935.6579232829,860.123551449901,1004.88358413922
19275,878.23,1109.6294284729,770.240581454321,914.14553051203,1065.6935774254,1041.87061479631,1660.5196753294
19296,269.52,375.453159918234,305.699381977517,312.452334567638,281.922843289247,311.750183852004,408.069851266106
19313,3001.32,2995.19919504841,3188.38098374767,3492.53345806835,3297.38762278234,3001.8659988986,2730.98061795995
19315,2327.53,1693.16293928667,1374.90843795316,1716.17965122304,2082.29757713945,2223.70374543136,1672.3485126347
19323,1900.45,1753.28359873464,1685.23073947349,3503.73214013488,1633.15724118877,1816.04299766801,1844.29610903793
19351,1954.94,2355.37874630136,1597.99076003199,1837.08866042966,1525.28721718363,1598.85672376947,1817.85885892629
19354,1502.76,1532.14326282648,1532.73677229192,1564.87795717495,1501.59605397853,1473.35549920929,3474.96305924565
19356,1118.9,812.775297909438,1666.39090720584,819.281306505531,702.662345788748,1029.06911600504,741.333274078694
19360,333.6,440.544690867096,337.99833405833,450.869685774464,356.302918642627,329.314633372131,321.698947148278
19368,241.89,229.212287584862,467.075586154183,308.510479088052,352.664790702566,422.784059984181,306.216281402191
19373,1218.31,988.020922625532,869.656512829145,874.08070335899,913.779933947682,1052.69370315598,1111.96947372567
19389,1834.28,1626.8544869405,1977.54880498825,1504.79355208309,1482.42937839436,2104.87686517849,1776.09530170556
19391,1056.25,1107.94740550208,1760.21084647113,837.222315109464,964.044212165164,1118.82484668296,753.898169014967
19403,936.35,1043.55442530236,1194.38963350816,21258.3715323953,949.351552760396,1139.25599773991,981.131935709377
19405,1339.41,1253.08225211419,1064.04769119252,1172.72903873859,1013.62207176955,1304.73972674566,1488.5258664658
19421,703.32,887.768341296222,784.717101254468,803.549808869118,768.689134243856,754.660467888838,852.315871618633
19434,1853.29,1758.14342921558,1392.59848971044,1613.54410858142,1910.91161434589,1658.01068304747,1939.82975089932
19441,627.05,1074.69825883992,1310.39560506803,1309.41000665127,831.141956416128,948.76352885533,1054.84873185812
19460,552.16,571.00623347551,513.388826379472,574.336631072202,563.802476915462,502.896656856598,653.735390060437
19468,1124.08,1127.51110569658,1162.46410004772,946.44352437324,1102.46168543542,1075.0181455171,984.442628472991
19475,1958.14,1769.89433365699,2023.40039342319,1786.66751194573,1857.44300943051,1935.25838978347,1348.42201467121
19504,137.11,157.391234966849,107.961385018865,161.539136340166,167.52602469935,175.665876629255,146.03466118083
19515,3630.67,3072.60812820248,2602.16025078129,3394.70898131692,2623.62320481278,2455.18540157265,2327.96596537839
19547,843.48,1223.96684186143,2497.11488947592,1332.31896249194,1115.58088071311,1784.15505172852,1150.73478101869
19556,658.58,799.796608256285,798.666926147506,1054.32388657482,735.166392422856,894.449980211975,635.870835497828
19561,1374.94,1674.6647548285,1610.59832358455,1369.15989252921,1539.23408669294,1695.86696563125,1769.30147829692
19567,1562.02,1672.29970130863,1723.23024782528,15726.7643270256,1912.61978833464,1977.41311410353,1784.73810026372
19579,359.18,427.544638237098,689.085433153241,343.18232370352,473.590687232557,413.393595267915,511.98956865528
19591,867.71,722.821075080846,668.432473026214,717.121614488575,924.6023832142,833.450703695274,756.306545427028
19597,302.54,255.816515942237,657.125294366077,262.786406600145,292.411967374863,383.834231428515,280.461498101679
19609,773.46,765.402746350153,520.353185328212,669.027853064055,821.748694568169,855.034679826351,711.016737146161
19626,1069.18,1589.33794131712,907.412161262208,1296.97133737648,1192.31271100385,994.985371441628,1441.14867251859
19661,509.53,402.042260658481,373.809843110383,392.991298629199,665.381241942488,453.731860374027,511.102603644027
19665,2245.01,2120.1311804766,2114.39563218802,2623.38516874333,2415.087791072,2426.11168710321,2216.30643169791
19674,545.73,375.588087654612,1417.7138089133,559.77540344528,299.122530332071,707.769953061785,485.85331927027
19677,878.26,698.299912079358,875.674943876415,1051.79755409316,806.250616528297,678.271269902782,848.719011465083
19680,1068.82,1273.94085226471,1201.47405696792,1198.60767931074,1252.67392518339,1241.64654640233,968.593820064841
19690,1494.1,1750.44339379299,1306.6701920517,1132.24067351834,1426.9889054631,1429.62558703568,1174.28254315734
19694,413.8,415.191180327399,357.917796027574,347.70521963674,335.564132615339,443.787178253261,533.094312030567
19728,711.33,455.554163057464,979.59406380499,683.513370173455,602.500013000281,657.47622102114,939.015106086988
19730,387.17,358.021811615098,404.742305230223,585.548959396027,372.502322267198,588.880524391013,510.19181057724
19740,1269.61,1618.17745318754,1600.19239398943,2132.06466982376,2004.95034322387,2097.37228697641,3521.74736676562
19743,1228.86,1648.11282339157,1808.35487356458,1655.18626916962,1891.03822591471,1846.47672742701,1704.05488617134
19744,658.23,560.15702565977,716.170376451504,708.045255013772,681.139526546474,761.561214695938,510.894068473633
19747,438.22,428.278690276005,465.110818494769,441.42532264277,361.063885944379,306.625388658452,390.89981231791
19769,829.7,1012.54972117808,993.351596925173,633.742089496652,1089.36069916819,1066.85446329857,692.398968504209
19774,1051.33,832.967560703913,1002.87947711925,595.939229217958,586.210489649832,460.52699731578,645.892921199232
19776,1152.67,1527.04631841273,1936.34845731978,1906.33572333507,1486.2918518968,1293.72989323955,2080.76766182169
19785,330.99,364.263787182958,519.690607207721,485.945673869374,544.239343850425,412.900693588473,682.007104426485
19790,1042.36,1168.6328822853,1407.63428170917,1331.30145320634,1271.37093120253,1873.43207024529,1769.37441058192
19801,955.78,947.303769739323,1055.69064514387,1105.89779314274,973.071086284322,1223.52279032375,1004.26975306151
19812,2228.55,2305.97647246411,2252.78692540012,2601.31432080214,2372.95181834455,2209.59461240043,2592.74426887392
19819,833.2,1252.05850633529,895.134028327966,1094.5536161563,1111.99103653598,2320.97759499581,1090.11608280371
19838,779.13,862.364552327448,764.035294473596,679.996059673536,803.064258709565,912.96364525613,856.379437036261
19855,873.09,915.237874327051,881.444396268594,10144.4564177872,1131.19240203944,913.383191198649,21190.2146279486
19856,884.96,497.107729541597,593.983488557611,2218.78366031339,612.142963576089,633.28322958666,493.368242442948
19859,728.11,780.645754131406,1016.62694124969,994.32917909408,630.720267511414,625.657751214329,746.204293240695
19873,391.42,395.187488635799,392.653274286676,351.228729029335,381.702266788227,424.164027370524,371.965253119342
19890,1559.94,1715.97133961462,1723.92553145716,1840.1253710174,2104.44981804293,1749.58873755885,1668.57663093443
19904,671.95,654.442021210273,644.454521746637,547.640502134975,668.017654554807,744.32766979491,565.441639493999
19919,509.68,516.655779277957,335.129930135186,746.708874096737,475.719365486252,386.731527572703,395.005303675529
19943,938.22,828.2734178206,1080.15246866128,823.856149002354,819.38395544268,1113.01965254848,928.908796300496
19946,626.68,626.274641623298,606.420083458879,620.155906909231,811.668190849588,520.598148351178,444.420911921786
19965,1946.24,1530.56175335035,2244.90214041358,1750.51625006142,2521.40958629103,1504.08019653399,1452.81694465293
19967,1530.67,1296.39190052927,1277.28030912943,1427.5973719432,1240.94296454128,1286.19905272889,1597.5517718637
19970,1660.12,1634.5067871936,2212.67128850434,1800.78301220305,1814.03448697454,1647.84526601913,1673.72822543086
19976,1258.65,1483.11675941981,1207.99354915075,1118.39030720542,1531.65326724405,1501.31416915555,922.109974026192
19977,1496.85,1218.50410680594,1232.00288164778,1443.71471928462,1570.79633166541,1382.14749563076,1252.88146650239
19981,666.52,786.897099198542,520.472302485754,865.504756954645,800.443278802555,706.891227514508,371.106542466733
19999,1047.34,890.823497509997,807.753561089469,986.414611704433,1020.93745736494,1086.43131287717,900.557491686339
20005,1637.79,1827.52222603889,1604.73379185082,1421.72367794106,1977.23801091018,1807.66113827378,1659.45594833155
20006,2879.28,2480.12056330038,2129.03752416936,2155.31736608409,2162.6607159237,2825.70200914911,3377.11735349297
20020,2226.16,1640.91183984405,1737.21331374562,1735.32903234337,1318.49636115477,1964.63227919203,1418.75555143728
20022,1300.14,1028.20362934424,1206.37049457151,1294.81912848346,1112.96097496718,1339.54153423975,1217.98682067035
20034,1161.1,1315.70985371048,1031.14958372815,1297.61814845347,1333.76813506312,1300.73492287631,1680.70188188262
20054,1409.14,1192.25468999342,2008.96495446606,960.687013526047,1255.09420402721,1211.56242805685,2024.72575977286
20073,1482.7,1130.76195708538,909.603568711026,1032.17627356371,1130.94302592299,1003.40124304279,766.347280190614
20075,1965.77,1550.85262733335,1660.15783892502,2405.77062527477,2197.44925459004,1794.0027743912,2536.91318095284
20111,620.12,1255.72012434893,526.686846776933,764.906221598895,532.647498050203,662.053208383843,478.638182898199
20112,550.25,497.104133894626,485.363137715781,445.582719642906,435.213798474801,344.423537151908,647.275444005443
20118,1757,2108.34938167891,2451.15253963826,2256.34122635246,2297.07105501327,1915.68542016955,1612.67699903928
20120,297.93,636.839352046539,158.571299916135,208.235788609678,180.239799201133,267.243435977847,110.319736631176
20122,1051.52,1278.65040990205,734.149738932557,822.360853247037,977.936127846525,926.178196144653,1045.81405223331
20128,3430.08,3443.50914461888,2771.22504454811,3140.18715177068,3167.33021611975,3281.52718822152,2943.41709028653
20131,2034.8,1603.5590765359,1932.37940682301,1487.38281466357,7615.80522386597,1397.39245385644,1699.8034771691
20133,807.45,879.655461874942,528.96654957919,486.134753670237,508.338794758712,521.847407387777,504.148518206802
20134,1212.5,1197.18170715828,1345.87917444599,1192.47667485193,1239.04764759601,1273.34151429699,1229.52653159168
20143,1448.69,1317.2545799533,1415.65261317188,1135.7264521404,1372.01628775108,1148.20307841085,1239.09479194108
20163,753.81,787.242685407064,664.733815123524,553.053268890675,679.059694124907,782.210653192546,807.078905965349
20164,746.93,953.089607893107,670.541231660958,717.51911164965,813.885775427329,801.074793595833,471.859606230419
20169,148.58,163.482951128117,137.741960687436,189.766406223357,189.490578467655,148.948491727126,134.616470204965
20173,550.04,539.215289836555,674.616550242487,581.898772679362,500.198431040643,461.686432877467,492.5895083725
20187,2592.01,2646.92008381769,2798.97839959718,2269.93464870532,2424.5825325854,2231.5248734933,2220.83638231028
20192,2303.15,2782.79911758497,2120.62324884991,1881.2548317195,2255.6624538868,1841.3331796967,1793.22848476318
20203,1102.67,992.553185972307,965.266108635275,1047.51320201809,1234.49011147221,1018.9103331927,951.848537323586
20212,1723.47,1487.09310018377,1536.58384325761,1737.29856348903,1809.66716340768,1479.00883648635,1510.74077237049
20228,998.68,783.287005251513,881.882685927922,884.840426204899,975.29565736179,790.744848083885,1132.57398542215
20239,1564.38,1465.36292482923,1277.45107742114,1768.53778833718,1127.23478008036,1428.27708344834,959.776954700154
20253,554.46,477.63317359142,339.586415375033,450.558772626123,469.258045350932,289.039706195062,238.393861318424
20279,1606.54,1924.29181696393,1379.97067047075,1576.67890395939,1740.61005820216,2580.80647842486,1220.45404296492
20294,614.21,572.281250630824,593.309528534589,621.295940187366,619.543935210444,641.456068838872,566.227139499669
20296,3551.43,3353.58795539287,3082.58259804649,4632.09745032365,2919.59410893147,3037.00186113815,3051.33457143093
20301,1429.11,1520.40875934263,1430.68463878977,1194.6532215671,1391.51575612248,1379.06328433565,1601.65720054028
20322,1152.17,1637.17801935205,1361.24659990471,1591.34325190173,1675.46016863693,1535.8598104809,1125.25309348728
20323,2672.54,2159.84756486301,2158.00917711249,1945.63609572063,1979.87436666392,1964.13268313853,1691.06468800128
20329,1488.13,2124.7396665681,1941.23164764708,2430.23683636633,2062.98584925736,2267.5496961518,2511.42046844825
20330,1249.01,1440.82173960759,1395.71671000141,1502.54962037776,2139.22967629545,1557.6665283791,1352.80236855572
20345,1459.01,2248.88132831766,3353.21025511895,1894.93761319594,1959.28166219385,1818.22591329764,7364.76965987801
20355,914.78,1432.97696449652,1175.08231768706,1032.43368511383,1048.07633609772,1126.29002466792,1280.12953485694
20356,2779.39,2127.12362916674,2650.50841981638,2215.88430587554,2212.73023388193,2295.62026131836,2475.93234398306
20364,686.07,652.472320650897,646.177619264465,901.109357213656,800.822479754787,600.775523786069,784.228961931595
20374,1366.51,1245.31784521369,1567.37895276209,1269.42648843465,1252.9727856786,1081.38232027122,1661.91279909571
20390,2581.29,1436.47583539423,1186.31513886245,1370.31605866517,2241.56619262301,1242.9349839189,1022.90174889686
20396,824.72,846.414525963398,825.033161360335,917.027231748588,757.461021111041,706.02144138004,1064.61507531491
20399,1605.13,1513.46141308521,1332.0085980251,1265.50017541183,1300.49493256173,1426.77348551165,1251.50050769417
20420,959.6,887.883928163421,822.628221872923,978.414305530394,1008.53887416148,830.908221227834,893.863207992176
20436,945.08,930.354629983293,995.770971138663,1159.49518941785,859.775687897731,921.16225574151,809.391464567169
20444,1069.75,1010.6527389687,1027.77532462336,1019.57741981387,1198.47629025924,1091.17635100177,1238.35116693211
20446,1105.96,1033.98736595717,1210.84835850776,1197.4600833169,1132.33332042739,1055.36343078989,1183.80744133351
20487,1057.98,1152.06914258207,1229.25839979181,1088.88370866312,1080.78533129084,1321.441097549,966.145550276584
20502,1100.67,1085.84363500717,2996.2513530954,955.193133274425,931.202105616364,1031.77877838864,1198.3806906991
20507,551.08,419.084446890929,508.553482244698,431.572695245134,460.424210191583,401.938640901603,356.612888179097
20526,1084.08,460.477162739549,501.859323032384,497.025469015304,406.932644970166,413.110864149135,434.083438781886
20537,876.73,996.05094340997,1171.92892733757,1073.98801335685,1368.82882770985,951.107477718924,7873.81302129202
20549,624.71,650.812020096328,711.363651459118,801.479225139505,759.621930679418,797.909886405107,823.248791533897
20566,905.05,896.527774721843,741.902932314334,862.77192626235,844.337925327438,821.950838517281,1149.40356524885
20573,1165.74,1071.89963471423,1149.68896793946,1047.79762306643,1103.4897192186,1338.46789767636,1130.35606356828
20577,521.74,381.177441658482,240.106652823599,429.496322665945,513.389899707222,277.146937966072,524.783146080869
20593,1798.93,1631.88423522158,1474.29470778929,1451.94908793829,1392.29357644147,1538.37212067849,1491.4647645815
20599,449.87,505.947269359464,574.802829432617,518.019158232154,476.734271046137,462.819418221153,540.198700861902
20617,1153.6,944.07207103967,1053.76439303147,1304.27262980601,954.626626391898,888.789754493626,1110.601720097
20622,1144.98,1333.1389317223,1322.18351544324,1471.69094246442,1241.8738617224,1579.52239308372,1316.04800977875
20648,1920.38,1914.85083118468,2078.03259148205,3867.21263695934,1895.88201784484,2261.37752038473,1651.61014690801
20654,1239.11,2456.80591136226,1183.87532641942,1547.4108396489,1238.73995149138,3781.32303964044,1268.54481670721
20683,1256.74,903.065192771457,1330.04386623271,1461.8076999692,1434.577236359,2105.51482733663,844.132374828116
20715,1482.67,1523.88018598861,1509.04636456184,1510.87991770291,1588.97461537071,1551.52793231573,1470.336733503
20729,597.24,744.983953746993,686.683715554196,604.771387905714,735.593980732481,584.907784306534,1147.61441122956
20750,2679.55,2684.38041990385,2971.64442574182,3161.14805974065,2937.90101844673,2744.58490091081,2695.7236694074
20757,1241.33,1313.35589501055,1369.28586668476,1321.90372718461,1336.49029283247,1484.28696350733,1295.81810876459
20787,1020.95,1571.22924236445,1143.41918015668,1202.92778331571,2325.02455453328,1106.82897733292,1060.87301153472
20808,1718.6,1876.884182306,1799.67094466778,2377.9661098416,1849.93453380964,2088.94911408388,2044.32014069126
20820,1332.53,1775.55325037555,1354.41283656891,1368.54302910705,1332.00154799994,1451.62524517189,1655.05246390933
20821,2087.14,1725.43523913201,1792.11008756933,2197.34846261838,2028.79120285211,1692.00088215847,2472.35451075984
20861,875,950.959448677631,1081.33595010453,1029.06553057388,1009.20423824666,1212.77146406007,592.318414000604
20870,2252.11,2113.58470765534,2471.11961377982,4871.06460339128,2098.0950980716,2035.60529071524,4102.39604934557
20879,3718.53,4245.70337384266,3469.53950140451,3404.65094957152,3712.02344410158,3556.37132395979,3248.11954190329
20920,1632.51,1371.18758133381,1202.06053096137,1257.25202982058,1165.45836803698,1552.07276334592,1260.83607862329
20936,1101.07,971.395691338397,1414.94286235768,1703.26698545641,893.631406004999,924.576506067037,1484.41507172779
20948,1250.16,1560.32126757112,1591.67598501984,1474.23779623175,1387.07181599885,1374.12077734304,1190.32413139294
20960,1563.74,1392.08522056016,1253.16959126284,1330.15435117277,1296.43893629286,1213.17515806908,1863.04160380037
20971,1161.07,1085.23205372882,882.429578076896,824.009260790924,888.761943705489,980.122129970018,1026.33808822333
20972,465.32,770.336255746838,775.332059471183,746.817541273141,691.860820991634,1063.30512354401,589.226340207312
21014,3718.03,3468.71958485233,3390.26096650895,4102.09444464862,3702.65514970953,3489.64392715856,3894.92771449492
21020,1467.59,1082.76088475634,1586.25649620647,1255.28766319342,1395.67163220494,1305.46774946441,1185.15332643709
21022,1078.91,1216.60343954008,1010.41367084943,899.655933092262,1119.00191033674,987.237275241627,2346.74227765686
21024,2139.62,1850.27441550142,1982.68347490975,1964.09754212751,1744.94662072784,2194.7110517248,3078.36846502104
21039,881.97,849.95204773402,886.38251653029,959.174767136609,909.549635654461,825.934889663477,604.887715875324
21049,3199.4,3482.21804963609,3652.84924339325,3258.96925149617,3520.69969710352,3608.79982052902,2740.84208790153
21053,1564.31,1478.40945463593,2001.65419665887,1334.8134742776,1750.06045194071,2019.83140265718,1554.74610067964
21093,1352.33,1209.22202089149,1225.65605673655,4266.81379759852,1684.81133787021,1584.66212589027,1032.6531105365
21094,579.52,651.173054674549,716.136404984683,670.118564525622,801.764570340753,823.920059343903,526.348214310477
21107,963.76,758.439383249798,1027.23635113423,790.042191444598,1528.77960272153,1067.89316002154,1309.72856033062
21115,1244.85,1534.28915111138,1519.52946580229,1601.66783691251,1297.41121328314,1514.50652851664,1558.02696294411
21125,1094.45,1135.67726878891,1083.10701421403,824.993566202773,1008.56068133508,987.194285808866,746.906342766396
21128,255.13,170.496659377377,246.774312085776,422.071894631421,377.313335133004,154.299673222463,276.382608258507
21132,1740,1525.10833537007,1765.26509444543,1609.65245816406,1691.80298153168,1579.41380121989,2301.815745022
21173,788.02,743.144654366954,903.232925601363,1260.67868366669,962.505766860546,852.08547976535,1158.19283291731
21176,2154.78,1826.37337417509,1721.44679148916,14494.4483467827,2578.40488055185,1799.87981026611,1527.38534747285
21182,967.85,1074.02117441977,925.284750481635,1096.99038632349,1001.37103371816,868.435563015787,1153.34936246166
21192,2237.99,1604.59256198798,1749.00375120389,3063.48698345965,3318.4652985401,1896.55706863673,1976.60822051735
21194,1834.32,2192.57190406243,2762.13253877478,2530.38054463094,2738.9488168094,2498.88155266384,1885.27470179738
21195,935.06,1522.26179747378,1542.89299088692,894.364640586782,1239.22823711233,1111.90310373069,1146.7533203751
21239,1161.91,1982.10835909064,1823.79239837584,1890.08881024226,1746.89374167382,1336.43899508502,1305.70882015263
21245,926.27,1379.6229076671,1203.55123815859,2018.1164173295,1458.7230379514,1125.19086410872,1706.15210921212
21251,674.66,536.079969089825,494.572099184111,444.218485750274,535.941759487823,577.073128730234,511.365300938402
21259,862.53,882.543395736597,715.099626944753,1195.40922404766,522.593506280717,575.223574306874,727.725784938848
21262,1487.92,1524.01000302492,1282.12891132783,1201.28430157712,1430.72001579349,1527.20158467438,1407.24860206904
21275,311.61,248.837513631011,258.696332308281,242.27701377425,337.385212904892,242.465866867933,273.240661243861
21287,483.02,759.396828511609,420.958360641312,1659.40336173314,420.790719233815,364.617077715665,261.155542643833
21318,305.07,251.314320517066,196.400637524507,213.37748205082,486.542598098983,249.588770039607,192.879260487244
21322,1184.18,1287.31050187626,1241.18813560903,1632.00131583194,1199.65042873201,1296.74805990591,1134.40474507221
21333,956.9,953.661907000277,902.838940882694,1017.17982335179,926.133233926911,827.195295201843,1996.21600118477
21344,267.68,269.515299951747,442.944740765161,312.317289896143,232.524648326021,237.836226395619,242.356122694602
21354,756.78,801.638349437167,806.209846718018,822.191785910337,643.911810349531,732.277046727407,547.224172870751
21357,1012.54,1048.29752308941,994.501617725299,1186.54720789274,1006.77077431506,1048.58701646065,1204.22620884878
21373,304.48,321.787589807807,229.975367463127,544.660730862783,442.86980309956,538.655866516526,257.087503823885
21382,618.82,506.781341279054,476.438798343987,269.849985662973,439.274381515779,552.910481199056,370.392047877507
21417,2355.75,2454.06056118357,2675.92332652541,2461.00091361146,2399.60328220431,2553.31401473653,2748.95122669085
21427,1579.86,1966.19117037609,2076.42476889039,2519.11851432865,1777.01418456474,1723.30572697253,1631.17061204419
21460,1729.56,3182.58119222948,1474.54521243911,1819.55112182153,1847.24343941542,2171.92876122173,1523.97614607801
21464,3149.25,3686.79608454398,4497.34087120002,3817.69551785193,3911.31216286956,3899.39258047301,3072.37821847318
21466,1929.37,1913.3987419849,1753.32620671485,2025.05893942053,1919.11325629703,1786.86615772853,1900.90154039719
21470,736.12,872.284403915362,737.083633066752,1300.01457006584,981.870985203649,887.596350456177,880.452082791944
21487,978.62,1403.53094554277,1148.88945444111,2307.50586461452,1620.5811154561,1703.96904581417,2891.65192555632
21491,2087.56,2039.07544224798,2064.2174136898,1980.455787365,2118.68701630787,1999.13068499792,1770.17474862795
21492,1096.45,1533.53060789828,1124.54332109662,1334.50135784777,1038.82415187001,1973.89248360574,1429.8132121422
21494,899.43,1043.28100249246,1059.35636606527,1293.36650652497,1029.54249402566,989.449340354403,1043.33980651845
21506,1960.33,1647.09391913133,1611.12616074362,2135.766713929,1590.75267573526,1610.34451188586,2526.59730971235
21535,763.84,870.024182798608,645.90658386007,665.580793978449,563.630324704742,567.618883629124,701.477543671659
21540,1579.62,1318.35280909862,1571.1632551058,1189.97339240782,1611.62204695918,1660.37695108074,1280.31731458119
21557,1714.11,2001.52247190179,1798.3266068904,2031.35597725139,1446.61451442092,1700.30045858539,4692.42099462656
21564,2086.94,2052.35081923014,1733.48897450344,2035.09422946614,2194.40849538617,2614.5480839233,1478.91887873504
21579,1177.72,979.373459389496,1237.84828566066,1232.85675324648,1047.15656787631,1119.19687949205,1062.75529340844
21584,1564.8,1249.00887217359,934.86698783564,905.682691572786,1183.00177877956,1585.56141381146,1539.62022756688
21599,1202.38,996.865235155596,1200.44314562255,1058.26089097982,1250.92500924579,1285.86419904676,1402.87965887364
21609,674.96,711.70273169385,796.205387672419,713.243437546014,609.006542171629,697.616864544115,750.422312180661
21612,888.3,1214.47712565161,986.139715222923,828.86267523553,1046.75408261992,1102.1116640595,754.357838931208
21622,1004.13,1284.18887146614,1102.47498154034,1009.65109234217,933.780503793949,1091.57474364363,1003.97578711807
21639,952.34,788.817574980677,759.489705493053,759.982704083803,906.055787510627,1064.70842511663,1633.29816455571
21647,1203.61,1168.56614043093,1552.71002425706,1276.97005506008,1514.28875120053,1113.37453658438,1504.36644130902
21653,777.47,513.964620485432,442.837829793478,537.88433578738,449.581851739558,307.505963720521,356.171481334655
21660,670.38,615.986251138025,515.99956695139,511.813419163503,655.606129637103,615.913946606725,504.907093634047
21685,985.38,1110.17731203358,1004.3543915783,1022.04021635188,960.255957194373,1366.60231499907,919.177089221723
21708,555.31,625.796418582163,418.373320261217,507.900806281304,348.223589397606,484.195927967424,501.272649102386
21716,1860.1,1888.27625835929,1933.69888772738,2187.73319255774,1796.69066725889,1817.89666650826,1906.40376729418
21732,1873.3,2200.364482915,1697.70942201041,1521.63658520689,1952.72382754552,1572.7817619683,2987.31321980863
21733,2859.51,2217.27064205936,2212.51425909261,2014.33686996787,2453.44129756542,2954.34117500751,2674.74711375195
21764,2566.68,3178.36889457613,2341.74262703076,2574.02857750797,2131.9379456144,3326.57134091162,4112.29225875961
21802,1343.84,1507.4854092304,1646.52829265259,1268.78577727878,1372.38967500271,1581.78248123496,1339.75030155585
21808,1996.9,1471.38502313809,1575.53677694752,1582.57560216219,1790.58940311667,1661.22200672754,1417.36001725721
21832,828.66,1092.01454372195,814.729677670009,2480.98417855549,743.003302906728,892.46438827726,696.45154248423
21854,1792.64,2055.18834570263,2336.72033801769,1702.18190818115,2313.28193417328,2493.90874711409,1896.8012219726
21866,1900.12,1772.79848405578,2946.83248523368,1836.86349045949,1866.15240284658,1950.79775117466,2034.94002033699
21888,545.9,677.850222177662,602.712849070141,624.885978675657,555.949821729008,594.740950649017,588.823241269863
21894,501.95,465.631621551247,480.06466222548,370.718784854792,419.787260909022,284.961634181586,604.853795787053
21901,1569.87,1468.55239745737,1828.28113556373,1590.06161775876,2480.03271500811,1560.00843886805,1807.72221999275
21912,888.23,1010.36037534214,907.930475120566,1014.88276043021,1066.85205225302,879.665435859157,1019.93900264965
21916,1345.16,1264.53612226055,1196.4229411288,1177.33382396539,1866.91545720822,1364.3831203121,3029.14742714145
21923,326.88,341.241135828186,411.5839793233,380.976563424137,314.611849894953,404.214994638521,432.972213697633
21925,566.42,701.853695529046,761.194724190093,831.477718696522,658.25802516664,815.577727865249,638.699079283027
21936,1553.14,2151.49208402855,2098.5075158654,3795.5765672507,1860.84915723182,1887.41128090793,2515.51580589388
21945,1824.01,2217.63027519651,1531.15411048172,1861.06410994266,1694.2256174061,2078.57310252802,1430.01900435268
21951,1920.92,2064.09520803355,2637.6583366236,1773.38358911028,2499.52102168261,2113.65849123119,1952.16286939322
21956,1583.05,1738.23090661824,1643.23688397382,1709.67106367617,2093.97896462571,1531.00592206831,1722.64641477208
21970,434.03,510.714510725869,360.157772061986,627.841171419185,478.702938285747,373.927088923403,363.029796211082
21983,3262.94,2864.58936898905,4434.15564717493,2973.43795031624,3451.87378703148,2995.98126563317,2456.91480333499
21986,1188.85,1235.41691901956,1167.7956063599,1356.06668522545,1715.74527864482,1188.4241709434,2938.34808328586
21998,1025.26,938.719229259656,1087.36925905797,1217.34873500793,1001.87897439213,891.65152196612,805.030070985811
22035,180.04,172.955068103958,174.137088748018,177.115058640344,183.373710708726,174.722749147109,170.560871357085
22056,746.08,831.952421600606,766.85375174421,723.446983101393,904.730908187778,792.592980952105,1227.77768353229
22061,1084.64,923.601072305555,971.992643817677,813.383287115094,1153.89573016794,1049.4584223448,927.797926205717
22069,851.13,894.916282147922,872.523010839167,894.654719931157,976.677826078252,932.298666994635,835.856908265934
22091,630.65,556.366227856706,706.474031522996,619.189748458703,633.618761541503,714.655689067172,609.159990184968
22093,1739.67,1666.96065936168,1703.42813265446,1687.23420630845,1716.77490527184,1718.66200993871,1847.65764062422
22096,675.39,780.638960365087,709.460654784389,795.821319989848,712.247775141706,686.150379960136,820.926519534177
22106,1029.94,1275.601829421,1060.64373759301,1004.60492987012,1193.0799615419,1223.47312459342,1147.07118540917
22128,1000.35,950.076421147688,921.455738966978,1774.0833450465,800.067050215513,941.499370122574,798.869118950126
22130,606.47,492.18589094028,517.315125672972,490.302464840514,474.637762980252,503.958967056159,534.439754947474
22138,680.5,637.251945027126,661.432226370648,754.740590450033,643.814867124083,888.678810557588,925.314909569095
22139,1607.6,1091.07485255113,1164.74317732927,1245.16485663582,1200.97654342216,1288.4773653208,1263.9264946453
22142,112.74,355.806943646743,186.873862511227,104.913424873408,154.713816727285,250.964722711054,389.189084842521
22157,1910.68,1866.29279901947,1642.25987930084,1927.2776618834,1689.89051230128,1897.7220304223,2035.51825430068
22163,920.41,812.478036510925,880.159387984189,1925.90854300936,748.931568711536,900.293325490426,1263.26248103803
22177,1027.04,1165.61773301312,1266.97021908029,1219.37361136362,1178.80117084377,1359.01518094395,1521.97291673367
22183,1392.12,1227.16721133186,966.77277124,1121.54893027678,1093.40168829113,1586.99565758336,973.935439533836
22204,1628.81,1451.12650643504,1664.95281056155,957.587934162717,1379.23934473722,2345.48325103992,1731.25363865588
22236,1192.73,1421.52041188113,1503.32264511763,1230.53070605311,1135.37949777824,1192.13135336842,1275.25935037794
22239,1508.13,1533.53084194089,1726.41028720514,1954.15535235305,1484.20414972535,1490.86011683163,1331.10153374302
22259,706.53,553.069499455529,659.026577047587,943.657961918058,740.759255892253,512.386646298436,550.171574670029
22272,1636.58,1656.23889489202,1697.27413967068,2417.28637094169,1740.22081370099,1565.05701843913,1336.68500684959
22273,647.32,631.774650489499,740.522742651689,695.370909440426,730.652824842038,587.764627770792,852.53554063732
22275,1581.77,1092.33896762668,1120.09690844467,1495.66689525114,1030.69374426222,1111.04205865051,958.449125646897
22284,661.45,530.218111424588,548.979232389756,1010.63713314371,545.084305185677,536.152004817877,536.854257826164
22294,1278.94,1219.23840782116,1072.67731589662,1752.66025383603,1168.1010999369,948.47786328235,1639.93563786491
22315,1217.54,1036.09262494532,1365.29858350363,1444.52536698978,1068.71292871785,1158.97230544393,1310.4404974037
22319,907.5,868.674991811495,870.569786912052,889.584917054052,776.718429840472,920.216402462703,891.807122701855
22343,1347.03,1440.28266397506,1613.1970648186,1688.67415618296,1065.52259539298,2101.85169684499,1561.60339721275
22367,594.74,795.738286404517,516.27306313351,437.7819235049,515.362307250959,533.316385400337,484.885738102128
22376,1307.98,837.820541103959,855.670433483823,922.810074740323,942.288651024247,867.806588398279,1553.61200172962
22380,223.08,216.270181909124,242.241507437013,247.12544475976,214.08796847617,219.96886022605,278.321388424692
22381,893.75,789.324318642091,1307.10059680668,1231.55939795666,678.426028161363,1037.24867157899,1078.50322937716
22391,1226.45,1382.64379444335,1555.07593578278,1387.7167872724,1281.85402162106,1442.06268544902,2328.29615289174
22395,1669.66,1691.62996022471,1399.17113334943,2398.39086842558,1523.41274022849,1516.01081033819,1932.23679990332
22410,582.34,569.040240885116,623.781307912729,566.136784233171,683.777275450947,580.886096310191,474.385930502194
22450,915.25,1071.59720802289,1416.43732247969,957.704775560101,1066.30155260902,1413.01066988817,1170.20425462606
22455,1379.94,1236.07335422163,1669.082576001,1865.82613839068,1100.33755741177,936.033597325883,1127.61725475673
22470,597.61,679.747370303965,852.90869168063,857.834292332643,757.929465351952,764.20582200454,784.791741599689
22471,182.79,172.427830170815,166.348213167564,322.411593392205,258.401087783962,164.737319623941,158.46376930078
22476,3236,2387.97422273883,2485.79926701389,5246.93749476692,2815.66323273825,2257.21494258188,2238.81336490896
22491,648.32,566.471093510653,573.928037085096,547.821640947654,573.259898808626,562.592781732737,612.29381721858
22496,1052.75,777.476830595984,976.609294169717,806.601735921445,910.416742741523,743.888690443498,758.570883883141
22506,2324.08,1932.79730530994,2396.32158545495,1989.16116231445,2166.01323599723,2083.00123747313,7086.79640800964
22516,2314.37,1494.16375957851,1663.56487091308,1688.96802865821,1529.67028473633,1528.77340393788,1584.55568645596
22517,1552.98,1145.99868038747,1207.15071615251,1705.6438180025,1349.9235465875,1526.41887159331,1182.74903593671
22518,604.37,705.331953116982,634.133592942873,845.14933376097,729.960388463215,686.149124807701,786.48860784736
22526,883.6,1157.75743163788,1777.79869361478,1176.94732211851,1042.40270442675,1222.35189847313,1156.62381015159
22529,585.59,588.487431874375,583.674093230073,813.807133529041,639.05963561001,620.687063461911,634.899957634144
22530,1320.96,1508.83472381834,1271.46203980307,1331.94530315325,1340.38224249904,1481.25922044152,1370.36219207322
22539,1790.04,1217.20926935869,1738.69125637704,1430.65140083589,1503.60917510612,1657.84337639936,1485.71590116642
22541,2820.23,2335.73927198066,2637.97592824226,2598.8799648258,2704.88046382876,2623.14952043021,3756.46389248309
22556,1048.55,897.240837793276,1085.24400115564,1047.08978447095,1272.42992801477,1096.48086878532,1068.67349807196
22559,941.8,1289.83431130871,1156.94670387528,918.503259326564,1206.992260173,869.297561823036,4294.81163057371
22561,1387.31,1031.43723365779,995.902837002178,1130.10366969375,1177.73505482266,952.815571005532,954.063040674801
22574,1411.37,910.789683677455,804.113305134263,1368.32866957065,892.689006524663,962.58419405616,906.898627832913
22577,1239.12,1063.95368040178,1155.77769920327,1501.79996841771,916.073254409254,959.353540041421,338.404798896612
22586,1799.73,1799.62623082079,1912.02834472205,1567.85669562408,1057.85128529645,1929.59637602024,1209.36109890865
22587,409.67,242.453555335736,568.723710136224,361.468130057202,319.436327312422,237.126384169624,261.317363780551
22599,719.02,793.561020417709,957.087129828588,785.04417674678,862.617012369284,816.118511048883,809.396773997589
22604,1926.59,1841.86080723278,1824.52034171331,1902.52553593695,1988.08753648581,1963.67315212464,2190.56357511608
22606,213.81,156.921331410386,135.646963942724,147.822437663324,171.248320434717,207.507580004019,152.126051597318
22616,628.04,792.657180560006,811.034344184242,876.178411335519,769.484573730696,481.76758896198,727.363406739674
22617,1145.21,1167.90287158721,1402.03853428344,1217.87938397219,1006.26581205619,1129.41840604435,1339.93217191224
22618,4044.24,3863.95351614135,3201.16009528733,3755.10320195616,3828.72275528086,3600.647816958,3812.3597148845
22669,908.73,808.104554038344,790.412782750147,809.528845054449,1051.88138504114,849.740045349354,867.319849423616
22689,1161.31,1323.22641797285,1230.65093944835,1177.9104350773,1087.8507177969,1017.90187119835,1206.75469341263
22693,327.87,331.563786503117,267.639781941564,340.638796247276,304.690447603341,281.984817107835,301.260962898945
22721,862.31,1007.05988984491,1068.76646266572,890.55031797213,1105.18280738539,1251.94007088839,930.168024234763
22736,707.69,802.285823010917,1002.38292183784,1190.18509929979,892.797659179636,738.502770541261,876.888983803529
22737,978.74,1376.84575236747,1325.89925098715,1289.14391010152,1083.22486678752,964.761455263872,1066.03548792765
22754,317.13,211.377353927651,260.481695623553,163.485970772985,314.900383569773,298.704570635948,277.814342089339
22769,1012.86,1202.51549981063,1129.93687831288,1304.91130565161,995.828441478925,1171.19664438698,1019.70194906086
22774,559.76,486.488909534939,546.940365190084,430.264937551702,447.921597240907,618.735998622431,544.100702448953
22793,548.3,511.407143802908,571.273305073002,610.733822533892,543.120251632315,640.003367796563,603.306143508504
22819,523.94,906.810894644805,764.670714267316,556.183101874613,584.789948180593,546.514616878177,501.269380339306
22824,280.12,353.490868749457,241.002200172204,422.599340657133,767.518437778935,342.429316239794,179.822317260281
22826,1000.19,671.502904648078,998.556889938875,2596.03807082298,613.908118644529,851.062325763847,852.187589050732
22833,955.79,1006.0664460264,1083.29100811981,1052.12355399372,971.88380356563,1417.69215148504,879.757931763654
22836,1259.36,1075.46247645407,1181.31410767339,1222.62454136612,1328.41782359803,1192.27246035193,1218.21262209005
22845,1664.25,2464.28193262358,2097.52585242802,1982.27835781786,2028.64404426486,1898.80886838161,1666.97049937731
22847,2944.89,2852.56664687525,2728.8168319778,2704.44473784948,2833.82006084537,2491.21839979132,2602.06729609774
22848,916.72,982.789361874478,1045.4595916386,942.84839472093,814.34851924532,890.952626012109,3137.68236129962
22855,854.6,824.294456152112,716.311245581031,695.664515510515,906.780679896313,688.288265087485,942.28405175231
22866,1482.65,1959.88786451136,1425.92752822649,1800.27325704662,1379.81018990618,1489.39420135048,1456.793861784
22890,202.69,128.003558543105,127.820601320975,250.321797600685,166.251669039863,174.882505947765,113.90112523834
22891,662.89,848.940599372083,428.828957635199,649.17257238785,253.059417670174,549.459002334701,613.802192789286
22900,1023.66,649.253128843013,710.434994533683,839.940001812536,862.046765074071,728.255168064172,716.035375790143
22902,925.58,875.796886883585,893.158315296392,465.076171889801,688.731371368637,804.441645780102,536.184383057664
22923,1321.7,1473.5047485433,1418.57076757672,1457.49191545596,1407.68957910056,1297.84377060259,1299.14598115691
22928,1799.65,1463.38769264071,1778.07450963366,1317.64103825314,1869.13419865746,1316.96323904207,1611.00427463988
22933,169.91,193.469261701635,198.728253538953,183.018121260838,159.046874811616,207.870151816635,180.65582333101
22942,1551.12,1155.75573314215,1577.90794186492,1948.0034745329,1631.88553770052,1963.10228473713,1509.27966091292
22960,1162.58,941.632215886647,1135.34831671119,892.902145746652,1283.5128733847,827.608377280286,720.01880753695
22963,261.11,261.930698265464,254.916863257998,272.164848172204,290.795835942458,276.218731219374,604.683765924896
22965,2462.48,1374.29038126693,1910.89561687603,2773.50311598912,1612.93512081924,1179.21761142298,7386.36860271531
23016,249.32,134.405397565123,323.648256026873,232.799811310284,186.596076908895,186.861153073566,171.211236664922
23037,326.53,348.742498712244,290.742817834601,382.306068334933,329.241777502025,777.153697385135,348.018260399845
23046,1261.32,1035.14983529112,1072.27897774043,1076.65498832236,1128.75877814565,1049.7354804167,1059.67298420643
23050,297.18,314.195262018347,603.913606082395,266.951734030115,381.895470889375,601.538167572576,241.492032619008
