tripID,realized_secs,independent_secs,first_secs,second_secs,full_secs,population_secs
23,937.61,1069.0339431085,1066.16648935222,1064.37364903027,1065.49452994163,919.733264234346
35,992.08,1123.70769274073,1127.19891232651,1135.59973257615,1121.94207579159,907.729407800636
38,806.76,902.032831453699,902.645179891052,903.954235018217,901.185900431654,809.753096480909
41,1029.3,1160.62714648977,1160.96152272746,1159.34190530391,1162.97764381846,1137.33623897147
51,953.47,1001.53208689459,998.405567114056,998.861794878967,995.600598371854,1044.21725508006
57,938.76,766.174033790053,772.167175866685,768.623128654029,771.070992810127,898.817559407364
68,818.2,922.839802915975,922.20903442181,925.907641495508,918.614846497351,858.448736980616
80,1725.8,2114.14929667572,2158.40831910128,2086.56617109884,2070.21639229729,1986.65508450597
86,363.82,311.859169493141,309.339909150265,310.288595650681,311.089418859193,381.357211595329
87,1175.13,1126.87879620716,1125.82923232844,1126.37563682248,1125.10364761954,1124.49832818765
95,772.95,822.88515866742,835.354387445064,835.441556599747,836.084160047671,888.725066251128
111,1687.53,1783.1257012648,1764.85745299954,1793.59659472417,1792.80994351929,1984.68156811047
118,1702.16,1491.79865369414,1489.44230556246,1495.68734458686,1488.11675912481,1799.86811703572
120,1881.26,1998.91755278674,2001.68071995769,1999.74859832019,2002.50238791253,1735.12534680954
131,1240.55,1616.65852235559,1622.10351094441,1618.58491213032,1610.37820142818,1542.67749634369
133,1046.51,1645.04850570585,1670.57376179808,1652.08280957534,1648.47029254339,1057.7726407985
137,1920.1,2314.80125019298,2312.5580197909,2301.49779725981,2312.44855757334,1945.97970603532
138,984.440000000001,1219.02670646795,1220.77102543196,1221.67968837822,1221.96317312413,1015.93366877603
141,1160.08,1608.58836268461,1618.13543833682,1633.44376829843,1618.90520272788,1234.38275844327
158,1667.63,1962.27455779744,1959.48548296011,1956.78053546246,1960.67238215828,1400.67300855943
164,3419.24,2715.60624882876,2735.44876178153,2748.21785538885,2730.66116857688,3721.86088329408
174,1083.08,1210.41090317983,1209.3890419857,1219.14384931074,1216.68790112267,1099.4489612021
181,1309.61,1295.46357994835,1296.04453935358,1290.80471427414,1289.01658319941,1447.46898225045
192,2542.4,3033.74387286463,3029.10252364604,3018.60487807692,3044.13395068024,2461.5880865799
202,1020.34,1051.40520289576,1047.57576996518,1048.54847198509,1047.36668797756,991.567197104902
207,897.61,482.962834758535,479.151590935135,482.641431696805,462.593972781925,163.798001005199
208,1657.34,1642.8743726388,1651.32844321946,1655.56778299433,1644.35808975493,1710.97045374246
210,737.07,760.46114892083,751.642915271905,758.239894770555,739.660504388834,753.79741975971
214,2179.32,1945.95443555295,1948.23330977928,1960.59880812046,1945.69658548066,2219.23338808449
216,2819.64,2134.02465463252,2135.97823095422,2148.33797928352,2150.19645967098,3195.38754954021
225,801.49,690.874931220979,681.639261763506,695.352199318113,687.516152663276,869.739622561887
250,1868.25,1904.19836565099,1903.57115216373,1901.98114358284,1887.36572585036,1924.53895209419
256,2502.34,2015.89495175918,2004.831355239,2008.3856037775,2014.54828432948,2608.08961132883
258,2814.13,1792.49659354324,1791.24371820895,1794.70652709075,1804.74093127363,3210.03135435389
263,644.88,690.175556871935,683.212662968352,685.539187001714,688.843712293356,820.603863536795
265,1512,1174.53606224042,1164.32722345359,1167.9264257373,1164.13887177054,1449.7662338926
284,1296.68,1099.71390664769,1103.04792140635,1090.54605805321,1096.97966499479,1143.79072341031
296,365.31,504.082857936601,494.00908281455,486.972340688398,490.981870789633,379.046561964106
298,1883.47,1755.04870769842,1747.04051863097,1748.87329105792,1751.82717132599,1955.47340711321
312,1527.04,1248.14537132487,1251.16187328982,1251.231605133,1256.89356345195,1189.07711973513
347,2112.27,1881.40129133721,1861.47067565369,1876.99130153217,1876.50603124705,1742.74986735497
350,976.28,984.696863800103,965.942231423313,966.889569640004,1089.54939068861,1089.80939392132
352,1721.93,1812.33761148911,1799.0892072419,1818.11974060711,1803.09429830238,1541.41792341074
377,2090.93,2182.85871371551,2178.5564531719,2154.01840318692,2188.64891117368,2290.77318008346
378,984.35,840.067552189258,839.901951502281,837.511189966372,839.19287986568,1017.69430159426
383,1393.07,1408.63907656282,1410.38871174122,1403.59368054493,1412.12683190785,1319.33677787869
385,510.21,546.839197846768,547.037376258431,545.524870776705,543.957530292336,563.824897108752
417,2892.39,2517.25877361105,2529.81200505404,2539.41738892507,2530.07425503616,2527.80066493754
447,1282.73,1040.17223656271,1040.76427677912,1037.03593563379,1044.6355437033,1153.81874950448
473,2041.98,1950.68093310332,1948.82604518146,1933.79288374656,1953.22034692261,1400.45152621751
474,1594.2,1616.0589141743,1615.36878370919,1609.6314638121,1615.72209680981,1840.8241269033
479,2873.09,2409.19210476689,2412.08563855169,2411.67681947823,2421.57619460554,2904.98975759071
485,2600.58,2355.42255459094,2359.28676550436,2348.54146783283,2338.70239115037,2393.29214775177
509,2293.76,1925.36657845806,1923.92857531504,1925.17285227496,1925.5868964247,2063.0545676651
517,1101.56,1156.15624825509,1159.22429192985,1153.50222990984,1158.76507015061,961.317571468511
520,1859.55,1754.79901907643,1772.46199094646,1762.32465034482,1744.65135492684,1939.0435388749
546,1820.77,2015.70393623229,2004.65816367069,2045.74484133014,2045.38159596181,1758.98793397804
561,1412.33,1423.93722669083,1411.9084491355,1414.35513672897,1426.54510978765,1568.74978454897
570,1728.65,1555.31469448726,1555.80863076251,1555.04718377893,1543.27174202859,2404.27343833333
577,2330.02,1882.78914167513,1886.26396663805,1889.70687495571,1885.20189918879,2050.73722391552
585,1667.09,1457.05104745972,1453.24491870973,1455.27971672958,1447.64557780703,1923.98114056659
600,2490.63,2353.03628006696,2350.5653029279,2372.34596907001,2368.16214326736,3195.5808443863
606,1791.9,1755.26229749943,1756.15540447803,1758.73255448976,1756.35228192055,1147.55209936058
618,1285.56,1078.85626026879,1088.08405183344,1080.19064090462,1088.21624198823,1055.9130108245
623,1308.32,1061.04823773492,1043.80081818502,1050.50394000397,1032.75797209836,1082.98305678027
625,1624.2,1676.84372845582,1684.35592840331,1679.85592519808,1679.01329848351,1850.02845643231
629,1431.04,1566.73597560179,1566.58839808518,1556.81527995267,1580.90238589797,1434.21194948169
633,1427.34,1266.40400704341,1267.6898406488,1266.61660521448,1268.88714690984,1361.49164140622
645,2086.78,1584.2284504146,1590.82270562297,1589.39215951073,1599.56410529095,2210.98247947833
661,1154.28,1034.23486853994,1032.18911056519,1047.28579046109,1044.16746263905,1442.89631693897
674,2473.45,2290.83573306048,2287.39376989665,2307.12398417799,2287.541179957,1970.56942267175
700,1128.23,1008.29676664994,1015.79773179839,1020.11322968773,1011.8545377412,1136.02876922523
704,1674.59,1387.07187971717,1414.30819660878,1411.83860733177,1392.83226089181,2282.81159501088
760,662.27,856.695826398095,844.972178308335,859.257851555143,850.624363921862,657.032194719853
763,2085.15,1817.72664959067,1801.02296953391,1812.32477909118,1813.681574536,2214.58916243764
772,1504.75,1713.09287145084,1710.3678061104,1716.70512631513,1728.06138651579,1277.02708027186
786,777.92,601.413605419124,601.942519420572,599.270749505588,609.367535461713,788.89922604819
790,1238.07,1360.04919158662,1331.81841445279,1343.93405644698,1330.3576666166,1510.10170286894
793,1574.94,1554.2667231879,1562.29750018997,1561.77805539858,1556.97928423595,1627.48092645077
801,573.32,739.393692569337,731.075197227917,669.18427706485,642.547472161224,641.865724353674
811,1320.96,1239.14436050127,1231.80299658238,1237.51805887616,1240.14075393524,1284.48198972149
816,1262.46,1386.58753094294,1391.47479225753,1384.25958181141,1387.97725908537,1592.49127504794
827,276.4,374.03495584617,390.822168091365,382.660449696063,388.583858507125,213.850997154481
845,1621.26,1573.7688210271,1554.65387362633,1573.6153801355,1572.59979955046,2273.49501029897
854,1951.03,1852.22927932888,1847.66574026303,1845.48841802792,1843.93209563818,1812.00869728705
861,1975.66,2210.85018239209,2223.49447281771,2215.68632121154,2226.11165798479,2108.92650611933
866,1502.28,1700.00558657178,1706.71581893082,1693.98334020307,1698.89979740033,1305.11848143988
902,705.89,890.572256574562,887.800926018409,885.655320102324,879.287502614127,479.278446995027
930,113.21,189.297359861065,191.346441735881,192.26917633676,185.663875942166,84.8380697834423
934,3249.15,1895.97337395931,1898.8278534519,1900.04587733344,1902.42354503201,3171.72250078663
936,1448.47,1845.99904450119,1817.12157658141,1830.21467052876,1824.05418868195,1575.73458112593
946,1134.94,1421.46077815595,1416.76566040768,1437.22849267877,1446.03874670912,1699.48864249241
957,748.45,828.270913707583,857.873540885857,829.771131023398,836.758755695101,735.076109476472
959,615.11,658.602915056591,655.169529203568,655.738756395027,653.950505121223,610.832473339321
971,584.58,677.817582903821,685.156266000247,670.805559501166,680.33809974871,308.031405530686
981,1855.74,1945.41112590656,1942.55607742832,1947.36291507776,1944.09195988582,1800.60954898165
995,1702.54,1723.00394319037,1745.41781541406,1761.17626615843,1748.27020425682,1576.5401157481
1003,3970.5,3458.03840173791,3462.54406257851,3465.84882850368,3474.57444390551,3872.30392569543
1006,1883.02,1835.58092057486,1844.75187540829,1847.71342111703,1833.28006418808,1781.16851627333
1017,2317.36,2217.16562839376,2212.91752683362,2206.42501899181,2208.96602960767,2334.68847655584
1041,1695.07,1689.24651879687,1700.93261104725,1691.73281338868,1697.45414955608,1756.4172029286
1046,1291.53,1066.05578165919,1073.0963152323,1089.0691389367,1084.05573467494,1395.44077373007
1047,700.35,752.560196269442,766.355415849143,765.603940750813,750.850328133178,669.026794742837
1073,1071.59,1244.38703974339,1234.97976614689,1247.92565639607,1232.12223175527,1187.51459335979
1078,641.99,559.043289544859,562.130059557253,563.975816129096,562.018437672185,495.06427814672
1083,969.55,936.47898901945,941.854133300547,942.256572791519,938.801441607376,1070.88895088419
1086,519.28,486.001445360301,487.894331101751,484.129015257373,492.270945655673,497.083473155709
1100,1889.87,2612.24378420845,2607.27677766323,2594.67687250043,2612.47365231085,1940.14767896857
1106,1017.69,1450.38976474032,1458.08273653719,1462.43305597198,1462.93004765074,1042.96970296265
1111,2216.29,2797.90615307391,2794.05266632852,2793.70430451934,2785.99558728666,2168.58438129836
1113,1223.26,1584.23451591732,1579.29979659253,1570.77038639224,1584.32308588617,1170.99011809984
1131,1879.34,2111.72934414494,2115.10051255795,2116.28717757396,2105.67370851039,2002.96703675846
1172,410.97,454.455776121227,438.577010979081,431.770965331344,450.080012903201,515.168702497352
1186,1549.79,1758.94193860625,1752.58663336161,1749.28024194271,1749.05881800052,1771.64011274905
1206,894.13,1722.02247512862,1717.19464202113,1563.39670822188,1610.06767780688,1429.41515800709
1235,1979.05,1933.75268745608,1913.12558982103,1920.80294178821,1910.07161837329,2274.88417385656
1239,1708,1165.54835829709,1165.39016676334,1164.68900168661,1178.72955122209,1939.86420960808
1241,1042.51,983.076398206738,984.515947275154,983.240497610682,986.977918229368,1281.75434254647
1258,1613.44,1968.92648969062,1964.65588473719,1966.30294574634,1961.63360009371,1666.80716300412
1296,1445.7,1397.27582282325,1383.72596508787,1394.58776013646,1410.95439053788,1457.01815818481
1303,3017.11,3008.16169480162,3000.88527881798,3009.64089278269,2998.04204694667,3275.8852859685
1315,692.5,685.086541607393,694.61224213482,682.493790687517,686.042957277929,669.279141865165
1321,2481.38,2150.29892948104,2182.9493809533,2150.81049173793,2173.24674751122,2783.51019064165
1322,1333.83,1190.09544104931,1187.78231840309,1187.77569802486,1184.72698514673,1572.26919128324
1329,916.89,1090.05434662928,1093.37363726039,1084.9386182059,1091.24607392525,850.810763657597
1336,859.35,1085.40258293061,1088.59002886509,1082.84503851347,1087.14015579611,833.302698695019
1343,1499.77,1328.18630831254,1331.78959087842,1352.00689591486,1323.61450100719,1693.02607595341
1379,1110.41,956.418833988535,969.081277897678,959.314038613657,966.384253406475,901.184736530387
1382,2534.8,2174.31405287817,2195.46095070974,2199.16764336713,2199.87454282502,2545.12034919077
1390,2461.82,2056.30521911461,2040.68779394608,2044.25284609535,2033.9994555679,1150.91276026735
1398,2327.63,1543.65163076062,1557.70763369997,1555.0414416073,1520.76709045613,2388.5963219826
1399,1333.03,1205.51319254853,1204.70657349168,1205.96625946263,1210.54596806919,1087.37723960441
1411,1352.4,1306.95287491102,1314.08161555576,1309.47326014588,1311.19351023437,1407.7599055121
1438,990.93,899.747002045417,881.127524250299,878.029803639283,877.352304802196,840.096340868862
1455,1666.96,1357.0141782943,1363.55243991887,1348.47870400896,1341.0680166114,1432.93019211823
1456,745.96,826.548455664191,817.700466609922,816.29786156074,815.982968916039,699.573539000047
1462,1940.61,1758.66269526115,1745.86728151139,1750.52315384993,1767.60797675692,1515.71282539921
1469,765.33,825.324831187036,822.65222201444,823.308747585228,818.03755841427,969.48946807773
1482,158.83,168.406287195881,166.432193328808,166.660675437938,165.06886079535,94.0799660673882
1485,1643.9,1671.10806101349,1677.70424702027,1682.2244718332,1700.94718125867,1624.64859840971
1508,1058.29,1090.95460100354,1066.88909285687,1061.54267373234,1073.37288859511,803.513885161702
1521,1289.1,1649.55621038699,1637.76225151971,1651.75947320992,1643.59978647202,1085.01543726131
1524,1438.94,1389.50015912991,1392.36466353642,1399.00639875548,1392.27526704575,1380.14787044764
1525,2794.87,1899.29087961763,1918.08840127261,1919.12191998624,1930.6775061897,2936.26811905127
1527,2339.7,2049.44088949136,2032.8376570097,2060.1095187278,2034.62064892518,2702.17106082063
1546,1425.86,1513.39351986457,1525.48976582827,1489.80059885543,1511.7093691705,1250.66213608338
1552,1502.33,1740.80206621026,1735.42625971892,1735.57938297417,1770.1671517476,1620.97956015678
1560,1066.13,1073.43522784847,1087.81937577689,1073.45523738845,1070.22618782143,1366.28538412691
1617,1240.24,1246.98341569722,1241.75863819846,1259.01372616071,1254.82850836214,1156.72846668209
1622,1530.54,1751.00890113664,1743.6539093994,1747.33592965815,1736.43952626844,1469.04018549271
1628,694.29,837.44750001303,834.807811393485,840.121876563835,831.576499620622,655.63782604348
1651,1689.68,1668.8895741078,1679.18876632896,1672.5997923571,1671.1707845965,1620.73804161518
1664,1910.14,1732.74751641141,1724.90575273008,1721.34968681866,1726.77475456001,1910.11546983087
1666,768.13,1049.39441420047,1041.42295726416,1039.53189066456,1035.21782823362,993.153799932277
1684,1571.04,1219.7281039501,1212.60111671038,1197.67964956894,1223.15834717183,1761.00028747872
1685,1111.02,742.582790595906,745.746831566055,751.855585631128,739.55475741322,1020.18602074112
1686,2465.47,1752.76980115902,1797.86712808429,1776.6146018294,1779.62096434256,2296.69695345584
1695,760.97,744.563287900308,746.294298400515,747.855717680213,745.823820071556,603.456976131333
1705,1817.5,1153.27519318052,1160.9357859317,1159.3651090701,1153.91657619208,1613.89326022925
1710,1674.04,1806.15547834252,1805.46320727485,1809.49751867242,1802.34176841461,1828.10536503584
1713,537.68,546.138167584886,544.055934387899,546.653950746854,540.15588226226,633.21909799985
1725,1301.98,1618.89552387749,1639.56289001973,1632.0883817899,1652.15754165675,1207.28002811152
1728,263.94,223.448088059686,223.373984431363,223.046000994467,217.706909331012,287.404441856246
1751,915.78,1087.94637789472,1112.4727763435,1098.12593252625,1098.43998821732,1042.07987805507
1757,1096.56,1204.56765103342,1203.95930349245,1205.6591882083,1206.55358199902,860.474707363858
1764,825.79,1154.42387097181,1157.94872980391,1165.2058143136,1174.95212803385,879.634600057457
1773,1271.87,1152.79482295978,1149.53068337713,1145.62245869485,1140.22296721239,813.372052759953
1803,1087.29,976.467941720781,967.8744835407,977.047299402405,978.757781273517,1102.28474819438
1804,787.240000000001,803.892778527634,801.597425648533,806.554768492471,804.384161314815,993.155982774543
1811,2256.39,1927.92702550103,1927.62101898478,1936.02612498123,1931.13579461609,1730.99731854435
1826,726.22,567.259768098273,567.831143044387,566.139756604652,567.575416573553,879.603921094811
1840,1313.5,1122.96317233794,1127.70007825799,1115.36721247946,1113.95607402748,1536.96240905376
1857,109.87,125.440266010591,125.258445374025,125.80398469009,125.479514107124,142.919406358215
1859,949.21,933.60653803082,934.376152365396,936.533387357109,931.980497197461,1031.67823502478
1867,1079.59,1246.98953051338,1245.13535878193,1244.53806796007,1243.93110789148,1072.60390377259
1938,117.72,268.246584102387,267.73446495034,275.936254161341,224.670249117249,143.423678028461
1953,1062.91,1238.31895599742,1230.26409623176,1254.73233299749,1249.05594533659,1227.45147512183
1956,927.05,1288.41410547947,1289.4512336702,1297.25984909868,1310.17255877716,981.885482568959
1963,1106.76,1304.4409060756,1300.68968038427,1297.74620410772,1301.48305962291,1100.47478113686
1995,1149.52,1225.87834340637,1232.78174370574,1229.01598638803,1225.85296678465,1307.7796261995
2004,2702.8,2802.10623346553,2794.91713349936,2809.90609476216,2806.19435730865,2368.73543867029
2010,745.56,799.611446297545,790.208707670019,794.123992037028,791.048567181544,666.713128452856
2044,2789.22,2477.79605389735,2472.32008862419,2555.27829255682,2518.01646573528,2835.16628819341
2058,626.07,703.981688443706,707.554873510328,702.887758159859,703.675413635558,793.492682918962
2067,1439.03,2009.09936297157,2023.36644811498,1985.65951748827,2005.74773958045,1284.66281403392
2078,4514.44,4697.26130552274,4678.84524845219,4686.74152916218,4698.66019124533,4611.29475308115
2091,267.31,298.98221602921,297.720531190593,298.841878334667,296.599973020704,229.797358574626
2099,826.57,1100.64044885797,1098.96655640337,1106.10049456495,1098.68937891556,937.292070247449
2108,1841.32,1679.47149283653,1695.2901487572,1696.67469394494,1694.31580206434,1928.15172685099
2113,1172.93,1390.50209858506,1390.95855972077,1400.38052224099,1400.24066884972,1349.99659125405
2131,162.44,263.526011628356,266.184690381711,251.094753911076,260.182591853875,150.213060959721
2134,2885.16,2040.00224335483,2043.17001328449,2027.40394112661,2067.13081407142,2234.40320034003
2144,1694.61,1762.7680455729,1759.98971151345,1761.66791351418,1758.42404587683,1274.4899756467
2178,938.67,934.997084312615,925.538145268148,929.376751044538,920.83061504298,903.849067137464
2180,548.41,576.913841411943,572.412843149333,570.775802617685,584.799572853113,647.646201860475
2183,3285.41,3471.96588775371,3472.6702630623,3460.05461241908,3473.40376064398,3317.2956462515
2193,2405.09,2524.55942770769,2486.28285449372,2481.21193829598,2514.16618755866,2335.08622486135
2199,2495.28,2519.90000616442,2495.8831870731,2459.06894571011,2437.7107402707,2553.35058292231
2203,780.25,805.956761252837,809.365107686924,803.899616628084,808.217642425743,732.922157718742
2204,1859.6,1632.58734196372,1624.31374314501,1631.85074017813,1630.93100659215,2361.48475079453
2207,1753.65,1574.80388273359,1579.21983598369,1591.49388741504,1581.90207850339,1494.52723908746
2214,1321.5,1492.95135458441,1490.26824501443,1493.37004582848,1491.10235461259,1424.04900502438
2228,982.87,1256.35353990665,1248.3155876045,1264.97308705246,1252.48068218826,984.955843444306
2236,1561.7,1342.96556592247,1344.43950551568,1354.47515746031,1344.17103918185,1526.23178855692
2238,1023.38,1125.82097972348,1119.95963780332,1119.09066330879,1113.15871053887,919.606527723185
2242,2735.74,2565.2161992973,2574.15130558551,2574.09805787943,2564.35115759761,2661.03891370846
2291,2951.25,3028.91361190306,3018.33831145734,3022.93267265485,3010.69464240788,3244.91968206495
2293,2227.5,2453.92509388501,2443.80472948475,2441.5277517624,2448.86816990273,1976.45182977129
2294,926.27,826.068578927405,838.430548853707,827.083773142766,848.736093778229,842.134742336178
2324,783.45,1129.54731164629,1121.2258833453,1131.51394230519,1134.06679389422,895.67405445942
2327,446.45,619.357674961319,641.578665953922,623.984145801973,645.231053306936,646.876322546984
2339,658.75,714.587530833905,718.321410210591,721.34568534515,717.048364886444,742.097746082255
2380,1075.96,1445.2327768481,1443.14083249477,1446.3997299622,1450.89121425088,943.87017995335
2392,992.92,1296.56940520767,1326.59301346333,1298.29029358806,1317.00403565833,954.957300016499
2437,2043.6,2289.99593006564,2273.09981736486,2249.01871650215,2265.67843953548,1952.48122981088
2448,1224.61,1092.83508940594,1100.82649969323,1089.59883261469,1106.70174420581,1455.44727486848
2466,571.01,585.082614080597,581.404591893522,583.599369055564,579.765255268043,573.980111763644
2489,583.05,570.963286479071,569.713428694614,572.752198385117,569.643869708579,631.478622900651
2504,1485.58,1683.52436411022,1689.32486897853,1696.11299683429,1677.99567877815,1620.48839010736
2507,1699.04,1912.25278370972,1920.63327797753,1936.23271488255,1916.84124334041,1621.44561401789
2512,1538.89,1364.11545103752,1372.26780868973,1363.96869815481,1380.9848216262,1898.46128920177
2521,370.4,355.855803277691,355.187325220658,351.011667865104,350.363286218934,479.963306607808
2523,1625.11,1735.20091391906,1733.82712436141,1727.64196679111,1729.02391556031,1332.58357889747
2526,619.46,690.310862650485,687.132380371268,720.908551602678,695.017990533995,644.03205976075
2527,1792.44,2307.60410463861,2529.58372439648,2286.08616785664,2228.76547258162,1699.63664313516
2533,1027.39,818.54632328403,819.795145564463,822.030112384497,820.341846594825,929.755532594667
2535,478.43,448.858008785132,451.26265269939,449.083398623872,448.946159437754,502.251922263866
2539,440.49,383.355628613198,377.965955011391,380.054288118914,386.155497787585,422.083395932097
2549,244.84,178.917311583183,177.971344976356,182.191190103796,177.989240778717,177.069651722978
2550,790.92,758.908674958503,759.901398095388,757.774655265185,762.87279240515,700.073004811247
2552,1715.97,1376.60121451454,1380.3193477126,1378.8340664675,1386.91117850062,2174.52407147262
2573,1164.75,1223.64396268167,1215.29657903359,1219.20276278257,1218.76704327046,1220.32181700165
2579,1413.06,1452.46916870365,1449.35909848782,1454.43337175291,1450.19129621362,1447.59527491319
2581,1279.8,1388.61843184143,1386.37271655759,1382.4283469274,1392.19932564062,1163.54969450489
2585,1225.35,1179.11094350942,1187.60459226154,1192.56987593334,1186.20777112516,993.930844134682
2597,930.44,1384.55306167385,1363.5347263524,1357.25396992329,1358.08323839617,862.255637690769
2609,1136.18,1299.72973828135,1293.5072170063,1301.74819000359,1291.1136498113,1392.09216483956
2610,1934.77,2217.2387255004,2232.70924057034,2214.90456196698,2219.28041830665,1968.62917256732
2613,2034.4,2262.20737951433,2265.38623207038,2263.18130950181,2264.48558578829,2200.64904175915
2622,883.9,902.614272768963,891.424590099619,903.85671917665,905.117207996546,848.833073482168
2624,1365.93,1112.79246506697,1083.84679093262,1128.34663088714,1110.10077280145,1084.3012996689
2641,1545.54,1929.45966344987,1927.44790988589,1929.31592406803,1941.29980834347,1692.20971517967
2648,603.74,680.995131378982,675.852232465823,678.466101001082,676.815139178987,493.113547932213
2664,99.99,184.088447748026,206.960591313859,179.361680555351,204.149370887298,105.912886785802
2676,2573.65,2185.0345077339,2186.74952665454,2183.86685573123,2168.63119132439,3051.89364545697
2687,1696.94,1235.98472847913,1235.82335075375,1236.11468137486,1230.78055372378,1820.96208227643
2695,1025.57,1083.34566630114,1096.18195358806,1089.47886862865,1076.31503814612,993.477187854279
2703,1140.73,1164.25406879195,1164.86136526888,1155.30188514155,1163.17904551065,1077.99879615327
2707,1157.75,1024.27009441152,1022.99145781941,1025.53518439284,1007.82542989925,1202.4008222185
2732,1290.01,1306.96106999882,1316.51390012111,1310.272077896,1310.08178593312,1201.38283388906
2736,1622.52,1478.91803451625,1495.99718887718,1480.45355570073,1461.42033192363,1610.43545538401
2744,823.55,836.737715184663,836.582224020691,838.069915173446,836.28149035473,812.68902781573
2745,329.18,493.446068119699,478.113057530234,474.63801139687,505.09013422913,487.769267451566
2746,2595.96,2040.82102807721,2044.85377393259,2039.2391422689,2051.14034530814,2186.16290550397
2756,207.08,319.884286945799,321.831707438984,320.662997904458,317.230453886018,205.217035501357
2766,1662.25,1414.94250844605,1418.41427247298,1412.20037581137,1415.84994953105,1767.89654577287
2770,390.67,592.178089462607,599.684535035288,598.764253100417,589.736354339808,463.916624307308
2782,1370.97,1309.97490967663,1303.30361262402,1305.82479389744,1292.59430450774,1513.09097449413
2785,2105.32,2143.549700878,2144.12193101366,2156.21673236255,2138.41186906419,2145.44300052265
2809,2129.02,2629.44578473535,2661.1241095707,2641.15240655443,2648.17532423067,2270.93534720595
2821,943.41,1163.34748229734,1169.66457994518,1166.82302524342,1169.61225678829,1048.68689851267
2828,267.61,7403.20696548971,2331.56270886974,1817.39469952945,1058.1492828167,310.947754937586
2857,2218.33,2128.86468331135,2137.98901920053,2125.19719599553,2126.43864141365,2539.66166126979
2864,253.82,259.893781482082,259.332133329401,259.890354485341,256.682086347695,277.486770805563
2884,967.75,1158.36940304677,1137.33848692875,1140.4547578023,1169.93753810767,1059.11761693682
2896,662.8,850.262773367562,713.931901579181,766.827630545351,734.800067291802,559.101220937201
2902,309.45,417.056935234187,410.201133886113,422.171643262399,409.975370636433,302.052965204551
2912,1228.84,1444.45315887439,1450.30071383595,1450.71899027606,1446.04585956249,885.30704200151
2934,489.7,493.423646991477,498.342094993938,503.013165913915,504.021661933727,421.261341794487
2948,1605.11,1513.21684611039,1503.32281969726,1515.42828529757,1509.57293673734,1239.44040972016
2949,1448.02,1717.21897137982,1723.22615300512,1725.82620377393,1717.69416390756,1420.87353901497
2955,1719.94,1951.2542994959,1947.92609130312,1948.47749395599,1946.5021606351,1947.92105295699
2956,1283.13,1403.0269418438,1408.0885192845,1406.78588000775,1398.20926223333,1264.44129612347
2966,939.47,887.551467667307,888.98901474552,889.602572148583,890.965775034254,1011.77568480154
2970,913.36,744.662222825344,745.540659265104,740.455018201727,742.41891805142,964.579481584914
2974,1089.23,1043.37104054173,1043.46987261957,1040.15101348169,1037.51739405974,1158.53425100703
2977,3138.25,3048.9867873487,3050.07351582989,3038.91186965692,3052.69180225281,3454.90678038207
3000,1115.97,1253.37571103815,1249.75459158208,1245.20755707461,1243.38421076311,1134.95024916564
3001,1317.38,1869.28830360217,1875.76399091296,1875.57231742338,1893.43419705296,2593.58644658536
3004,1120.4,1090.4351706098,1090.72343229823,1087.5527841885,1090.23275298377,1015.31168375456
3011,982.71,1134.15746959609,1127.28598332709,1127.91512931161,1130.07630959667,1142.0215999509
3015,1307.41,1655.82098882889,1752.81023635306,1724.57848608158,1725.96152223536,656.494517427434
3048,1067.13,920.888767549844,919.532705645001,919.820924997448,918.627089148479,1175.86936135642
3067,846.96,992.070407980219,998.387379028952,985.935377018856,997.734881117835,832.351311171104
3084,575.62,664.970411610795,664.901425305633,666.024457063997,668.826408046914,592.751069372322
3109,2668.34,3008.54144298692,3000.90409231226,3011.85110040966,3000.21789935452,3541.25645985122
3117,1659.86,2133.78222404029,2122.50420110742,2134.78547179201,2139.28497231448,1896.51506395173
3120,1333.93,1687.62416421437,1685.9749514391,1693.24769472587,1701.5427053892,1160.36425741933
3160,1393.27,1384.15735330052,1379.37108683995,1386.33081516208,1382.87378854713,1102.53443899906
3164,1082.95,1260.66379335147,1257.85221501956,1260.64978581087,1256.96936067582,1005.37406694626
3176,1078.79,907.465938204826,905.079028653174,899.202164037219,917.283024268949,1216.28445352186
3183,777.37,791.51749365072,791.950950665242,790.979950294108,797.151416235206,723.624726669748
3188,779.33,1821.26788736332,5926.29592584911,22533.3801671094,1517.07054993997,811.750747197372
3206,1769.98,1717.15815782353,1719.08857667492,1729.02035610441,1714.59507082106,1811.67873539926
3232,1827.02,2168.82226704143,2168.77738219018,2163.46743441404,2172.1607752756,1777.38163172469
3242,881.99,749.026876109442,745.973176440409,749.740896931373,750.065302382792,915.700278773485
3251,509.41,708.455110571534,713.578560227064,709.630302474838,711.264717612349,566.500871017348
3264,1300.46,1049.52343653839,1056.25437408733,1059.85160549064,1056.45125371509,1412.01221021585
3270,720.76,774.403629266487,773.400330800633,769.266370315273,780.972607143167,533.116018289892
3286,1418.6,1317.53997368657,1321.49977689626,1325.79705230889,1323.0088910005,1700.7106383232
3314,287.75,454.213618917311,455.376703279997,443.122644566802,444.053353774368,337.080483369834
3320,726.25,668.096256598263,668.986750263411,666.657597486652,668.304698238062,651.449540088677
3349,574.38,646.522888069512,640.597925717859,647.940809722528,641.798366801023,430.531718250991
3353,1234.84,1028.16907007579,1026.9528326846,1026.01817464611,1029.00495465182,1252.75875984384
3366,1425.45,1513.37370526247,1518.76234592836,1509.27810248684,1512.75887711295,1326.46147618742
3367,2125.66,1592.59239864253,1582.99750681486,1583.65723324633,1573.58575889875,2582.79204214239
3379,967.75,1040.12552109646,1036.29736836092,1026.51649940551,1038.65418214165,941.410675015883
3385,1375.65,1567.22703452141,1573.11347195747,1582.28478424293,1592.69909953067,1622.02659842151
3388,515.86,613.247646961726,616.952291160581,614.395352209696,619.572106894355,420.700729266092
3392,1070.79,960.471404466555,963.137770364098,955.645601727651,967.685810609304,1137.8171733919
3393,2673.53,2362.28806066091,2346.97059243338,2368.63781222109,2362.65000223471,2592.73852719457
3410,1454.19,1355.92223844986,1354.98130683526,1352.80600158621,1366.68931989002,1213.37492746754
3412,2670.84,2906.74560091465,2906.26625788642,2913.70002709572,2913.59596062654,2786.13966380768
3449,1109.01,991.72375967726,974.738623321366,973.319302138139,986.672613935239,1324.76319363319
3451,2138.87,1844.34620111385,1840.38594629817,1852.00755657898,1840.60995497427,2113.85782452883
3468,435.38,387.343490528612,392.631496411291,386.893329816767,387.741558062024,502.28993587946
3472,2280.59,1984.11488182889,1952.45086537888,1937.02852777633,1973.36529101945,2210.73947649061
3488,1713.13,1744.04263509521,1741.76617630348,1741.53209398408,1743.5399713024,1856.1540863721
3491,1162.19,991.29469304154,1001.38538572362,991.757797059574,1003.54428552967,1140.31056595521
3493,2439.37,2550.67893642765,2566.70648437706,2545.64225036741,2563.83171816745,2517.14997566101
3496,1139.06,1337.14572244925,1344.18821001214,1337.29013740633,1342.83916790116,1072.50915087068
3519,2092.87,2051.48852558136,2018.7002913292,2062.90634740432,2044.00041392785,2028.60866527774
3527,171.15,256.370283820092,264.633297551305,248.471253435071,255.638603405129,225.725670914123
3530,840.73,887.304275834552,881.268664067039,885.425201710346,887.994206062549,936.538964652121
3534,1276.55,1369.26496876127,1382.40762082075,1373.37337736619,1369.40506192801,1339.25600420164
3541,634.8,722.488965959882,725.048081462289,725.688104752409,725.123196294254,630.774458817688
3613,683.77,682.625128300449,687.726372577344,676.703916600759,685.114158252104,727.564290841211
3621,400.14,400.102364111628,392.208506246918,402.313163803831,398.477299000519,544.26857993126
3623,455.76,412.84400039266,408.53003050503,408.099844798689,409.183187131704,351.235995035517
3633,403.4,449.213851073983,448.820429510747,474.691329282915,457.899749732764,609.199768947476
3639,399.51,386.98677056315,388.832657693718,387.697535157934,392.663508102229,383.559627741452
3651,200.67,147.110190512885,147.311689016346,147.647175646603,147.050667602349,155.817054402318
3652,948.18,1059.80633736222,1061.51481527565,1057.32719200497,1055.91578106503,864.177769169208
3660,833.94,1540.5192150871,1573.646120354,1531.39856005979,1566.90266366747,900.811823809409
3687,1045.09,1288.16116100908,1281.51551061015,1284.4744161692,1292.2484311739,966.023103547807
3704,1627.85,2059.22375524446,2065.38469686814,2086.01684117526,2088.46851715721,1481.92560552543
3705,804.19,742.211710546549,748.858682931754,750.100933763018,748.942886819765,677.629712987495
3717,1945.72,2200.01092565907,2154.28924019739,2177.44046457616,2165.75838684728,2429.44212449131
3725,638.98,698.97784527542,692.894585102943,694.031152214266,690.911221310542,705.380485003431
3729,1310.35,1665.80267541639,1665.6764011944,1675.19319149777,1657.18475127818,1511.61602170844
3730,1636.75,1702.0352845764,1710.05848512964,1689.38308437457,1722.50166885915,1729.20004494718
3738,1013.49,1252.62333123092,1247.00029140249,1259.67744958055,1255.56739905249,1048.62337656492
3769,1544.8,1622.90290099196,1637.98044677209,1630.69893553758,1628.82466843015,1506.33326015167
3775,2141.19,2374.57271428507,2374.89666513899,2376.6175739598,2372.05838706987,2061.14946730382
3777,1372.45,1188.9574831483,1191.92433845147,1189.22502395103,1187.89823123254,1323.50113317836
3798,1285.64,1374.39733773478,1385.62660586081,1380.64127741313,1376.46892037246,1454.99251997813
3814,1912.75,1884.23300447961,1886.1868717846,1918.13074787897,1923.69574123256,1487.74462332923
3820,2125.2,1828.2237652112,1847.20703605387,1850.44640286511,1852.02580081807,2260.06216447092
3821,725.65,641.418828895024,648.237108098729,650.545188917857,639.52123618114,1038.36297653044
3846,379.05,386.334318617014,386.844618833426,384.193913660839,386.478234009271,340.964986002792
3862,1462.84,1272.13533623767,1281.01717936289,1279.13720795171,1275.89089656668,1419.37853197539
3884,1295.42,1507.36135852352,1510.39188228499,1507.63697727542,1517.46114516972,1166.99893497734
3894,1052.33,986.667575851252,993.075866958053,981.689273107256,980.251056432853,885.405042940112
3895,1485.04,1388.26103871704,1386.72629035763,1394.2640284062,1394.62823118899,1621.01057195664
3899,3343.23,2720.60689952863,2697.75120184043,2693.02841514953,2693.02867962539,2667.99854394919
3918,1959.66,1980.69505200377,1984.41613459597,2001.95301719865,1982.70254770623,2058.36659801729
3937,1793.91,2068.22671442433,2037.68968946711,2030.38137965404,2057.04725658217,1555.8604321996
3948,1022.87,1043.96732236964,1049.2997356131,1037.78374637288,1037.7235556118,1025.69137279829
3950,585.52,918.823419552227,907.928384273437,920.13104591832,902.496873642835,715.449940957169
3960,1276.6,1090.57793531954,1084.81674863358,1112.13172114004,1151.17214048836,1469.01436826024
3968,1089.08,1021.21819236601,1017.62785424869,1025.13100118731,1036.45552079323,808.366025063438
3976,2017.53,1849.27540432264,1846.68718179316,1847.62375791022,1848.26795216139,2170.48776742257
3991,4229.9,4467.84673759232,4471.8123159997,4469.81936291709,4465.61256128567,3958.46833271323
3995,889.24,962.688764503805,981.728075593805,987.60544329473,962.320352414027,895.790786497048
3997,2362.22,2380.76967472356,2377.29900807996,2370.5486189938,2390.25000103709,1944.021875242
4008,844.3,745.207636623419,749.945179134151,745.524950025866,751.140050818266,909.012616139455
4011,2770.92,2540.58011866569,2503.44407973837,2479.5036240066,2487.6952271295,2566.88197795424
4014,383.4,607.519373241134,590.950858825925,588.2190559929,594.887341576993,416.8585704012
4038,606.8,90897.5223823946,38085.4584201335,26375.557865186,33624.9967059411,582.513213630342
4048,1100.4,1165.22727398533,1170.45832840031,1168.42152432114,1169.64333971696,1095.34438696002
4056,985.89,1001.27445916966,1002.52804891931,1002.94811098259,1008.63738954361,736.318340305915
4067,2129.84,1902.84436364881,1927.24024697314,1913.82509283847,1908.60963621914,2262.37903294373
4070,1164.5,1168.64415024805,1162.0905388289,1177.68309467682,1175.31467362338,1232.19931429186
4084,691.11,823.593976511596,813.402709680755,826.826314269847,823.072536238079,655.577297327335
4102,104.43,296.633944655259,309.183200476256,323.770790160098,322.954266996706,70.6032641916616
4118,3144.68,2978.38185116146,2975.60747815855,2964.31853810182,2948.94153973337,2747.30157359785
4126,3074.92,2729.76122367895,2702.48282598077,2720.69385101819,2709.48880857113,3211.02148980855
4127,1683.65,2054.2103610649,2055.86685913586,2085.08971661089,2051.00503418744,1519.68806059233
4130,1132.73,1134.28120322047,1133.59731509351,1128.27939152135,1132.77227837113,1182.11373324572
4133,757.04,911.662423995923,914.953624317184,912.961762491171,915.886017707201,611.467741459569
4135,841.2,1079.77648419103,1074.07661755507,1072.62393906815,1071.24072164748,953.81484829332
4153,492.34,223.450000000004,223.450000000004,223.450000000004,223.450000000004,416.877050249058
4202,1762.58,1868.01158648315,1851.94543952029,1855.0430717278,1896.47172583471,2046.17098267448
4215,1590.61,1487.38162591878,1489.43232720472,1491.71450392845,1491.82943173059,1610.06738338021
4225,1261.54,1598.07931316558,1602.55824323306,1591.05388411915,1607.98584995155,1244.89058873903
4232,543.59,627.675114108723,627.871848576763,625.015538376692,631.602293652115,683.873458879606
4234,1282.58,1345.96009121725,1342.66646250634,1346.54275072134,1346.29434964066,1373.09362151554
4235,445.2,453.345435309105,454.879639651856,454.562069411431,455.76594375761,518.925008158092
4252,2026.39,2007.38479684871,2005.64518475667,2010.34021737553,2007.60469773408,1949.67884520941
4265,1836.31,1970.54390122458,1975.96306306022,1963.81915514103,1973.72395986017,1417.02909729077
4267,621.14,690.284617185352,687.823533298852,683.139950177639,689.732087390913,574.703910650761
4284,728.62,793.682663315568,798.105117980012,800.304499025057,794.323421981103,695.863129962711
4296,1279.69,1423.42268250734,1423.40995979873,1425.83379731839,1419.51884490657,1329.5547095994
4300,869.23,939.350365669302,947.185234635475,943.309472148663,942.550661319927,864.235250913136
4319,1507.13,1686.67281218175,1654.27183154554,1716.74923015963,1690.86916264793,1592.28178245553
4322,1563.14,1745.02571831059,1733.25698602567,1740.21813008652,1747.95514459144,1671.01016772193
4324,1601.65,1685.5055811989,1687.20147894003,1681.37942061484,1676.00576112876,1514.79535793202
4335,736.02,1312.81131520516,1288.83845647866,1326.88260036612,1310.30831617313,701.577341476038
4346,661.36,858.226277919775,840.392846143569,847.167979121661,837.282669746352,646.934045716424
4373,954.13,1045.76724481555,1045.00344517218,1067.68952423518,1080.3923984522,972.773375215391
4377,1125.63,1414.21176968233,1406.42224801907,1392.70756895084,1411.45898221433,1162.90583312512
4389,1960.34,2083.8980253868,2074.3601683207,2087.60104592262,2079.31882225628,1665.4857776227
4399,1276.08,1216.14185280409,1215.56606182028,1233.66700065725,1229.23337333126,1066.75843136859
4403,1202.54,1206.73039776971,1205.29149647735,1195.41294645567,1224.42916862791,1378.27522844791
4429,835.48,970.737318256324,961.459037655646,971.704916039229,967.100377881222,681.404622897948
4443,909,974.872333934641,968.344645365506,972.324730714073,970.913162104622,1016.89825643687
4465,1336.18,1659.85035750007,1640.23778241836,1647.08991849863,1633.88469075041,1226.63027946924
4469,863.72,799.21452364806,795.195460858621,805.792710881084,797.203096583418,729.087038212995
4473,1379.13,1059.76804596106,1073.34934229276,1077.07090686935,1066.40732530061,973.945682427501
4477,1395.16,1214.57014921037,1222.59910205773,1222.86508096876,1234.53429910048,1404.70103357903
4478,1368.86,1478.58961055194,1483.31055289964,1477.12835546662,1474.96473599257,1630.78160585176
4487,1960.18,1332.18890281351,1333.84890883634,1336.39786292993,1330.32602962807,1538.94641028327
4496,1192.97,1320.79081179086,1330.34794311803,1341.89103518504,1341.14160028915,1094.28518577721
4508,1160.18,985.37476325004,978.431930865263,976.623393796386,975.404648499051,1125.80159213149
4549,1284.5,1278.89590252592,1282.67938510734,1281.6336738835,1278.77906810157,1334.26689388496
4565,859.23,1109.21025313099,1103.96088592337,1107.04800198405,1113.25775472143,956.405054835094
4575,1079.04,1225.27179531601,1229.78700394408,1225.0120396179,1233.47425188653,838.512346527992
4591,2157.66,2025.90036895604,2027.23649719976,2022.64210708003,2024.1302330371,2119.92060476723
4607,1458.82,1665.95310953399,1671.73192418011,1682.24131096679,1655.06081811385,1531.04930298749
4668,257.24,311.094350389541,310.140344769912,309.866225000727,309.727920911617,265.544039568892
4686,445.33,423.627898851711,422.601460039139,425.191190073104,424.081473110633,417.031044452766
4703,1538.87,1475.50647324202,1474.14504902508,1462.16692538619,1471.30849030138,1570.79205471909
4726,1093.92,1570.06392512225,1600.13709027657,1578.77889487414,1565.6639115558,1185.46277002139
4733,374.17,374.944632916067,374.655990620105,376.266178624851,375.997543038749,433.865841615062
4744,984,1189.69054631038,1194.11875595372,1182.66062241501,1190.26197481987,937.415417933974
4752,853.05,817.525891065432,813.198829437015,812.776460135789,814.471382725302,656.169636378666
4756,1432.96,1556.77810613464,1559.34549816131,1563.66107407197,1553.49651189684,1178.73778476153
4765,1878.65,2396.46096546712,2386.826977062,2402.1139804632,2378.94075317606,2131.43677063169
4766,1477.18,1703.90257262312,1710.89882932149,1707.36025918471,1709.03216629395,1531.5749340886
4799,799.81,1083.77703206763,1073.88476907577,1084.58857974008,1086.85787497147,986.692308249775
4803,1330.78,1092.81507587437,1086.1818684724,1096.22894291737,1099.62123696896,1317.82742208392
4823,1892.91,1510.65507684169,1527.46759395265,1521.7099235286,1517.61410263751,2017.45533682564
4836,2098.86,1828.46969779539,1777.3282685519,1785.77979154905,1798.56413068669,1989.600308574
4842,1021.11,710.129159808547,719.594688949539,719.120809177479,727.880185142016,1259.64719405767
4848,1437.4,1012.68617040809,1051.41406206935,1027.58888125062,1042.97460802576,1065.0183974686
4871,1901.94,2081.20721609403,2101.67249516764,2079.59090735527,2100.55243772822,1634.50506162748
4875,2452.25,2030.31944718769,1995.42486842124,2001.94482716083,1994.55208313995,2322.4320917178
4881,862.67,1228.86898885223,1247.24082321169,1215.42695790751,1245.56617700011,866.760438383443
4891,225.75,362.284607524503,362.914007484718,362.505495718488,363.389748084118,249.268194470674
4915,2487.57,1618.86045876527,1618.7433478695,1629.44164527029,1626.02233120131,1351.1079679514
4945,1750.44,1784.09037572988,1779.77692671259,1777.62076817139,1769.21385747845,1818.38243546118
4949,1499.93,1551.93729714581,1550.31885187844,1561.82735122193,1558.06223011905,1364.94212050477
4956,1187.91,1028.1965165161,1035.7321316557,1032.7719567235,1031.18806885891,1374.16757630442
4960,2591.3,2545.61552418522,2545.708149442,2544.47715544279,2548.56911280759,1934.88507741472
4973,1093.91,1131.56380532387,1127.11914023963,1099.72413944513,1106.68181522663,816.698820835087
4987,2191.97,1868.9528000339,1848.79472147069,1852.81931255205,1855.38778497922,2586.50279260962
5020,2364.09,1341.26523428522,1301.88489723743,1363.45721240937,1355.43877732185,1639.03309237097
5034,1062.38,945.355279813051,965.957919972197,970.495582810552,965.429472689998,670.997807379125
5037,749.9,718.20521695726,724.4043995681,721.292494722337,718.385903158883,652.63980309738
5069,706.82,763.234516951291,738.056927476843,778.460439828498,763.307637310587,611.267730366645
5075,905,1278.59144863296,1273.55159635904,1318.37486816791,1308.2013464287,970.90159432363
5080,1226.18,1195.92614212889,1192.35541346694,1209.66984826156,1201.77693337488,1135.02336022019
5089,203.43,225.148660164484,224.854001259232,225.024933238594,224.368421353292,174.129572343144
5104,1179.1,1242.57669745478,1246.23524505962,1243.47785706359,1245.35752143553,1096.53480987541
5107,1407.08,1576.9520502613,1582.93719697134,1582.08501705752,1575.05888419443,1198.91749231883
5108,1391.5,1088.61732505377,1081.96599887909,1088.97747207288,1080.14829253221,1889.12196445346
5121,900.07,920.324698581882,932.635540856475,921.322052799547,931.528168165297,1442.83825237978
5134,1477.7,1622.71068542566,1651.76388800022,1603.09719024455,1616.44864437267,1668.96455893247
5141,1065.78,1095.66664137659,1097.83031777096,1091.33652544425,1092.83320757502,1070.33387411085
5163,1733.99,1917.84702139146,1912.7934492879,1914.51371436463,1915.59282619816,1786.41101053991
5168,1467.72,1508.0027257131,1505.78213578168,1510.40769793938,1511.92555203793,1405.61877850572
5182,824.01,944.125394821138,934.632200417112,947.309916341413,940.357685037094,819.198898532273
5200,1044.07,1049.265376737,1048.51319616089,1049.87737308947,1042.96471598382,874.524705801862
5203,1674.25,1723.42369952941,1703.45656654669,1714.18108449951,1704.67537625807,1417.79519672389
5217,1773.34,1436.08413938775,1444.48892267953,1434.03338080244,1439.34895067802,1338.55174364879
5219,657.02,799.580489537907,804.64190717728,796.566938351644,798.183143112658,601.805595119957
5232,846.23,913.094337201639,942.290363600944,927.376729113372,925.80871799361,925.142344746586
5242,1652.46,1730.8901616065,1723.07815764373,1732.37967796041,1724.76289889733,2020.61752842061
5270,959.81,1007.68965305405,1009.00334053466,1006.49289387449,1003.92810059821,885.518486981476
5319,1493.35,1871.69565141718,1870.05097383498,1857.00736564813,1872.04140461904,1504.35826584532
5338,1020.4,1199.16919276947,1190.40715312907,1195.76573853536,1195.44428216631,960.632912561101
5370,1484.35,1371.67698717027,1344.82517700492,1379.71054574428,1355.484759854,1565.59416196957
5385,1385.1,1892.93764077464,1910.48503869337,1889.73419739531,1899.98828553578,1735.34994371813
5392,3011.98,3599.62518825063,3591.77469236603,3593.97190434543,3589.9950673741,2766.54069190961
5402,1113.15,1264.18825866781,1261.44735663726,1266.32874799638,1262.69186775317,1325.90772965613
5415,893.09,1298.3900051489,1297.2650311563,1300.87056423699,1295.20826011045,864.973943269238
5449,1319.41,1532.61070523252,1542.854783141,1549.26821259307,1540.47034881492,1488.89767646762
5462,1425.5,1669.99801268072,1696.91190070311,1671.91818220966,1694.91209195226,1417.60843125549
5471,464.44,469.961812767036,470.193953262603,466.33556404593,468.20601800592,551.265685204184
5477,887.93,912.42934940779,912.210305345065,913.896399156052,913.479462671584,767.948242109907
5480,2029.56,1811.33300921784,1821.06099055076,1811.4376200526,1816.69136490618,1981.73535879092
5482,542.72,477.935548187734,475.993944875996,473.280990540717,469.918685601568,749.725896040145
5484,745.93,864.653459525683,868.431513389411,863.458598630738,860.954276640899,523.362507635722
5497,1705.44,4362.71496601323,3162.73214369471,4175.22768724242,6668.60079306921,1801.81544565203
5501,1020.27,1492.78297587207,1490.40844460859,1495.57912658074,1500.52628095361,1047.70271091335
5503,654.74,883.307526651844,872.27793448366,907.269952223951,895.861589849377,652.339245743793
5513,1105.54,1375.10019155253,1374.87633180877,1371.33909082248,1369.4224515371,1036.89486614692
5523,2148.93,2108.94935687806,2104.05973605895,2111.92146689195,2117.75725383029,2266.64476613262
5534,2272.9,1847.51147170594,1847.36088680944,1848.80044172641,1843.44058116441,2122.70763124038
5557,284.46,419.745799088371,419.054707974498,415.710795733669,420.714002182734,229.975240821402
5561,1330.65,1452.87219010122,1467.53005020494,1443.62018840026,1446.01944876486,2116.64560240831
5562,468.31,518.364663775625,517.254456480311,520.239865335757,517.90401788684,534.847687346094
5570,956.93,1194.54450572339,1282.07777239604,1161.80736636788,1202.84025346716,521.598670786103
5573,573.14,460.904440683207,462.173257013891,460.790424900706,459.898561134,568.242873969918
5600,932.58,1022.18396574419,1019.65250679098,1023.36267963946,1025.12545499145,1035.36586741022
5636,2242.28,1883.75975318685,1899.12895998662,1888.57062654316,1890.49871191894,2971.73335912751
5649,1024.03,1263.64416695939,1260.86480356349,1261.73937737105,1269.44499869398,1128.67637631824
5659,485.73,752.884683178361,740.782765341665,750.977245035805,739.074229976101,543.019726923613
5686,1082.34,1268.72679720171,1279.91757433888,1292.14423469677,1330.89767582973,1241.76463174183
5701,330.56,371.122114151446,375.176205782072,371.029304463575,379.158255320256,322.775491331988
5747,1388.17,1410.10490564573,1412.38456020881,1397.47175813622,1423.95992933341,1745.94963631454
5767,1136.67,1085.90090474258,1091.41603728779,1103.32348987907,1075.1165939345,900.211144284109
5770,395.27,397.018748103179,401.485036831376,401.477666323719,400.005578717773,507.609893601055
5786,2491.64,2858.65949173697,3222.82127968997,3005.36751488712,2928.90443915646,2251.55021743933
5800,1042.71,1311.49214668801,1308.60217655976,1321.5157879117,1320.07632591177,1144.96781310779
5811,857.22,1146.91065733224,1163.32255071261,1168.94708412828,1123.7007712823,920.624624099057
5841,443.85,344.237069941976,345.548734355151,349.164050327333,347.089397031696,434.933402474266
5853,1143.1,1264.8895744908,1264.65457683135,1268.30714300538,1262.42485670168,878.082232130552
5867,1209.28,1267.80288763842,1261.21728941425,1262.60794817366,1264.13479057165,1017.22084864626
5876,1951.91,1523.12061191198,1519.64921678366,1523.80461840023,1518.06187755966,2422.85625108009
5896,247.97,238.639670531006,235.114299335874,233.455886686356,235.233127601569,246.964717515845
5897,1126.14,1389.2331335683,1385.5723344665,1418.59344008397,1406.27396063848,2358.7608733672
5901,1200.63,1265.99464450142,1268.85219800198,1267.71143283745,1269.64651319807,960.697663162692
5903,315.01,998.521585370215,992.900686872468,1022.67093546876,1270.88377540611,297.739777437969
5905,576.92,613.020620939594,610.023061623877,611.659824044394,607.189172550185,664.743823898179
5920,417.38,415.939625037256,421.334742835324,418.638550432004,419.667284183329,474.96069161266
5935,2855.28,2759.01386564899,2768.52469951808,2774.65675999823,2796.84831091164,3070.89324150737
5945,267.89,324.143624382823,323.230265514075,325.078796153335,324.167056413266,312.118178529263
5971,507.83,565.127108957838,566.636234684772,566.710945835202,566.098401537503,455.787613169167
5991,936.58,533.247628296976,533.714164912521,531.529297886634,530.970562635242,1089.34944190306
6004,1343.79,1399.38770077818,1400.45523290265,1392.62071812812,1403.83853002479,1274.19028078077
6023,470.45,504.62553606514,516.370897816025,510.857062913503,508.252137207252,527.242915439536
6028,1779.48,1688.25981970394,1687.09464854719,1680.62520675856,1681.49350420811,1201.43086698519
6044,183.95,177.140288831669,177.819792380853,178.496093572667,177.946243609736,223.628036737504
6050,1171.25,1215.53207964786,1214.62422592166,1216.36660555437,1219.31119708268,1122.71063332453
6059,1053.89,1189.30719454312,1180.6161600511,1169.041817752,1197.69829405417,1108.75498578736
6075,883.78,1017.73353517117,1024.69714280179,1012.32678415063,1012.66797344373,955.085641789231
6089,949.65,1021.39033649802,1022.80583707424,1016.74419435165,1017.47134894207,851.581629589725
6095,948.39,924.389931134531,923.058206835452,924.638182927934,925.004631279963,812.38175771085
6117,1202.04,1341.01525351068,1345.08012114855,1344.69948828134,1340.76515501883,1287.08720545296
6164,1215.84,1321.05792720235,1318.65450135919,1311.24776964333,1318.99953388407,1608.6154780106
6275,1641.74,1725.31982059642,1711.04106713164,1718.94105575814,1724.24937446042,1706.4237708965
6286,1211.29,1199.82370032164,1207.6010680972,1197.0061430333,1192.41666329771,1146.99624686736
6289,583.57,789.460497677415,789.189961254758,791.714566166149,793.649976718511,536.742432390746
6309,1193.52,1041.01866679436,1050.03208866905,1052.0598245465,1044.62681170682,1362.67479390696
6312,1492.31,1965.95828288975,1977.12087298464,1970.03649089349,1960.93151250269,1528.45974665984
6322,2122.53,1513.10866377801,1521.21073387368,1519.60059235619,1519.79811208092,2068.95583327134
6326,897.65,1157.52774913652,1156.53888069478,1168.58190640145,1153.46552957985,879.844082886582
6330,471.03,499.498106990121,499.736449834842,500.445194798085,499.169123093444,545.394430622625
6333,113,140.986409638218,141.22360462716,140.865356363967,141.383815133237,126.055275686698
6350,1729.67,1899.86143785558,1889.81592382651,1913.94605355446,1895.04300051277,2278.19245555719
6368,1713.5,1868.89137105072,1856.86133185709,1867.59105401414,1856.8663147507,2043.45583440454
6389,527.63,1191.09453323158,1206.39156947679,1249.34355970544,1191.29285827729,618.86023008423
6398,1444.28,1768.35849323728,1756.32058725523,1766.96154875447,1763.55136172982,1504.90888062715
6406,1474.29,1267.72807283851,1210.87618531004,1224.35127100044,1200.80184928709,1131.91704092034
6424,353.61,308.226106012628,306.378277025232,304.215235613995,306.475936829541,608.110793076353
6464,1199.76,1257.8469155509,1259.06710247742,1256.55007386952,1257.89472901422,1497.13479392334
6465,989.74,1144.833725248,1139.24062688903,1131.3607459032,1132.45030671222,885.58926956502
6470,1382.71,1367.56126064488,1384.92724001314,1374.57344933698,1392.95092057853,1755.29845207248
6475,558.42,516.330822795917,515.013060320613,513.5900017833,515.237467156704,467.575625035829
6485,1752.65,1646.19650120667,1638.47496420117,1646.67264117848,1650.40680634846,1311.57559895678
6489,835.99,821.615560712828,817.897496586638,820.076869574845,816.336979667745,911.888904696524
6492,1644.79,1569.03413076714,1563.14711860277,1560.40055577511,1554.79544788047,1822.88856973128
6505,571.31,662.30153340595,654.045832496473,655.180062551182,649.357334944334,441.549186940168
6508,2087.15,1690.32292200688,1683.09450965405,1692.88200407846,1673.48742073251,2240.74451907663
6511,614.6,644.5649337345,644.430522452572,664.343965804466,660.984879493227,529.27231358958
6515,807.39,838.920184062502,832.094946778018,840.553414475934,840.527301487176,1128.54195559719
6522,1185.28,1395.68835438466,1513.93025989363,1369.86382753099,1503.23797034192,935.723636350088
6524,600.11,759.571409241845,757.673109053006,763.799326593069,751.488494060574,587.502334444351
6539,1062.19,1251.51780136718,1247.41860456848,1249.69361553025,1249.3765361188,1365.77091661431
6541,666.91,633.552316893438,636.758243441625,624.895225824029,615.513063301463,608.313814210181
6546,1084.5,1087.04121782488,1092.97223832768,1102.12171737765,1073.45849406254,1447.66809601059
6558,987.17,1009.33421637651,1006.9341537821,1008.42808127745,1001.80593003888,1039.71288698564
6560,1060.95,1073.59462427138,1070.17160394579,1062.18742794013,1066.46804609886,1184.31005189645
6566,1919.62,2046.98190610594,2053.84982428012,2035.99791741443,2032.56724554584,1657.05133766368
6572,1818.23,1660.28905879616,1658.16386068762,1669.43796406368,1655.77179007718,1955.56660978739
6596,1416.27,1364.85945348245,1364.90086341545,1364.99745939341,1364.85241756196,1348.93771787789
6600,1762.89,1601.15681807807,1611.55769696219,1604.20314006407,1607.43654012517,1762.76465751765
6601,1001.82,1325.67192613319,1324.64625638767,1328.42296704352,1326.64240317008,1039.06267592679
6604,2407.84,2266.38686559076,2244.23227367882,2147.55026679848,2160.14707123749,2051.14542375647
6607,778.69,811.679179765872,814.159224399236,813.423699660949,827.369793173885,896.294979789663
6611,1483.46,1509.22012463029,1509.1027395916,1507.76397792926,1509.91632430216,1434.34376647574
6621,893.08,956.156008012943,956.099341261341,954.738730093126,954.782797094278,1014.71985400056
6643,2227.17,1860.09228071685,1853.19275150062,1852.82936139197,1857.61895262741,1859.70257763204
6648,838.69,910.793235365764,912.203010185777,913.655101900794,911.70999854888,877.211970712426
6663,1252.86,1145.41244222334,1148.76376971327,1138.67763439487,1142.81143825025,1135.10233972061
6674,1984.02,1930.22272466119,1913.77219389242,1938.37032972166,1946.37509217487,1362.73875821581
6678,136.71,155.933046742596,156.128869767825,156.051431560473,156.056774730272,119.459909128513
6693,819.01,654.006552980129,653.205183420662,649.572288353457,652.150312461621,545.733285090301
6701,971.49,1399.13571886398,1388.31483031612,1386.29833974527,1380.19592782486,1014.09149820096
6709,852.4,957.583564282567,958.330648285978,953.310377277501,958.229479526883,773.349324575363
6738,712.94,697.063723734769,695.21940615161,695.741526517931,694.973790056176,718.905070280399
6754,401.33,517.160368033348,517.679881276465,518.826725644917,523.974742166462,463.784303946064
6761,509.42,647.559381132376,645.941012194505,650.644184961518,649.290997698591,521.167501879809
6779,990.14,966.747258693665,968.021380024694,969.250028174817,964.677149513557,856.862513327911
6793,554.27,543.497165080308,539.301431084175,549.071650087401,543.013366453561,580.103045500693
6827,2568.67,2307.94978168187,2304.4979170996,2310.21250756906,2304.48541587524,2327.59672359308
6833,1352.16,1243.49005797893,1240.69545363486,1239.05263223009,1241.05099573555,1409.92483753149
6854,388.38,601.000759836425,606.344279169131,602.544883441223,603.137038777942,289.730024938576
6877,1434.03,1681.38670935166,1674.52787216688,1669.99886434697,1678.95737365548,1216.37600282807
6897,1720.21,1507.99451366796,1510.8490847868,1498.27323659551,1502.28930677225,1308.3818142846
6898,550.09,511.840369972026,509.583803523386,507.322303661308,509.421123378999,540.789741491313
6901,846.53,921.475641373995,918.729978768643,901.101582197653,911.110521687281,953.837679746374
6909,277.75,215.925606147157,218.110175509242,214.834290075656,216.260638099003,169.317325804039
6926,501.2,597.231194231233,597.065969996056,600.237414973316,598.994695874057,422.224553640655
6934,1721.13,1951.27435974263,1952.88652283665,1963.31024416779,1962.71473156724,1752.24277186318
6958,1246.53,1149.16561830338,1140.81795707287,1140.52096450116,1140.86271898827,1244.35335547693
6982,509.77,588.596026143983,596.908870159312,589.022660607724,609.710121226056,519.131083491831
6984,672.69,757.763060258654,760.329117977754,756.211013475472,760.192801236803,880.453033355476
6993,128.18,59.3125036050476,60.7775738514759,57.3363217509727,56.7548586184188,118.120795735209
6995,1624.67,1866.22742985843,1876.23772401291,1864.27261668294,1866.28823672295,1407.26340295976
7035,823.9,2690.11054701945,1570.79191146932,1415.30857971303,1305.69200484079,908.586692995579
7037,1034.08,1047.97708354596,1054.93673290149,1052.55994217537,1051.72628758615,1007.58180631458
7046,1269.77,1247.29597808129,1244.50813006155,1244.18055926603,1241.15811349617,1295.56233495279
7050,778.44,772.967910965044,769.651289982589,769.534462446356,773.879597096409,780.337214853729
7068,880.18,916.094032660009,921.725905363461,921.130085550628,921.16850173339,877.500249225875
7069,1122.4,1228.48142896694,1227.79068032635,1227.46064814924,1225.49839379367,1234.74763902735
7083,1266.24,1266.90812943765,1269.37325510379,1264.70791550782,1271.23945384908,1329.75733538068
7123,1108.12,1009.12786350488,1002.76568429871,1004.17262620146,1000.42139097812,1320.88590464889
7150,2666.9,2701.65730922053,2689.63663538522,2686.89362268792,2670.19634980285,2579.0139152325
7162,961.34,1180.30297564259,1179.26268013352,1177.16613670043,1183.03536679251,984.899466472405
7166,850.66,1342.67097493741,1323.49297742066,1338.72413303416,1314.06274869159,799.655611971615
7174,808.36,976.71851477702,968.89910860247,979.087607233423,972.520470570513,795.998598749792
7194,915.68,1248.57034140917,1263.29944265342,1256.91707476892,1258.76321784157,936.752464430637
7206,1444.21,1332.25808567969,1327.31600421426,1335.35480622506,1327.17791444134,1319.25142270235
7213,447.15,399.086844952653,399.158983276384,397.59477703695,401.754727065087,757.206590487293
7216,919.63,1049.38699240286,1061.97507253842,1060.03311850713,1044.24866509303,763.3395958058
7220,1713.3,1955.75870751807,1957.64604402654,1945.28745957214,1955.55554149061,1417.67721373235
7228,1178.29,1163.782585376,1167.5243384817,1165.01911733171,1164.82686516842,1372.83912892368
7231,1223.84,1372.11825322575,1366.08943189528,1366.58547842616,1382.82832335635,1353.44789013185
7232,1932.75,2679.31291983663,2689.56898380663,2691.95779622218,2662.03514421198,1687.62853162526
7242,1070.5,1208.44066147067,1211.7937464727,1211.50018114861,1209.92490899171,1191.73688036965
7244,801.62,749.71257996054,744.799889074487,846.86233780546,746.207670709634,898.046192160663
7254,2174.49,1541.64983788184,1538.90066401251,1569.18995263304,1584.00551800207,2073.01302323486
7263,1746.81,1739.62048710912,1753.28104933334,1738.33098090791,1747.97770700537,2124.62005760192
7289,1340.92,1428.33725296397,1429.4872733909,1429.06416016914,1430.08059601293,1499.61812522104
7295,1524.72,1472.03904451294,1469.74760126201,1460.42621473536,1458.47895890477,1719.58309254478
7305,1282,1602.99685225815,1614.0336235448,1599.99356471002,1606.30271333929,1611.72767731658
7345,1996.24,1777.98401349269,1769.04317918573,1773.83341988188,1778.04785061685,2248.56532234932
7346,2097.85,2272.01078916709,2263.68514544618,2263.30069344258,2266.38785025609,2299.87015176603
7349,1524.03,1387.29148576887,1392.04666000392,1388.21558882611,1387.4078056112,1196.57734294362
7362,347.89,346.92912124354,353.810136124978,356.077053348372,351.043473526902,464.690010212364
7372,293.35,251.698843578644,245.369429007806,250.487601255454,254.976111600388,207.127552975957
7378,1571.64,1484.39784300744,1490.93207047532,1477.57942313017,1483.72320562764,1401.83492441998
7388,1541.64,1701.21121719369,1709.62075475516,1717.31129064273,1713.07314134229,1735.31132318916
7392,927.07,994.847412985832,992.387607419112,991.684283320937,995.696193425996,1007.66020286697
7396,1569.93,1317.49843193401,1313.93469687532,1319.16243110489,1310.84254652358,1589.82138696266
7413,629.49,513.372170534424,512.032184964775,515.491947087285,514.278578426376,940.530428499953
7420,1637.15,1776.44465396912,1769.49890648021,1762.92284884281,1780.93075225165,1607.00187526619
7441,1669.65,1668.77063584742,1644.95768752674,1686.16503140722,1671.30483603647,1565.4576013905
7452,1692.54,1100.33751087116,1120.66321427972,1117.70937149878,1116.23649981484,2309.20428434835
7460,1219.2,1510.11031760681,1505.22228217868,1507.00779284496,1509.15549076151,1250.55365291828
7474,747.75,957.39077457399,970.80511359949,968.302609100707,959.135718088137,793.710791949288
7488,1114.01,1566.48884156418,1577.98538271982,1587.44174789594,1589.21699137962,1075.9635442722
7496,1306.32,1033.82470979298,1036.73190138604,1031.58826107965,1034.13350327163,1056.6446396008
7497,973.62,981.036169782321,975.742823850096,981.694622360122,989.888467884705,873.280457102197
7505,686.38,829.475352097026,819.795600078073,822.800223723748,823.158742756607,732.057612677581
7521,3079.36,2805.4137237683,2794.71102201234,2791.68269466604,2802.1792587199,2737.89157191974
7535,517.45,512.183670374322,510.731217456582,505.643493531359,508.343824194207,583.922711849424
7540,1601.19,1042.64544626878,1053.85902140336,1050.87931435589,1054.81045665715,1440.48701033219
7542,1815.54,2516.482135046,2516.92829762225,2518.30965314303,2518.29758400007,2187.4021768788
7547,2642.91,1835.28324149451,1841.3062648638,1834.10167591696,1828.8098877553,3340.87157930503
7565,1013.15,1051.7212987638,1046.31945968853,1047.22752846087,1047.64622892932,987.497478019754
7593,736.48,1158.35431582265,1161.91742080156,1153.34192192586,1160.3505927345,822.543170506996
7600,1660.01,1161.6018263215,1165.9654998515,1187.66031685627,1169.17617340238,1225.64554953627
7603,2378.9,1944.51276672175,1953.38713438261,1944.07591194851,1956.82870217347,2262.80812970718
7607,468.64,469.147440842666,465.395816986018,469.192177288518,469.323449023037,523.477829322175
7612,1353.98,1136.79979186502,1136.31613029098,1138.83509448841,1137.20727791896,1003.30869444198
7623,1309.3,1415.25712525547,1417.80707237897,1388.03094816463,1417.87056843531,1385.54767644731
7624,471.85,427.075399176919,428.414907124807,429.18642752285,429.988252063057,531.157958579208
7631,2161.92,2229.79335209984,2236.02752114714,2224.94534290527,2238.17926908421,2397.66917435372
7657,995.47,837.911033988248,837.847883879813,840.216614729338,843.120380235433,1082.88145090104
7663,327.33,362.70496303273,363.31845777317,362.571095675272,362.591379498499,343.887431274915
7677,2134.8,1775.21578620986,1769.92350098972,1784.19386423183,1797.61461139133,2336.82237253428
7699,883.17,1425.08574391325,1428.0111711951,1419.90144564017,1424.05908185252,955.84487565518
7708,1985.43,2080.31893848703,2070.22782546555,2076.29025497924,2064.89126231835,1812.95151188751
7745,893.95,830.307807422992,829.268269105399,826.288712004229,827.367653153317,984.767188566767
7759,1923.33,1985.89758232743,1978.17116578807,2013.0704614273,2005.47018736351,2567.31339510688
7765,748.77,805.517107753819,797.363395297771,799.176212579485,803.79276056227,727.384845489268
7767,1033.05,897.971870560392,916.091512530876,928.212425688342,898.999701092432,600.629155909166
7776,819.69,954.391312904023,955.330247691072,950.424074344795,957.18494613646,872.585369079649
7797,1755.31,1808.7486270853,1804.77235255715,1811.77908977924,1796.73960431522,1525.48569474802
7806,1495.25,1603.26496669845,1593.67354967884,1599.21814515223,1603.37754480907,1860.2050487418
7808,418.73,387.662563750266,384.357051878005,385.700632367603,384.285316736035,531.608612276526
7820,1326.72,1546.48953933397,1537.12460221336,1538.63095747046,1535.20697671232,1269.27811307187
7827,332.53,337.827607183793,339.767870764156,337.723049430389,341.115145746152,349.432593808309
7834,2424.15,2688.79870204784,2685.85548837447,2681.54345872923,2686.58110704156,2386.67872590745
7837,1238.68,1738.90087136723,1742.36305209913,1741.72992902952,1749.0186626924,1412.77677469549
7864,1162.97,1024.20876751517,1016.18584725034,1017.57401874619,1013.57908008206,1055.57144361088
7883,1244.84,1334.51890566995,1339.8137634401,1340.58756869199,1339.55038083088,1301.84104618929
7886,1899.33,1427.34617683621,1435.56897082409,1421.22443458391,1426.5609667713,1783.87840248982
7905,1680.19,1761.90149465034,1757.18688198096,1760.79274385269,1755.03148323351,1507.37584876459
7911,814.01,826.795587976318,841.62808021861,838.055334438423,849.846157746311,894.62497786904
7928,1467,1409.32092137402,1448.16718711691,1397.50945466804,1412.80347753427,1662.43973298968
7956,1277.37,1232.0106456976,1222.10972830484,1227.98547914889,1232.2701299407,1530.87245565674
7962,1895.34,2219.95235591078,2206.77665604509,2191.89950417085,2172.83624996885,1915.23818126147
7970,1814.47,2239.41903407105,1943.75573851417,2042.07836770641,2055.59567907675,1683.79685422134
7977,2991.98,2060.71318064678,2051.68850863037,2055.29910957534,2052.25025974913,3057.04626766601
7983,653.78,645.156400174528,645.210441852253,645.119545391076,645.224926786439,805.147307921307
7984,1502.41,1578.95484116027,1581.52361337397,1577.81319314826,1577.95739906384,995.99089237265
8007,1362.49,1448.29689382858,1440.41610388765,1449.64205355519,1448.09127912692,1458.43383192422
8010,1183.13,1201.59555368607,1189.00642886043,1193.5849821265,1197.8473663191,1277.7241700486
8011,180.18,368.722407166003,366.501131829396,363.825263387672,363.101593040041,183.434109296614
8016,660.13,761.856847675209,761.490614644579,759.249646168401,762.408274236549,717.813004461312
8019,2116.84,2163.94629915859,2162.98245925798,2163.65435675095,2164.72842058368,1841.42821252049
8032,647.63,712.753687388113,723.763808430968,734.331143110305,730.584417025289,536.18145500789
8040,990.01,1007.81340984937,1014.4349392667,1006.07710837535,1013.8787396174,1077.17227486268
8041,1029.99,864.383012928305,864.50281998403,863.750312328251,864.366849973877,1131.67736388633
8064,1164.86,1251.43748691612,1246.35171293965,1253.6551941044,1253.73928824929,1070.51644617098
8086,1115.19,1001.73783236597,1000.58259698825,1001.47908247782,1001.83562602246,1332.17490024537
8092,1504.85,1522.33710072821,1526.51836688707,1516.24931414194,1523.1368144667,1760.36860951242
8095,1015.16,994.31825917023,987.341782543084,994.327857081655,994.699269557268,1209.96987552935
8101,1669.65,1178.56071201613,1174.03136945572,1174.01323781065,1170.19271099154,1456.49436247514
8121,853.73,1366.88972910584,1369.51848681372,1368.13661491977,1358.41921657015,955.52091575212
8133,1049.77,1343.30841011555,1349.48437705915,1346.97800664442,1325.43804592956,1125.08730532288
8139,2797.17,2614.68039627656,2613.88808451045,2611.50915136946,2617.06757854145,2329.20891715071
8168,1454.25,1588.18982565584,1551.62307333809,1566.55957075768,1561.23183919434,1393.35668384742
8180,444.07,503.032321154718,505.012137464513,505.530475756022,501.696924880713,574.780157368453
8188,656.71,610.930142327987,605.522824337269,608.043064452532,609.239106314727,663.003594864315
8192,953.05,980.938971278818,975.025365901307,976.167539335583,977.766194948506,832.348518338809
8202,442.03,754.262168233638,737.315116143658,746.405192466063,740.483243586223,489.669910887478
8203,2738.05,2043.67367979046,2017.17269019774,2040.0094556038,2029.8343959648,3126.14629805183
8205,1063.04,1107.23195158927,1111.85809155061,1113.36573198025,1105.0483902691,1165.41832200125
8211,1228.86,1469.5942229196,1472.22780828679,1500.05071198443,1485.49904411588,1261.35626295732
8224,233.59,334.060162675129,334.836287168629,334.862365990464,336.812256493247,219.347021723491
8232,540.75,852.383212881301,847.492375389148,840.800517011009,845.385728440712,501.880965320996
8267,1949.54,1768.00556912593,1774.91589101941,1765.59293476264,1780.86242465229,1588.23085202574
8298,642.65,651.068819069606,654.031718086779,645.877417349105,650.786823083594,670.214250053754
8316,1414.73,1723.05520883949,1724.78743832253,1714.90099172998,1705.10823810629,1418.63724374523
8317,1346.75,1175.92998520566,1182.17690592294,1181.77207821412,1161.37422246959,1068.71880699949
8327,2031.97,1802.92623436498,1796.95458807546,1805.94769828827,1814.10770718701,1893.62671898395
8352,742.33,678.523120472961,682.119281261418,674.953524989448,680.214848950511,734.778355898423
8355,1638.23,1841.296499629,1843.42428381724,1844.57396996777,1841.1599475472,1756.74140816984
8357,1240.23,1229.9702332685,1229.45940126387,1230.15414153507,1231.16130223339,1153.79593500983
8360,1469,1344.73991406976,1360.12689150449,1363.96346194922,1350.24008162124,1701.65413632882
8383,938.15,928.51385660163,933.441646862536,932.101908474487,936.054572159842,1125.56834350844
8391,1791.81,1719.74615880741,1726.31027554362,1720.2175652138,1723.69313357857,1889.84213185589
8398,1679.57,1556.42728613062,1559.6881245067,1554.10692517933,1558.99777902383,2056.0941845901
8407,2020.72,2100.77082550876,2097.4023540864,2091.59332032483,2101.0537408587,2347.93509345823
8408,241.07,330.234651430955,301.36559062665,316.629995311953,291.373039750267,205.559670717456
8410,879.97,1063.8491214947,1070.21106656454,1062.90465778652,1063.01149827384,1019.97348662012
8425,1650.45,1417.10864554531,1412.16247748633,1416.4083451248,1394.40419145822,1467.53942640478
8448,1596.33,1190.67014553392,1190.20978066092,1188.50542149051,1188.70567304834,1837.17182615565
8454,1697.07,1782.29589743917,1736.30332905732,1766.23232219987,1757.55318932514,1608.658661087
8475,761.45,789.007165940447,783.187216483565,786.271544997931,792.18960553111,657.757528885904
8478,2225.15,1700.21454299521,1709.62679683894,1699.0999940018,1697.49070170511,1765.70936781976
8497,1278.13,1276.25594879653,1271.67312946113,1276.46149194833,1270.28211508403,1456.12207704095
8510,1557.84,1840.22293081306,1863.56355936641,1877.1237544296,1874.96055744481,885.0553079745
8513,1166.37,1192.19052235929,1176.31644255356,1175.34653873293,1188.0676855905,1121.66576588044
8518,432.64,696.658022648991,640.056716543268,635.426873094323,634.849572649446,600.403531708527
8534,2351.64,1850.9225330723,1868.11195329136,1851.25616894968,1851.82618791042,3226.91209443879
8549,1097.53,988.074451697879,994.867326632383,994.679184394915,997.243928522687,1175.84204977488
8557,1509.42,1485.18070494641,1485.8878864512,1493.92940667882,1482.28149869925,1485.20357869754
8588,800.36,810.035553048534,815.315318604513,805.717149173952,812.393076480006,873.74440851039
8608,2753.06,2050.87803152884,2060.09080997841,2047.31409518071,2043.56820036801,2354.65991556289
8614,676.66,796.568840704269,805.401565926375,789.861438524845,794.106658367849,666.307692930249
8626,2140.93,1873.76395009514,1878.75625215855,1879.91156082508,1880.11167058554,2032.38428345666
8634,1908.06,1736.66260478008,1801.5340389785,1744.62613361143,1773.07651108002,1815.92006018703
8668,1525.05,1490.25316102382,1485.92300313089,1485.21211721135,1487.82623786441,1441.87036910743
8676,1397.71,1432.61539096584,1427.52924941386,1429.85423180095,1429.28586906429,1440.47751521684
8679,2561.36,2243.11808789094,2250.90620571528,2250.90839777205,2252.33440434094,2261.05379389171
8680,1756.24,1570.4749826495,1571.46384887187,1572.95425329037,1570.00233511671,2345.54613619849
8687,1351.28,1653.60564359387,1663.11980397559,1653.7844599249,1657.07078487674,1772.14790928347
8688,669.84,625.377109954686,618.209909034889,614.703957181951,607.541280047554,846.162046574352
8702,1751.28,1830.96544662328,1825.89841963314,1832.98320835755,1845.82111033557,1555.11258665803
8707,1199.11,1482.18442459108,1478.62664873865,1477.45631609213,1480.18871906212,1209.19887820746
8715,2028.01,1840.04393289601,1834.44487983293,1842.53848369733,1830.55383550693,2138.68861983191
8741,2256.29,1929.58019659579,1916.99032760705,1930.69812663933,1929.72347650617,1971.35376127996
8753,1084.13,1162.63924153812,1166.6728865795,1163.83502299509,1164.37825808074,916.367446821173
8761,1154.84,1574.76160177447,1595.35405669425,1590.68641494816,1580.56429008545,1114.27212652585
8765,1403.53,1417.37569169317,1415.88435671975,1414.12785928193,1420.55282182221,1249.46529386021
8774,3074.14,2402.82909000637,2421.28077126846,2423.15717453804,2405.59135925944,2898.38695648744
8780,2018.73,2178.55924415902,2181.60720382074,2171.88746317136,2193.53452502966,2119.62804031327
8787,1842.14,1593.86194916909,1586.89866798413,1576.23459728088,1590.9001470198,1888.43597423609
8789,5173.62,4481.23065988003,4492.87325093485,4492.33605262389,4498.62713974094,5064.5356163534
8821,435.49,530.500814974809,524.417004764969,533.443820621445,529.195535279568,506.410606714776
8843,702.95,772.848503352279,772.458303497682,771.400048737613,774.698414854644,786.698259518511
8845,1576.47,1862.11148611619,1860.7521859875,1867.7829708577,1863.08547720462,1789.73771351472
8854,906.19,948.766051352443,952.150292212114,944.98715298279,950.071597451077,1022.36871480895
8871,1669.75,1746.24608405196,1751.26461042162,1760.38456103277,1744.87733030708,1002.70063251591
8874,1168.04,1604.20628955113,1587.31689328924,1602.29580342948,1591.32522448333,1093.90804672484
8875,931.14,1222.75697996056,1225.48432154077,1224.94336054862,1226.04565656502,910.348634173963
8878,2350.82,2087.61128112825,2085.6651835466,2078.370595127,2081.50073691343,1685.6849722659
8889,1717.51,1567.38750040073,1559.92767862082,1543.42333930229,1569.34028765545,1442.0677046167
8891,1363.57,1375.82681499842,1364.76346711998,1368.35671262616,1364.55862697211,1382.02996099647
8898,1221.71,1372.85779704654,1370.33540451611,1375.71486656342,1373.64198185853,1455.41149491456
8904,1695.74,1816.22159494565,1831.59164415527,1843.06045909697,1851.24063294683,1446.50930701273
8908,640.62,602.768970357461,607.566179204439,614.944126177495,600.484533838718,967.058791441889
8918,235.55,198.624520872311,198.616689337685,196.853221718753,197.844129126444,163.011159412808
8919,1738.48,1742.18882856641,1746.39959424073,1739.9947574042,1746.10522427051,1767.92841676072
8923,880.72,874.57709307813,877.282646699965,875.777472705149,875.833306143861,844.534364827953
8936,1010.69,1092.41039983516,1092.34313029986,1091.4642219403,1090.26378244465,1268.39875375552
8946,1301.71,1324.23366094099,1322.28935287153,1314.09655532402,1328.96152474923,1247.61383229343
8984,2247.07,2214.56781992737,2220.67670692182,2213.78830787714,2220.30209175633,2541.25459589479
8998,1739.84,1632.68884017895,1632.77085723143,1633.13784841772,1637.49069856548,1632.98776634148
9011,3678.95,2518.74439022307,2538.6496405235,2524.11858037213,2517.30873358797,4041.81771101962
9013,565.13,591.079484572521,592.957559113898,593.992711893383,592.568856288628,619.10798199649
9052,1103.56,1242.77843925002,1246.56729273515,1244.47325069659,1246.21524971965,1232.81411237815
9053,941.48,1044.65893035687,1023.58836152481,1024.42108173273,1031.7527592322,930.226615024235
9057,570.81,783.918587038666,785.688201042738,782.887699570012,786.123213220897,537.274255530975
9078,900.29,930.603688452639,930.110666365047,934.421772381993,927.998652107125,997.633363698002
9090,1018.03,987.647818677656,989.314294694787,997.60886324801,991.651611861665,1346.65497967578
9099,2867.12,2488.21700263745,2494.50113371078,2488.82865983546,2510.65077325713,2530.9092859264
9100,1673.46,1670.59130928224,1666.35352550853,1668.42734524652,1668.64980843986,1795.58512386403
9101,915.13,860.008471481882,917.065943627841,855.454599406985,861.081889440315,700.580377735928
9104,1627.87,1411.2326983615,1409.47904013244,1416.36614522137,1411.45861297641,1359.44606983247
9119,738.51,705.352818237892,701.760952000891,701.613081841523,701.042927494022,855.671907899158
9122,781.29,802.933763807808,802.85308410329,804.682691786094,805.652732098483,888.536626345739
9123,1103.35,1352.52029160161,1353.93947947759,1365.95580106753,1343.82648256767,1274.56594727752
9140,1627.34,1536.57664768338,1537.12098009504,1540.16717302945,1533.22854298982,1798.73948444271
9144,545.8,578.435649728148,579.323737226833,584.447916954523,581.659508547035,345.972608608427
9163,1546.39,1451.3188832221,1451.22554144897,1447.84052230025,1439.71879458093,1582.37904418643
9193,891.21,1435.70891542341,1245.66712424486,1277.61512645426,1361.44751719439,863.038056412704
9196,1690.94,1762.34246666233,1774.88553028826,1769.98439151809,1769.76344478516,1595.00557398968
9216,2455.1,1977.08617496055,1993.70463811438,1983.91377395876,1980.79736984652,2126.52752054734
9219,1207.32,1241.11386788791,1294.21525544626,1243.2538164847,1260.93976645179,1294.62937132481
9243,171.98,266.323937924769,259.487936741007,260.582646559298,262.227626614449,153.381202302462
9257,613.72,585.337202456654,580.660669927358,583.617782398793,579.466227443766,658.642320849074
9259,875.29,977.824597390542,980.294749358906,985.728072293313,984.696319896773,754.757055723147
9268,352.16,382.153962046048,384.957119134567,386.538262737768,383.017121538751,402.808138881714
9273,1878.12,1402.68624985219,1401.43049315145,1357.70456088704,1348.98457660922,2312.60888438546
9279,1218.03,1396.0818223102,1387.64819513735,1398.41207375485,1398.74621687287,1167.17345625045
9311,1448.74,1298.07824359271,1294.84102474325,1281.2429364356,1285.43663579247,1059.47877490896
9323,1138.14,1543.63621760805,1533.93186330873,1532.06531185867,1532.94220500709,1283.46521750069
9347,1311.32,1432.61102657317,1437.6127174665,1442.35791208231,1456.64461120785,1470.12698024732
9392,1996.53,2174.73361107083,2172.34077662175,2170.55982244468,2190.27958235962,1855.265321744
9468,1051.53,1043.70918276167,1078.93424953534,1032.4511959848,1081.54210920048,1275.43626963712
9477,1729.59,1315.84068489802,1310.27403590688,1295.52181512428,1327.75576800933,2040.97301108889
9494,1903.31,1888.21749409196,1880.92207855613,1870.08279816762,1891.71413624339,2211.19240411429
9496,1446.56,1238.320427527,1226.467273788,1228.73569693169,1233.62796864733,1561.50732293949
9521,857.09,904.836823312449,898.591625567478,896.581607210886,909.030532004224,773.837878339794
9522,1849.03,1740.86913881496,1748.29486447062,1742.75674144536,1738.21394796579,1823.61702338695
9527,2250.85,2385.17231640028,2403.06785755929,2404.94509328694,2424.73324241193,2835.37860514757
9542,419.87,327.371826378646,327.026093920883,327.232633557573,327.729151556272,386.244243930478
9555,2291.55,2053.59162956684,2047.53893240627,2076.14853487549,2054.74323934495,2699.26201355686
9559,1533.5,1730.69201610205,1735.08884506288,1739.87835861063,1743.56767628642,1267.03795205332
9574,577.36,643.225421625824,643.048629666611,648.315948451127,647.874780024022,501.572297790851
9591,729.6,856.11090800886,852.927555068036,854.072985890535,854.681077430209,701.237146179616
9595,1453.44,1367.77171017332,1364.61530049056,1382.55429949284,1364.35018662414,1587.44903895936
9619,232.22,273.608391069681,269.869185765822,275.159188788064,273.41343581122,195.402775220679
9622,1477.47,1508.4402642576,1522.82908320254,1516.45027178846,1514.71082164168,843.328583892513
9632,1990.33,1419.52920293515,1407.05792304393,1419.74836974845,1415.50999069121,1272.77688512138
9645,2106.89,1867.0512616273,1861.65096786009,1857.79248030544,1859.17376192932,2046.0091793792
9649,926.02,935.411849093053,936.941805316106,939.922762853386,927.255635123436,663.695507908543
9672,2601.42,2077.04908907912,2070.13658646784,2079.44282450039,2082.88248999624,2121.8339551959
9674,1121.22,1189.82430913104,1188.00736378524,1190.86086526106,1187.6366273827,974.222171852092
9677,1030.35,937.341410896748,938.367507021488,937.124568503448,941.910234509028,1013.22745589826
9680,1804.18,1807.674172294,1832.74179073475,1808.6294356112,1830.42426075244,2138.54576016559
9682,2078.8,2052.09769714783,2057.69569508341,2066.40825873311,2053.67583160382,2157.62440370466
9683,1714.98,1832.56597319063,1811.99249429984,1811.72513428183,1815.44565798344,1748.47144139333
9731,2388.38,2630.9270357568,2657.30623571371,2643.31715585987,2661.54009602717,1817.27188814955
9759,1084.39,836.08070595751,835.415860998745,837.464369972864,837.072195828266,1398.74568611591
9760,897.72,1289.43477840503,1294.43531352278,1284.77117893309,1299.46268565973,762.684588390215
9779,1054.74,1023.45749153425,1019.85044918153,1027.18500013688,1021.11002767832,913.026804804656
9822,1508.67,1364.72101063141,1365.71362576109,1368.80456325049,1378.76350332206,1718.33000350037
9838,2113.32,2492.41164141485,2504.4300561796,2487.3519557214,2493.88222627841,1917.77417664148
9846,1615.28,1209.35840183634,1205.14373372302,1209.84633067807,1203.95061229688,1444.35448678853
9852,2250.45,1999.82677883688,1992.52041745386,2016.41037508929,1997.26254944043,2514.07908590335
9854,1312.11,1506.10854815803,1505.60682527897,1497.71259964091,1491.84774146463,707.308034043241
9856,1044.79,1388.73768820234,1372.24967034122,1369.41092964934,1413.15286843104,1180.56799415857
9864,701.86,625.540278298445,627.399252513059,628.17170796788,625.670646379889,827.982637369958
9885,1541.21,1232.57499347512,1243.70168311019,1235.52751163796,1228.51006901304,1534.97429215733
9887,1284.69,1321.63783866745,1322.51453245285,1313.18534158696,1331.60801829255,1306.48117219649
9889,876.57,822.410247661466,830.282216116974,843.8920944979,811.997669151543,675.238699971335
9894,2615.52,2632.07726778876,2637.62301349715,2641.36123321758,2662.94196266659,2592.94094066897
9899,1045.99,1057.05053561903,1057.74074885335,1054.39415718954,1056.39844218472,1149.19986843413
9920,2177.89,1689.03283554316,1632.85961538017,1655.38744452494,1649.02923084427,2950.65652095378
9923,891.42,838.739222254186,836.620785469806,834.672950698247,836.137610023526,1060.58096465794
9933,918.14,918.82927631042,919.937995033574,921.271125478864,917.232889536325,764.601511305569
9934,980.57,891.675413821546,895.855618851489,889.016437791988,899.265474031088,1199.43288232038
9942,1183.03,1060.85397287841,1057.62513283293,1064.00143200581,1066.2683842471,979.484929861482
9949,792.89,913.648360940552,896.875649037996,888.74901071794,908.569730491757,900.284231671906
9969,1479.67,1514.18574902073,1502.44837223941,1514.91852878651,1515.63478036737,1543.69698635785
9978,663.13,687.501987973544,685.88720249406,686.378460868901,686.911509135271,694.620737638178
9984,435.74,663.340592798495,658.448291766091,650.667586931392,655.847371981247,454.364092920946
10001,2153.5,2303.00193675163,2301.28607907678,2289.75822868436,2299.71597082658,2523.37996390103
10013,426.66,348.184404782542,346.906445402118,351.407743643592,354.676538421779,419.764681701203
10023,1452.85,1790.30919413892,1791.75179532848,1789.47357561288,1794.13296744147,1427.17682345089
10027,116.43,103.249228342746,103.63379955921,102.551257519786,104.285058745266,103.66065932353
10044,1121.72,1224.77693318592,1231.47977630847,1226.2583800356,1228.47275350241,1184.64806723059
10064,500.66,459.756512808654,458.864729810227,457.690192447519,459.37282151085,477.273880315342
10066,1329.85,1439.79608782916,1416.10288764386,1426.32928813544,1421.27548292752,1693.51185140228
10069,257.45,388.338509918639,390.700433304287,377.439501881267,391.009158565644,207.665205429676
10138,1567.18,1398.89600296486,1404.06929175348,1396.56977334585,1402.66705266602,1176.80894168878
10141,883.9,999.57317897747,998.856963637132,992.699973781112,1002.06230508127,865.042638329575
10153,1516.75,1589.93578851555,1592.93828708263,1602.55355995443,1597.3333791938,1566.69521738512
10163,231.29,321.223395760023,320.311956944122,322.359564582589,323.671584052432,221.68940260444
10165,3044.36,2668.29979415105,2657.49351849603,2663.55762709722,2669.77788880655,3583.33857567452
10169,934.41,1383.94935356644,1381.5133198652,1386.72940923832,1396.19058413522,878.452255684822
10170,1093.03,1341.73226428233,1340.18649034386,1327.40561795157,1350.34643288544,1284.04086838179
10181,1295.16,1160.88733545409,1166.71046973295,1154.0778768726,1150.86387555395,1381.39918652287
10182,2015.99,1513.06330786516,1523.86791689995,1525.52504919942,1537.58990927481,1658.56094898129
10185,1833.05,1845.67983134459,1841.61671142244,1847.17651796176,1855.36308520701,1688.0633030812
10199,668.49,525.259051249378,532.829839045563,520.606763211753,518.266060288392,719.114475733021
10212,950.68,1373.75177162557,1361.89084608145,1355.63687394594,1363.29133676826,841.285955609082
10217,2703.59,2509.95895591958,2519.61957578265,2504.01404540467,2492.10676245839,2341.16944739796
10219,65.11,225.842573883818,229.233537082277,225.876098641643,225.455865691773,70.893441700528
10261,1244.45,1550.38938895812,1540.15047667232,1534.68732252353,1552.41326661972,1206.38151695595
10265,1017.09,1063.64685216933,1063.60635550387,1056.37070074416,1061.7599529591,977.668219278782
10293,910.91,1214.45067828357,1209.38065326639,1206.96086036962,1209.08632208381,1088.11499519603
10294,1123.91,1177.00246625355,1172.90121930991,1162.59383729361,1146.42193635152,880.403098018097
10298,2038.67,2598.6217918365,2707.76946176793,2658.05407631868,2595.85638336084,1714.2607798851
10305,2794.07,3097.50595455301,3092.50305616186,3085.05745988535,3092.64913506285,2508.06206121185
10307,899.95,980.823528751343,977.64188901515,979.373128872093,981.360750004955,924.498160366865
10317,372.73,446.883565087727,449.824287886528,442.421149863692,450.436879440601,358.946852036106
10318,769.95,714.934814263806,714.54418573797,710.601166922571,716.463602984578,661.757595258679
10331,976.6,817.157582223554,830.007057165615,824.921523903742,834.818411310742,903.327963266075
10334,1635.49,1827.33876053495,1828.73640041982,1829.25177050285,1829.49559375278,1327.99784570604
10340,2239.5,2189.55676136362,2170.66855667404,2192.88633138743,2178.17410699927,2263.58319649795
10354,1850.72,2136.2742368394,2170.88112121123,2103.21078431553,2232.31749386796,1726.82166565182
10356,1490.21,1552.62565010008,1545.84275489394,1548.67733644911,1556.63810920239,1375.51487594396
10366,1101.97,1018.45843303836,995.56471615559,1046.50652633326,1049.84357195985,1556.32036348975
10378,748.76,906.939223353491,911.974848555645,908.91886571847,907.857865305296,679.085375192659
10392,1988.14,1937.35379852548,1957.80609129008,1947.43181150272,1945.03463514714,1773.89656263213
10402,2281.62,1552.63258649932,1561.70976760482,1556.3261515294,1548.27856588507,2225.85629619159
10407,1255.34,1341.23220307435,1344.07405061171,1340.77355325452,1351.44217344628,886.531063599642
10411,1277.92,1339.96527075696,1344.49580889797,1336.91809241566,1336.82944620154,1118.40581606389
10417,2529.49,2677.55709468884,2675.00293294108,2680.68028085038,2689.60424383497,2707.41805735659
10422,814.92,817.212832204622,815.211040607587,805.480777649122,800.715119779894,782.696945025933
10423,441.43,537.838008290413,513.928400936477,528.316125534605,537.552905374426,479.676594028087
10424,399.54,372.946888936333,377.665873085324,374.796618058788,371.132960331714,419.532257636392
10460,3094.33,3316.56170871904,3326.86551423189,3310.13238224911,3313.62505005712,3343.89853819956
10469,410.01,411.587977350834,429.795484241663,406.172922165883,420.313361735906,406.661832817511
10479,1315.2,1282.53232182433,1288.61071717173,1287.60010827412,1292.47385177874,1052.11242969371
10482,1909.61,1803.39591504253,1795.6071959924,1796.16019149771,1786.08745315092,1752.66235353823
10485,1548.51,1865.21857022525,1859.56033457392,1868.04242463277,1858.39770339342,1349.5705139357
10488,1161.12,947.674986600772,944.761586432537,943.609739358442,946.863498191565,1338.64614039541
10509,803.6,680.690473470561,680.760615417609,682.666559155054,681.329109297998,823.642107847154
10518,1007.14,1112.88208617744,1116.18415503002,1115.95108221104,1116.37323494442,764.70945979441
10519,943.36,761.848226292733,759.875052612279,763.984516944224,758.522159002799,956.295565902425
10520,1626.37,1864.95564743607,1882.16034001982,1847.59923664346,1872.83957302544,1912.88932329073
10536,1917,1837.33497519115,1840.43165869853,1843.35866388516,1846.10568716108,1823.45709218492
10568,2001.14,1765.19242844253,1767.9821920585,1775.94257528713,1761.49068727681,2222.43829200811
10580,1650.04,2014.29877093196,1984.77570404214,1966.47326430923,1986.05496389349,1422.93133007748
10583,1265.37,1280.20980893252,1274.29995200252,1293.25352522235,1300.30335337958,804.6787518524
10597,714.52,739.413211867982,742.078086007688,740.549361248762,748.942426720276,758.629272580637
10606,1562.24,1850.78220688367,1862.1247173835,1831.47953918341,1842.48669318747,1677.81126736514
10610,2672.32,2839.9751572007,2778.45972154045,2755.17098676694,2799.56287843499,2292.741753492
10619,1360.26,1102.90472229442,1099.16704914954,1095.27388479936,1105.90629121888,1147.56152645485
10620,1098.79,1097.85948775493,1089.12032486134,1091.66212516836,1100.61327138402,994.002446194283
10621,2567.51,2683.31249884635,2688.02185551844,2693.256875549,2683.04019447133,3113.12617117178
10654,232.87,367.900953771114,365.019564913357,365.743033539148,361.577234658005,242.749098478143
10660,1929.02,2058.3945129124,2032.74760922299,2042.88133658415,2040.91796873746,2335.15963032039
10663,4071.02,3246.73351714805,3242.52011798758,3236.35555828891,3234.38550257818,3768.98205820389
10674,1019.82,996.001379240664,985.818187574382,983.617293017141,983.298472925418,751.143025521297
10688,1989.61,2000.24736435704,2037.60979000006,2023.05211878667,2025.44403213238,1953.72051110814
10707,1267.33,1252.16828394706,1240.14459220102,1255.95854315911,1258.96276386026,1349.19520712113
10711,938.21,1395.67048162508,1486.81156041974,1341.72629400465,1461.39986402957,1175.5901806265
10715,1714.3,2246.35392403918,2252.1391720769,2266.410603023,2263.03241708498,1738.06494729088
10722,2430.28,2285.57423263833,2296.03350851222,2292.4292137219,2296.66926510193,2557.37257756535
10723,1681.3,1823.31782747566,1831.81154580922,1841.26362550375,1845.48464090564,1381.48330799363
10726,935.12,979.701929383371,1008.7648155088,1019.09972161455,986.035264798221,854.328300261444
10761,1522.77,1446.39602575459,1439.96751592405,1456.58166316166,1457.87764692998,1769.61094320136
10762,631.49,777.162996211783,780.980561162351,772.288016613013,781.284310592592,462.140814511858
10777,1307.8,1414.17431880824,1433.05196148406,1416.18970259779,1429.80760317154,1498.7729696244
10781,803.4,1243.6120390629,1263.95701625258,1268.71080949957,1355.56940260097,749.258897447211
10803,1634.17,1330.2579650092,1314.17869172283,1320.7017544145,1321.59613613967,1505.45058194345
10812,735.81,860.848725141878,838.446232256876,883.30245722495,870.613749889255,575.340892850811
10820,529.12,474.501138473762,475.255046796177,483.192882630951,476.883385892264,631.967647713128
10823,639.53,1251.08691754475,967.474800301183,932.45122962381,980.134751959707,621.011496334381
10835,1595.06,1585.6394495117,1580.48579997774,1601.87567210278,1581.62411075245,1454.82714974394
10842,1372.45,1570.84721712294,1563.34865760791,1569.44538589034,1566.00009720682,1331.86401669358
10843,1978.35,2223.04608925829,2240.16936236989,2253.11353518617,2243.13589166658,2045.69691414058
10844,934.42,1063.21000498999,1058.97740537874,1061.16869293257,1062.81411610188,954.743870190209
10857,418.43,424.585831157259,422.662385113877,418.158140485976,412.084640743562,415.76678156256
10863,1522.55,1417.15563255066,1421.71422851603,1416.98676461705,1418.67994181053,1330.34416432025
10885,1750.75,1189.72177877247,1195.89189091825,1189.0633726091,1189.75665932709,1836.46667829075
10887,946.78,1168.41153914462,1165.58175558434,1164.5167401835,1167.14646069242,770.192607853404
10889,1965.9,1692.59475053958,1691.8659753111,1696.73524220342,1696.90907348938,1550.75746420413
10905,1322.01,1298.23131831406,1305.9410072577,1293.2842448534,1298.90834104277,1517.78678549496
10924,1254.3,1228.24263841216,1233.01470273479,1228.72483166436,1231.92287303014,1214.88955394326
10928,1177.66,1275.33516609093,1277.77578816751,1265.62490329228,1275.1667450203,1223.30481100009
10948,1483.07,1129.11365969188,1123.20756325518,1137.79459886384,1124.02194246614,1746.06179690816
10952,1843.32,1577.7430640942,1591.00243687127,1570.37607203506,1568.44385422977,2100.67334590973
10978,1854.13,2046.30629880224,2024.39003140947,2061.26826790719,2060.630303409,1668.85091458789
10982,1055.87,1165.94324295787,1164.30441351496,1165.8879598918,1165.38895880633,993.365556287355
11005,1016.06,1080.21314153722,1078.11789992047,1079.72973703217,1079.33449100172,1032.62691506146
11010,1002.67,977.164828647615,974.546201853308,982.775512783101,978.063899086409,815.177823647472
11011,598.42,590.675988345639,591.116611729357,592.356032922524,589.927722705305,618.635322001337
11034,1335.66,1284.72221910895,1285.58416464008,1274.48447981517,1284.51415874056,1001.47846861942
11043,898.71,899.245789214404,900.88769163336,917.973790297128,915.668990502493,1656.64162546361
11051,2162.43,1417.20844614331,1412.63397569117,1421.58325332371,1416.69965126433,1707.27291478498
11063,3495.98,2448.1929466602,2469.46918592001,2409.65499474428,2467.77473939249,3904.2556683676
11071,2101.29,2685.29208879723,2688.49791892315,2697.16699440165,2686.22289906347,2192.05612861644
11075,1095.44,1000.75221509545,999.163794023285,1003.9120422607,999.901480374719,853.560644111181
11076,879.76,948.194415062423,955.660270928832,953.879647385503,964.265254346341,999.889569822631
11089,1278.65,1204.03617991549,1206.50305978839,1191.1555158384,1210.13612006361,1197.38139817202
11091,2025.58,2017.40801542033,2011.87398122269,2020.31419219777,2008.27333746006,2099.7560698779
11150,1304.72,1044.25986286684,1043.98354138303,1045.47410177768,1046.39883139981,1352.99803438706
11151,1317.44,1546.39930439773,1540.46790095796,1537.96094429062,1534.80645727269,1483.01961277932
11156,135.57,179.666531213545,178.893713811825,178.464165153619,173.853550406799,47.3384720133677
11162,2889.2,2040.14247674586,2019.77425876943,2032.0546460366,2013.05445658412,2171.08758015
11166,1652.08,1479.34616993897,1472.48433548581,1469.5196675155,1529.35364851089,1118.34395745625
11213,1469.02,1112.68532519256,1109.98084835868,1102.25850401324,1104.93309782707,1272.73784879143
11231,2688.25,4982.35914136294,6127.39867112789,3624.98335999796,6486.4326894565,3041.48962584805
11250,920.49,1435.59246909081,1401.10040249065,1418.75124368808,1437.61874162438,651.994113394144
11262,1630.25,1350.60201695258,1344.40703494058,1334.63357645734,1340.19355166604,1224.69749773572
11263,1508.82,1319.58530947304,1315.73747774323,1308.94899516127,1308.29262743419,1537.07810010188
11265,1305.34,1120.85228456907,1125.64453096119,1120.68967975339,1124.65572991953,1765.99553228888
11266,755.72,977.759592360868,980.607483604283,982.819365025599,974.989036713307,872.514439405961
11281,297.38,299.08978744839,296.775941888491,299.251546618609,296.60791520437,445.091520363485
11298,1190.2,1026.57037054671,1038.61925450096,1038.91116147633,1028.36503071275,983.93228235772
11308,983.52,1096.80798311136,1071.584820374,1078.47766992293,1088.23951200061,1039.61378728077
11311,1925.8,1527.5221227409,1521.71573335278,1532.60011026984,1530.39453358911,2044.37079663344
11328,2566.63,1652.52537066378,1644.08084694401,1640.63469335203,1675.40179822881,2703.30681519034
11336,2024.05,1660.32425746751,1652.90341807009,1670.69275722948,1628.68670874219,2032.27632662295
11340,1076.67,919.770817991749,913.942780789054,900.211739631958,905.456899735035,952.794868163658
11376,1934.68,1792.93222927611,1813.84905645392,1798.44074060568,1812.11423718956,1618.1958810637
11393,1701.91,1586.83622224434,1593.6026852542,1590.39284826226,1596.28277878352,1315.52058320746
11405,1790.39,1257.651875294,1264.08036107549,1254.30531715311,1257.07203884433,1356.16286896298
11416,627.8,830.494210813962,834.294220784675,829.77169043344,832.845488913314,557.475361342077
11425,2031.84,1542.20051352873,1520.45730375826,1549.01187142791,1540.35729273239,1749.06609481807
11432,1636.05,1421.83502100434,1403.47510691633,1418.28155231504,1418.01917340656,1859.0979260717
11442,1167.48,1206.74599901158,1206.63043917694,1205.54728023885,1205.93629816816,1395.9451260324
11446,1126.96,1164.25293745447,1162.21128121048,1160.99425857363,1162.51056041624,973.756421916218
11447,2790.59,1934.4172631612,1930.55509278175,1927.61989827762,1930.2760337432,3414.9296116116
11462,1243.85,748.616900154339,751.002453107675,755.170654353532,752.976247100629,1714.6577898651
11463,1278.45,1573.36066614362,1575.36312551129,1567.2926794557,1569.86947931214,1656.08926331123
11486,787.9,869.267115490301,866.368944329003,866.049822883348,867.003357985789,980.011580484163
11488,3881.15,2532.00526796144,2530.35000461874,2520.15016224469,2534.02568256108,2994.94992511789
11491,1676.94,1703.01146965396,1695.57853823205,1683.90047913785,1679.85717014308,1469.61553573159
11496,1485.04,1394.59745560885,1403.44875244469,1387.36901296956,1380.65998573787,1195.04763079995
11498,1751.6,1277.75642821563,1264.68110700504,1283.3086641481,1276.335382915,1984.65158196524
11503,2880.19,1883.0708105818,1864.45331649747,1882.7037867332,1879.53276990011,3100.4721881503
11511,1785.97,1648.37411607533,1641.96878479212,1627.9507401424,1632.22770992478,1984.00444814879
11516,2744.24,2405.43900538951,2394.6156595109,2404.46178563114,2406.06037077852,2976.2717135783
11547,681.61,678.468858269472,673.849139019167,676.34835667894,677.228590903818,787.38575766703
11548,1839.24,1359.45577651382,1355.79071590365,1363.45716653861,1353.3227988907,1038.99614981771
11569,891.83,816.226990500014,821.184538662827,818.178262284375,819.337556618847,833.277750145687
11590,1069.48,1497.31725542196,1481.66510468754,1477.62320380966,1463.39408704619,1132.45626489773
11598,1800.11,1711.72135107141,1714.91685198565,1724.24255818146,1713.34302550918,2046.73926840193
11607,1739.36,1356.26004295278,1363.48982611974,1356.29267323547,1356.20441514478,1733.01492823892
11633,1319.6,1584.41766379061,1581.39870793997,1600.77545330528,1594.62934382786,1474.2470837748
11636,3061.23,2974.71141756428,2986.85305654983,2994.20821923151,2995.66096838704,3401.86348058144
11641,2156.62,1818.78006694648,1824.84457826309,1827.01987432942,1822.59780250688,2572.11396456809
11666,670.51,923.105500142741,938.070831523607,909.858937644193,922.070416369823,801.136982566672
11696,207.96,156.69166925772,156.547720058901,156.391031015889,156.645808509613,264.755373086591
11724,1718.28,1455.6765248417,1449.07187687614,1444.86742328599,1471.67547973438,1750.43063972945
11742,1063.92,1153.85269382531,1120.76780399045,1108.36298628375,1120.80857593335,939.409856595928
11746,1406.23,1379.23410091169,1389.30919063837,1386.25159824924,1371.54955603616,1317.39204516732
11778,538.68,525.436710683594,513.45766954472,525.761144287208,517.014722428847,585.460797374332
11790,895.54,755.593115811962,754.622347683399,758.96251710364,762.33288255208,1112.59674794316
11800,1012.71,1125.1223443826,1123.70947429122,1124.35816519991,1117.79986455546,1037.97239922249
11805,910.58,1058.27002070035,1042.5231030521,1018.3457517419,1028.10227893567,1006.61922405103
11830,562.84,819.886949100685,849.803080213861,872.072422017183,864.340360830871,593.28496465199
11855,648.05,699.485885174644,703.386412108074,702.264016069851,698.605183896403,552.554650298867
11869,213.29,242.730332326135,240.886975249444,242.769990605212,242.061273183897,222.679353995283
11879,428.52,722.5242092524,724.196431475419,726.808056320879,729.429806026934,488.287702888796
11881,1953.63,1810.89922508051,1829.04910206604,1806.17132334461,1848.01407723536,1696.26408183019
11885,1610.9,1551.43717841106,1548.54953222133,1519.19991057586,1531.55576283806,1622.56618944393
11924,1045.63,1037.68091910458,1029.9627459701,1037.68795874755,1037.05453757149,1215.64532075351
11926,993.86,981.83622931054,984.636172997472,984.932517526519,982.826532835398,1186.86158650847
11935,1130.24,849.379817304586,847.586519679529,848.716849973203,838.308848983164,922.033420394926
11952,867.26,1623.67789262084,1635.79133218694,1647.46981446918,1614.34777251579,944.28200738927
11959,922.11,1318.44145828268,1317.53179151078,1323.00922331601,1316.62646915401,957.940928174695
11971,639.12,869.377611836662,868.910776606026,863.615500706383,874.032694795752,614.998309260951
11993,711.2,721.39777910235,724.243554097647,729.017544698347,723.332298315077,569.557996025864
11999,1373.57,1560.5849952854,1582.81291365104,1585.77222452479,1558.60405095669,1683.01618924923
12004,873.51,1074.85229270761,1073.79870831087,1075.60304846377,1084.97454688368,1050.40405833396
12039,401.86,442.861375600423,435.439975083698,439.971880223595,440.657717607258,244.317671523362
12040,915.78,1031.25801495798,1030.3606847579,1026.68378480376,1026.80288626098,933.079985204125
12063,2678,2733.6869123111,2754.5847568968,2751.93960707995,2755.0798037638,2353.63522004143
12074,759.69,731.437295615893,717.432985504312,720.955024809151,723.781776534761,795.164822128465
12083,1730.84,1467.0922147566,1469.12997144261,1469.49184763297,1470.40948256113,1688.84201588616
12100,1652.7,1659.00589611813,1659.09628515346,1660.80379970112,1656.4288787388,1752.66520680643
12106,2011.39,1992.99397894377,2001.39045888867,2000.02690072217,1988.71022842853,1888.22323370702
12107,2183.89,2171.70465035844,2165.06641169785,2163.67732204516,2153.58652105087,2469.87165075346
12110,998.79,740.843024815129,739.508908429948,738.494713249897,740.067867564426,1066.05338392426
12112,1342.78,1389.60582913878,1372.72976230659,1378.30655591341,1382.51132692424,1332.73114615859
12118,1710.3,1736.315419773,1745.69286721897,1733.71044496013,1731.16537423465,1841.84752165326
12128,1028,1690.07253685982,1633.03654978242,1765.42225200584,1700.98930752354,1068.4988081646
12148,2564.25,2579.95816473441,2608.47788679814,2583.47842093531,2567.68000105622,2994.97812539342
12195,363.61,470.297470726869,473.158511919262,469.792326890971,471.09111307202,296.933986041231
12206,1812.94,1447.47900354221,1450.35670872764,1455.17860773078,1449.91279861998,2489.25945898592
12212,1186.48,1246.69305399687,1246.41629492002,1247.12440795168,1246.80823561561,1225.69389801389
12219,2650.97,2727.33922139192,2722.62511438402,2718.25587196598,2701.04229892212,2225.23913908491
12235,1889.16,1886.54712086932,1872.93088359043,1892.34990665085,1877.26852860682,1072.57374803022
12238,1442.91,1337.77353323471,1338.31476003422,1320.86417217083,1329.11256892203,1393.11049173748
12245,1230.27,1303.44131664452,1293.50129822047,1302.32418044876,1291.2072248487,1163.03065529922
12250,1679.59,1481.16462706946,1458.10837234036,1462.97466739743,1466.87852861586,1907.2432560796
12251,2618.14,2070.27883647084,2078.95039627339,2082.32485979536,2069.48428824425,2935.40845217262
12255,2722,1876.66269272524,1876.17056839231,1866.89850521851,1878.12987420207,2043.80495571772
12266,1218.73,963.377037449077,964.621413742557,957.732674832314,964.247098615389,1416.46069810523
12271,1719.82,1385.75433346359,1386.12917819646,1406.84573461687,1398.63241085389,1821.48453164043
12277,1316.23,1688.71356896283,1666.76339182586,1673.51791266526,1681.99242424254,1313.94174232233
12283,1093.55,893.147756267916,883.537290015345,877.880604742656,885.477973253214,808.558946997109
12295,1108.42,1169.99548309292,1177.5230623009,1175.14836313816,1173.25830397155,1371.6313365562
12313,1664.93,1500.07832994344,1490.45600283194,1501.94347107003,1492.03492688919,1528.27333594342
12320,1392.28,1506.75721391815,1500.00757115327,1495.16849034361,1499.06077598977,1186.89284667527
12322,2056.33,1744.25949006744,1754.68039810572,1756.08850668172,1740.25937582618,1816.10310589795
12329,2175.36,1878.64301296834,1861.09430316403,1879.02740935095,1889.13013411061,2412.51712001362
12330,1434.1,1424.63657254192,1418.7115200442,1431.04255671227,1441.54226013135,1181.17953056578
12336,852.96,859.790918497019,864.174938724039,855.271319264838,857.774787718678,845.592313938868
12346,975.34,1174.00760686017,1180.76377011131,1179.24591053753,1179.84062244103,974.17013922506
12359,1356.11,1462.44991743893,1459.44439110773,1458.4912327519,1457.5250074929,1625.53551714337
12367,2954.29,2160.56445972762,2187.43180613221,2172.17277636131,2154.39386459429,2679.14730846531
12384,1779.72,2140.63766339366,2132.40906322421,2117.30884874265,2138.61543325322,1817.78423076552
12395,1764.51,1889.16812345494,1888.21633827206,1887.80568454839,1887.99950149146,1666.66622855287
12412,1790.18,1634.1693302016,1617.21044391053,1637.90396519773,1636.430999118,2182.50534932327
12415,1698.6,2047.71330269483,2058.62857698131,2042.78414353723,2046.20874142867,1842.75969285385
12420,1553.26,1618.99773485214,1615.68082680559,1615.35949416006,1619.95416636609,1467.43378995492
12449,1076.6,1525.44527984667,1527.07583615185,1521.51167315847,1482.41113326049,714.239409642702
12461,491.43,686.527375564295,676.693328025552,668.318953944142,669.915258999094,366.908082658524
12466,174.96,242.820284437999,234.445902378245,235.868964000798,232.845457220039,209.281581307359
12477,1152.44,1301.27760003009,1291.19501076063,1288.51976303295,1291.12657547669,777.506399429108
12493,1359.03,1440.40105767807,1440.23165829378,1436.51822640018,1437.33101954929,1778.96490116875
12524,1250.83,1572.84313589052,1579.8386778068,1573.54178329204,1574.58560160504,1375.03952511215
12539,854.79,773.920175921525,777.943716938842,774.019539058923,772.869028301797,745.73594841972
12564,2767.67,2521.13113759392,2521.42700033578,2518.78126572476,2511.23102757636,2947.18270763424
12567,921.27,1054.99140502272,1045.4619077069,1059.11008719797,1062.65076343097,1144.94314922292
12574,1657.71,1333.31582720831,1333.54140019827,1330.02439915316,1333.08635753034,1562.67885761399
12597,2260.2,2159.82904141214,2132.72880756907,2133.00818583559,2139.67485705866,2409.73858000309
12623,1326.63,1312.5112895316,1316.11972809694,1310.93452353986,1313.09664047211,1399.18678546557
12667,979.95,1114.84134751628,1115.58341639257,1111.60996592034,1114.02075556399,1140.91800352797
12676,1018.34,1336.95660958855,1323.2721141599,1337.93959853064,1325.79956809552,907.57740500168
12688,3100.05,2872.97079281369,2883.52637871014,2867.87695948565,2871.14609759572,3559.77530287791
12693,2697.35,3087.35588755632,3083.177451636,3073.83147254442,3075.73987710068,2976.96260570389
12694,802.08,974.82177474925,978.690930480697,978.133437812792,966.460252611482,799.954944459053
12698,990.52,968.028810144254,981.182239863477,969.561669793185,970.768851734326,1109.33419906223
12701,1103.67,1350.58413944839,1351.01880164874,1349.58770282079,1351.02959842922,1196.74848148487
12716,943.11,1099.52869691942,1099.39662319584,1101.65507050018,1095.33924288087,885.477456547183
12741,2072.63,2123.07262319613,2103.60048553275,2107.28031167677,2103.70559812542,1852.70409146551
12743,2138.23,1972.20313917361,2068.66077652349,2037.8008889348,2140.72757281968,1582.84634467474
12749,519.6,650.310298957239,650.348453940457,657.445038911699,659.704679403446,349.50310113562
12758,2555.9,2517.98630589513,2514.58573796587,2507.76831477053,2511.96889366082,2493.23766887446
12774,1930.01,1972.48622508106,1971.29328095501,1971.20410704912,1971.75643214882,1687.65368339399
12783,2329.95,2276.4025780792,2277.68978512459,2281.30320661994,2265.8353608532,2087.64720556131
12806,832.01,941.212761621683,953.882682642534,945.380370652312,948.12014468068,959.754758404697
12807,613.65,633.893898639466,629.023989178309,632.664672601914,633.805167280311,749.771979419554
12820,295.97,330.536369833654,329.732840222421,329.570453506794,332.070028068817,280.129649458294
12821,1542.93,1670.20028237427,1680.1182615948,1689.85654323113,1680.34701564258,1432.08137271878
12829,1203.66,1222.57943016776,1217.36139992093,1223.50813179973,1235.91839008715,1135.98527527279
12857,1728.56,1416.18778360011,1424.62010702487,1422.11036218826,1412.34695072328,1885.89928456377
12860,1853.38,1535.48813034738,1525.51073812682,1530.55423680047,1519.98994985951,2060.32200162876
12865,1884.64,1931.48369579717,1939.9520829035,1939.19965018708,1934.08751363431,1881.21102350363
12889,1012.35,1005.104413413,992.51737892776,1002.67517396748,1008.11490813088,977.594883105733
12902,1286.98,1321.72412299571,1324.38000432687,1316.43405977183,1293.94739745361,1280.90010966179
12913,1415.59,1415.6377647614,1409.08032687736,1412.10421155804,1421.65369062252,1600.9887813601
12917,2732.35,2743.8213655333,2749.97144136195,2739.93334464971,2749.14564828196,2673.74381007642
12968,183.14,290.513576108825,345.757328376953,336.877056159067,296.279994654011,175.319227823496
12975,1808.57,1385.02842986947,1384.56503478333,1383.1178407924,1388.71886504058,911.996058274228
12982,1088.37,1258.55765266513,1222.2760244909,1201.74886131833,1214.6372767701,1123.18673206327
12984,958.46,896.749590290965,901.821476055325,894.086344567266,899.549693552406,1044.32120744326
12987,1283.75,1254.9129449108,1237.43744352484,1259.81645577184,1248.97372055979,1211.02166396519
12990,707.72,783.01370939644,780.950565970724,776.577598626922,774.664384985664,577.157365416728
13003,2318.21,1736.36091326169,1735.48728754953,1726.12390554305,1728.49637087727,2250.00015080276
13004,1092.62,1231.20204958042,1242.35166980757,1258.08439492392,1244.18481321452,1158.58553406718
13018,756.44,848.539767291949,854.507899847717,835.879219588541,853.148923936923,591.278911657013
13059,1245.03,1515.66580797716,1526.83885074711,1530.66677272587,1533.80929259592,1329.98319994296
13064,1911.82,1914.58863249503,1925.90318892571,1924.96501534023,1915.33616415979,2124.53391946746
13082,734.46,789.191668547618,783.023757808281,784.654505035656,784.313279933525,1007.104825568
13096,1554.94,1868.73476726794,1871.37718894519,1869.00965931388,1879.94708637283,1438.74523643854
13098,934.61,1026.76323712388,1025.44809052082,1035.37204759535,1012.17140939661,1204.15559638265
13103,1765.36,1703.71363734767,1702.34183118072,1708.94340376732,1689.76644143097,1904.34098614878
13116,1206.98,1017.87870856774,1014.84932030989,1014.01447276223,1017.08225784773,1271.15488386259
13122,4161.55,3695.57296733467,3688.16827456102,3701.1747409819,3708.46786421255,4488.97745165833
13123,1514.85,1544.17552395574,1540.44166709288,1546.84431285268,1540.86551483001,1557.24213738338
13154,1018.03,1153.68788882258,1157.56645981077,1159.09615066215,1156.35569648415,947.426864377563
13157,226.34,252.959431486383,257.445162593036,252.915207600633,262.833939100442,203.841513267387
13179,955.18,896.400518688751,899.549192630364,897.255260978874,890.308806516833,1067.73953420952
13182,1134.87,1415.41052246904,1525.71271947066,1501.83736537436,1367.22656871362,1409.46510447265
13189,279.01,393.104796531056,391.031172275602,392.402748715258,385.568050294512,279.244410536002
13207,552.35,680.30955982977,677.591709754452,661.059964000225,683.939791637147,712.116562039747
13214,1569.34,1322.06711584065,1322.69679014084,1322.2139188255,1318.77022619985,1159.15117906242
13216,2128.59,2207.57775535605,2223.36701913936,2227.44747177652,2233.890864457,1687.17009205493
13278,2400.35,2201.35669121381,2180.10638503716,2197.22461459947,2207.95002244922,2568.02894487201
13290,1640.16,1725.18193449924,1732.40597409751,1731.07829546255,1729.12567535972,1576.16432441201
13291,556.27,568.798404136385,577.205709345057,574.527836367147,574.691313624505,758.461396946973
13320,1283.02,1208.05359270348,1212.29361963498,1210.08974344715,1204.12003310745,1456.37424113012
13327,1156.91,1061.50337305485,1042.77876273345,1046.31006280747,1045.41933167692,1290.37307461396
13360,2102.88,1592.39542956684,1590.36316095997,1586.4115631736,1589.89276545874,2146.2104956189
13363,2964.42,2463.78006602833,2471.77031891506,2477.17763568173,2477.42456947431,3164.8051923938
13383,2990.62,2696.21355741337,2687.73937180268,2699.75604429842,2681.35237812041,2821.54709306911
13396,1189.4,1058.48273281386,1056.53578295311,1047.13030401794,1047.8014701853,1146.416352158
13406,1131.8,1331.82133948113,1341.16462850761,1319.53161289907,1329.79304504311,1083.60446024707
13435,2462.33,2462.92646345459,2448.38055819139,2454.02057179113,2465.01567517742,2467.5631838524
13488,1392.78,1345.80962993913,1328.53079067009,1357.85002559493,1337.46047746504,1904.91505473287
13500,1998.72,1746.77579638573,1733.74444750206,1760.52891990801,1782.66365912843,1955.23110283145
13533,1466.55,1489.47385027447,1490.72855979753,1480.09480067007,1490.42915148922,1756.53414475393
13548,1336.02,1442.71252230512,1427.95029358622,1434.37823117605,1444.68058920555,1498.10598709014
13549,2689.97,2702.49266700723,2628.54902915366,2584.62362217414,3348.11943959887,2777.74377284419
13566,3041.02,2366.85987012318,2345.16634480599,2351.38335657766,2347.03283767325,2699.51019202878
13580,1035.13,1009.91069031228,999.00433684501,1003.47981610882,1004.18184746691,924.588684011014
13598,2684.72,2311.9079238621,2313.68934854573,2315.46069149899,2325.92664079749,2006.76114538315
13601,1124.23,2676.91024852417,2769.11558370171,2702.84995102095,2952.80891738103,1080.10606732828
13609,1876.08,1726.99139290176,1730.69416062366,1727.82961155388,1716.92876119781,2153.02113193388
13623,1667.62,1497.1107260591,1498.00110061568,1501.28455798926,1508.55654653032,1983.4201038495
13631,1011.63,1183.20008902008,1181.82314126325,1185.1402044555,1186.6919324884,1100.46247699721
13633,1033.81,995.730300747517,992.832819824871,996.998994893468,998.33991907014,884.370218495903
13666,716.61,506.92147474869,503.533531737061,502.51779827552,498.622330443328,973.40273583219
13669,279.18,372.644707882029,369.450316502349,371.532875334645,369.961423902224,215.604069658125
13684,190.96,303.552572461315,317.182954547721,315.625247522134,307.012764405358,227.616970408541
13687,1082.3,1134.61364354817,1131.22618397592,1136.68932856387,1137.12381767933,1399.41402483709
13690,697.11,703.091153653425,705.115171461091,702.969236834225,702.356620498291,674.864616785703
13697,2432.87,1572.55562181885,1572.64138960888,1579.41883785637,1563.83760270976,2120.265393271
13714,988.29,1088.81541372089,1083.45762076345,1091.35716119654,1085.57420009152,935.996020864841
13717,1755.01,1743.82084502936,1761.73192423704,1751.36428445415,1758.17451680032,1988.35690835938
13720,1600.11,1812.15001423943,1806.8111452886,1803.38464072367,1807.32672687705,1778.64260096244
13750,765.53,831.024097354495,828.54464570838,828.750143508922,824.346106717707,869.523095851143
13761,1446.35,1853.63895977133,1846.46780763839,1856.54883384835,1838.95172162478,1727.2110050942
13787,2387.63,2678.75087017566,2685.29423566694,2674.95620543108,2673.07131170116,2479.72124954825
13793,934.19,1305.80154595495,1306.14741502015,1308.80568427829,1299.69679135623,787.842545366604
13827,818.7,971.217991825932,975.375842491097,964.638543614264,968.182410896944,890.905061901359
13831,900.92,865.364069667805,870.250588182732,860.300165620651,878.794293200378,927.368320984239
13856,895.32,1178.64056469879,1181.22874721069,1163.55623871692,1163.69699751318,918.925896650484
13890,533.87,569.18055255678,558.643127247557,565.998475849003,559.42392646067,558.129618741465
13896,885.24,951.492690565223,953.617700495108,951.756572380505,948.96078183966,686.621445480526
13910,43.65,21.0499999999996,21.0499999999996,21.0499999999996,21.0499999999996,73.1855410321176
13914,1941.49,2213.93589198708,2212.11065900555,2218.98222685513,2217.07425897268,1876.59043514641
13966,1518.12,1403.90344777754,1403.58440615408,1399.17237118946,1402.22330065359,1710.62685896054
13979,944.43,1071.95549000922,1063.10894451028,1048.9645222484,1066.63670368285,1088.13179094114
14028,2466.89,1538.71629888448,1516.23066749112,1552.18151247549,1523.51060893372,2282.86516944223
14047,322.37,388.08467886719,389.698706254058,391.353635821908,391.337557930894,317.852419962624
14069,1091.51,1117.80069059355,1122.66573659397,1130.2049209978,1139.35053008675,1058.8577321194
14077,1597.7,1775.77538079114,1770.88518279336,1772.432426486,1780.79211667438,1603.99245600024
14081,1006.08,823.277654580635,826.3451133186,825.538194261494,825.963123857968,1017.46373322299
14082,2448.26,2748.49076460731,2766.49179158447,2767.41119362468,2731.19168725658,2391.57150101832
14100,1259.38,1751.07966155618,1742.49061232577,1735.48065673706,1761.38563938508,1338.16235838844
14126,1264.01,1228.05952068605,1227.84337482707,1227.39771267824,1233.37107759555,989.821161477651
14133,1950.67,1536.37769192202,1527.60254146962,1541.30997488053,1526.70828628017,1404.12713398496
14139,2824.37,2199.1280776099,2164.72388390954,2191.83219982687,2146.35280857743,2983.00985744917
14147,707.33,733.161540366856,738.812379164094,739.793627211422,742.9175158904,638.578848561741
14150,1074.34,783.3664206879,778.998857356789,778.377129208754,781.330512834552,1413.21804914168
14194,1559.23,1504.65552198559,1496.05826015127,1489.59395107547,1509.01290608866,1355.64437846658
14195,1885.66,1742.18513965363,1709.26575590304,1742.82238102251,1738.94101747522,2396.26104126239
14207,883.36,1259.31132033253,1186.52182913182,1439.38479450263,1654.73105452276,743.878551124305
14209,1073.79,1350.83043433817,1341.06850853405,1337.94107677747,1381.80050783765,1288.27822259
14231,745.92,865.368275324873,860.816466050573,858.903131097154,864.523181134867,892.238861434829
14235,2711.29,1816.54922296948,1822.05783967873,1814.92509338726,1823.31466115835,2268.52378092859
14240,625.52,795.403106311388,798.331056259685,793.091738479868,795.014643169635,658.694925316151
14241,1729.78,1686.05008351099,1680.32542748319,1689.00820874743,1688.80116468647,1701.37634923786
14243,1873.31,2028.01046852468,2118.50950949564,2108.48288009765,2059.74359331699,1590.52802542064
14268,1295.1,1110.17837136423,1100.2807016709,1106.28915046264,1105.60477177774,1684.14795134487
14340,308.74,396.921661774848,399.68936529531,398.108273120088,390.81145594892,252.049606794418
14341,682.19,696.085652547339,691.500916971267,693.892481955553,692.666788528953,785.846535026061
14372,1409.52,1454.72425015429,1460.52503855264,1465.2562166602,1463.25474084694,1401.48176428477
14376,1090.25,1088.78851297655,1091.20370941301,1085.89476373885,1091.79407015426,950.990536619211
14386,1062.35,822.292033894186,821.475412941413,826.325400735916,828.776981465117,1043.7209595137
14396,979.72,789.676972205283,789.973796794718,786.732371318005,788.752573280809,1125.96093440026
14408,1695.49,1628.2804913861,1623.45426623218,1631.51317599205,1634.90479895886,1635.24912277056
14419,2932.29,2673.79911357171,2688.84989728558,2695.18397965665,2688.48380750556,2490.57386501194
14423,318.89,274.549341751656,275.119225095908,273.483287632808,274.980440622472,298.941405173844
14427,1609.3,2078.32239320799,2072.731579241,2119.99966532656,2086.35441129394,1650.93946995184
14455,1665.37,1331.84470155519,1340.53769455217,1343.08993486013,1328.2361289577,1592.09900496387
14471,1020.14,1466.33488787203,1667.92827516964,1652.48009246115,1363.86173153037,1013.16178977328
14478,855.41,823.125543455262,824.640316319264,825.542619977866,827.617813878021,1192.54741262543
14491,1907.99,1770.99814798697,1769.95360213659,1771.57805725668,1771.78841376818,2529.84734131398
14500,1921.39,1095.08664733364,1077.18467136734,1090.93024181654,1083.82268187211,1299.66929541616
14502,635.19,569.42700290061,570.457685236566,567.693290688605,570.517089681513,909.322927106674
14520,493.83,477.453240168466,477.442759368036,478.686302661502,479.389962818254,447.403371984137
14523,650.17,632.284419594932,630.026684457039,631.112479394956,631.490144373904,637.564187311485
14527,968.29,998.775848565746,999.879709728091,998.384087156746,995.895074478537,1069.66192641435
14532,1063.43,1090.92018256813,1091.30255130987,1092.86179620588,1090.34515267216,909.135291756471
14538,1921.31,1850.84428085993,1861.66926505231,1861.70006337757,1856.22925198669,2313.41472608576
14549,280.49,401.698502904246,403.708376484863,403.857190797092,403.141457208309,272.372722372142
14560,1801.97,1862.31496321833,1865.64219077768,1861.49475897782,1860.45370094325,1630.0574350479
14563,920.01,1182.51292221856,1185.48310883061,1181.70479240098,1182.88562452588,1078.28766923729
14569,1761.67,1143.06780350825,1147.24615714091,1137.81827584919,1147.90402543618,1953.44062553774
14572,1376.65,1675.43079879488,1657.58918323865,1660.34278725177,1649.90437506699,1355.70104003837
14573,2028.39,2263.84666668169,2260.65099477824,2265.38883000306,2253.89650970574,1986.63269157005
14581,1641.91,1728.18392033856,1725.4235600067,1714.78351698943,1721.46966382039,1287.5887465134
14594,1184.67,1231.09805168461,1234.80123454604,1221.05014825958,1207.29330587296,767.13476634413
14614,391.54,404.379547229214,405.55581671956,404.956466455848,409.457302515626,402.696156723111
14644,1614.95,1598.18643177371,1614.52363727875,1605.23889953603,1605.47850736509,1284.89062506061
14668,2559.07,2576.19839620002,2582.78595262498,2572.28522650578,2577.00995957913,2910.39261800729
14670,1755.73,1277.19708047612,1278.60100859596,1274.0780889703,1267.29725467614,1375.43438253985
14673,1350.73,1359.16673916828,1362.82702388789,1361.01534548585,1362.22418968982,1450.66286436092
14674,1220.69,1473.86017206346,1486.76882049525,1483.4863215386,1497.41468997056,1250.74157789639
14690,1985.4,2101.45840882773,2107.13315946087,2114.3706737371,2107.88327580494,1696.44714947264
14713,2187.12,2290.70562265507,2288.0317625427,2280.93225298378,2300.0557492704,2056.31206127758
14722,1015.05,1019.82886125006,1023.62562346605,1029.36764274894,1022.20293018169,920.244081982647
14725,801.34,837.270050206877,838.529818287019,834.970671930453,836.856522725914,797.311980164903
14736,592.37,638.259444608296,638.311280454029,638.930437669525,638.042463024754,620.902378498738
14756,1095.71,990.334711497989,993.900297066439,979.370897042347,985.472315282056,1326.41903955703
14758,1328.17,1218.27553391446,1221.87270466349,1203.12985166108,1226.14449904718,1373.81131053519
14764,1905.4,1972.00323089277,1973.73412415427,1981.05537701878,1976.39947638285,1802.3856015409
14805,1513.77,1540.32960362115,1517.92436614129,1531.11789905951,1562.67009172296,1782.0693255814
14809,1308.62,1540.20605027252,1542.11455522057,1543.44035617683,1541.50930425121,1317.72478940416
14829,2006.91,1751.52921752887,1750.46500370622,1747.00814716446,1751.86151112971,1895.86310907667
14840,344.51,418.994845879875,421.436787929466,417.891377763767,423.525583538523,400.135269170058
14846,1670.27,1219.88837216306,1216.87570485257,1212.41957992073,1214.81715758857,1992.54310048653
14851,2428.5,2250.93961552749,2267.72989451113,2254.28640194227,2259.40011028655,2112.69349656281
14869,2343,2079.94922459333,2077.39735808921,2080.48948418093,2053.94455150519,2331.96143443243
14898,11.32,5.55811853521062,5.55713718490203,5.54215440811626,5.52597947482647,11.32
14910,1172.43,1238.25789516263,1234.46007912723,1234.4424978017,1232.42254811299,1073.57651554975
14914,1491.26,1511.54006819094,1510.88119742459,1516.7225028148,1516.86311682635,1643.53725311584
14918,1525.17,1650.68125129404,1647.55263771306,1652.64608925429,1645.17379985922,1662.4708676519
14945,1628.06,1727.32138903482,1733.72901995185,1733.52384851622,1731.08057466147,1644.25904895881
14958,1481.4,1682.45453659034,1673.38194817785,1679.38176412326,1681.56388449057,1573.64522839306
14972,1223.62,1276.29495940342,1279.9630765069,1269.43560915699,1257.12304482766,1043.99305642753
14982,746.02,690.904134814044,691.709609419655,691.939427635351,686.342204233304,869.785167473
14984,1662.04,2072.10860910955,2062.2093658197,2075.18245807842,2054.42248867378,2201.75288505757
15000,3125.44,3319.51633403232,3298.87154352517,3322.38218448958,3306.37841507235,2541.06115960044
15018,1114.98,1565.39850902476,1567.98822438437,1574.18961506544,1567.9683961036,626.500725710713
15021,1647.34,1866.48553067396,1864.05379277785,1871.63525915817,1869.80361016829,1685.49597058879
15031,1694.56,2172.10892056808,2179.5433670184,2180.48405995579,2159.17034829835,1578.82840084427
15033,1522.76,1640.81894870603,1627.88985816172,1624.00805143181,1621.38612859696,1439.53336388263
15034,863.78,992.667098339015,997.901073909556,1000.74120145501,998.011919545417,869.146663264465
15041,1112.8,1210.70177842281,1209.06076009594,1212.92703639694,1214.12816576505,1405.11939649002
15057,1454.71,1609.98767919367,1617.63631267999,1618.62777469595,1622.36225833391,1522.42269714211
15066,1731.51,1268.79688420297,1264.91327498086,1272.43313215829,1270.73784357626,1923.51691703757
15076,1710.93,2265.49112091237,2253.18544338399,2248.64569642261,2234.13753649034,1601.76368236112
15077,1856.51,1502.21590791947,1504.35161660565,1510.66580915664,1500.22378921394,1796.92146362813
15080,764.33,798.219672018528,793.591087965469,794.415755645966,793.742996867964,747.95134918432
15116,362.74,477.986328442228,478.666237792375,476.8935285224,480.16845135496,328.831228942558
15127,1423.91,1404.91320863681,1410.882009596,1403.68065103816,1408.76633526741,1218.52977860147
15146,1686.23,1946.10578441356,1952.121628543,1946.79926256612,1962.19448206876,1395.6773420224
15148,814.9,1113.72494954809,1117.2232959192,1107.00762855918,1114.41311169775,637.392789301941
15149,690.9,865.878662586033,873.141385191454,872.175654788773,877.710370817181,733.994976105457
15159,1041.42,1272.68605340067,1284.51128402457,1308.15697050704,1301.2019994099,1045.48829798522
15173,1037.68,1130.7007171197,1140.88610819058,1124.7547352691,1128.5357494883,1122.74084199836
15185,1382.68,1519.33044653082,1508.99407170682,1516.33461361657,1515.68794416334,1480.74047654141
15211,849.07,933.55444738637,930.810677694494,923.27213447132,921.081044654623,1078.64789480961
15220,889.37,1058.12832337778,1058.3015433478,1057.82551634191,1055.08982744914,907.323017341091
15225,630.41,623.035327001281,616.405488037061,621.616756942534,619.926760752613,630.019019024619
15233,1696.45,1490.33660653118,1509.26920162502,1491.02852206398,1493.58932117639,1591.90831099211
15234,95.81,158.703377912139,155.97670493969,158.053598264277,155.077889098583,90.4744707750823
15241,275.64,502.167629709564,491.25303505024,485.744979472199,496.42463695401,179.892135429646
15253,1016.12,1058.74289151714,1056.63047573937,1062.95269536602,1056.63926481973,1029.09980583565
15270,898.7,924.252753191898,924.379271389601,914.738477187723,925.050390635136,952.916276580702
15288,942.96,1076.38560737063,1065.03527954976,1064.95207262813,1062.46192956678,902.216526842889
15292,759.15,696.511241931177,704.762869732929,699.264682689489,693.223961014611,689.106630317696
15296,1334.44,1505.09989212701,1514.45910635116,1519.42708859473,1514.1178850843,1627.53531751887
15308,891.99,918.870906474733,917.938599332817,919.945306903228,922.003732720966,736.346033363381
15321,1245.49,1193.55563463443,1185.8404715118,1194.58121619147,1202.78957829516,1009.10961198806
15329,295.91,294.08573818712,297.447040245856,287.521850702118,305.247302345473,283.26001365252
15333,257.9,159.902258534683,163.072882219941,160.73278903381,162.750229776158,166.664841241636
15379,287.9,270.198284119082,268.324874156014,264.862055087393,265.316178262368,327.747703806127
15424,280.54,374.056159410972,378.801714790637,352.625319388743,371.614364934782,371.293069905786
15434,879.17,990.934043556224,983.793722897594,994.361252121681,1010.24093610279,953.676257594319
15442,1504.33,1667.65010351578,1673.75742568254,1674.23142059947,1677.65125703044,1550.82279036392
15443,1742.42,1767.98555420953,1766.47251030854,1767.44819759986,1768.85554175758,3036.60645852363
15485,170.11,215.86317169703,214.322140317744,216.275191679873,214.999432344248,108.954159604416
15510,429.78,556.013861883753,557.143975337926,563.730365764383,547.891094555961,408.760599067957
15512,484.72,766.796530043323,766.479854284978,774.574553971061,777.939669695549,511.357504020057
15521,245.35,268.181805221821,269.227960635113,268.00449004894,267.252140467716,277.443108870805
15522,1198.28,1105.95046975311,1100.37963426532,1110.74332024243,1110.28535405348,940.043808517492
15535,605.48,692.682025450416,688.214450710441,690.301499313713,682.198849264494,542.925007208897
15553,916.2,1151.93362183859,1150.54421771255,1151.86875415036,1153.42561925869,857.577637666581
15559,1028.73,1282.6551933488,1282.25977031205,1298.33948352618,1282.08678708841,1074.25248058126
15563,67.6,50.6052930193484,51.4018944803473,49.5677359913838,43.2424630515091,249.783830585549
15587,2651.31,2844.57988317207,2857.50953837132,2846.29205337257,2862.09600712793,2252.8126463417
15620,1640.72,1310.42136236857,1305.58475667102,1308.76612469516,1305.21709159242,2108.87460871592
15640,535.92,666.297928661563,670.618040020994,675.44696785807,675.514485306547,519.986758650703
15643,185.77,200.600029743744,195.10926853809,201.388839111527,195.328690656473,23.1531229044165
15644,947.91,949.888472683407,953.84427636815,954.097590994315,951.396979576637,1076.32066186068
15646,389.04,464.648018078145,460.142391729695,436.575614206723,432.501599867835,453.507694036528
15665,153.3,165.405006781162,165.696072367878,165.633033440819,165.620382223808,169.445734157313
15669,603.02,780.21794608663,786.974166864443,780.100726577161,782.921948521023,699.451025067639
15691,441.41,721.714894821094,721.513077126283,723.224376586136,721.297031094509,469.789709307003
15695,2668.27,1445.23241473365,1438.49488169496,1456.14902410024,1434.62957802735,894.252978015172
15715,1827.59,1760.18366542244,1754.89960803651,1755.96978627749,1778.83021193799,1975.52518340924
15722,968.5,1154.95591511246,1150.70072161737,1142.91381104348,1147.145690981,932.817254680468
15735,641.4,789.420973579214,791.999203691833,802.602120791467,791.849449221159,708.212331809158
15743,926.97,951.823818988002,931.652547999805,926.332524950288,942.693065596313,930.127228513086
15754,2794.15,2616.74750627556,2616.23644369151,2590.88550136136,2592.93199042172,2575.73720358094
15759,936.96,1067.64854812825,1037.62945983544,1053.95718684877,1031.2113073959,1212.87456719101
15761,1471.96,1780.7779424268,1765.67016570979,1775.01206488497,1766.50283675842,1214.53040158734
15772,1382.41,1592.99361174859,1583.43580552559,1587.46280047657,1588.68913095252,1573.78322006574
15822,953.12,936.511161001215,932.510471780856,938.125102429679,940.240779545018,905.723418572517
15829,1075.58,1071.31892812544,1052.55772941988,1062.66618604699,1054.66378344802,1304.2167269833
15832,977.26,1225.62022167864,1223.17440099944,1224.55228478775,1229.26903768576,1019.90360841379
15834,2800.98,2497.24228362533,2485.86353656464,2477.59906033959,2513.02050158803,2595.93928295508
15836,2094.38,1850.02811318858,1834.92326533394,1852.36819465266,1854.77176832144,2077.79217932499
15838,1559.23,1697.29394292193,1709.12616821904,1697.25618464454,1695.36468713521,1761.9008441084
15839,1140.81,1650.95546645923,1658.74390506069,1650.97505922357,1653.43619963928,939.947782360493
15840,1065.09,1285.04950480451,1285.15063067059,1283.77608281379,1280.68586061956,1083.58007855618
15855,1449.31,1606.16239356292,1605.50839419936,1607.57561479633,1604.8150792216,1478.2984370889
15858,1741.13,1831.3388287217,1836.16991431234,1835.50413614209,1847.63465413841,1479.58495648042
15859,1299.37,1506.0147021663,1505.83938560001,1506.16663496835,1503.25097484261,1298.82023381834
15867,1644.87,2030.76479315318,2028.09968811606,2048.5347005567,2023.44046930466,1677.86187620346
15868,636.12,1136.30461477174,1150.24017105587,1144.49342342007,1179.40326304903,534.337020700202
15898,937.39,1387.85002474608,1393.81003451406,1402.9267975792,1369.0465076514,995.086993899891
15933,236.01,340.463570076994,331.558739958439,332.871996525841,341.675155415826,222.773391843648
15944,954.35,850.8451751,841.079518475677,853.225438931182,844.173298648165,1327.02743048172
15946,1749.4,1980.80835060916,1977.98048778917,1983.65992858584,1980.14063460678,1732.35321420696
15959,4171.19,3715.42643050725,3714.78236531414,3716.86836911925,3722.67508662807,4806.02226083152
15963,163.63,195.378091110774,195.501326862261,195.295875273573,197.492573523919,182.352517209733
15971,417.56,492.968344904848,496.470593830372,486.993984995858,490.992310103044,238.839341159747
15987,559.01,578.836483225914,575.366041715702,579.082267174244,580.959684903129,548.822297460354
15999,238.43,211.392879347718,208.878285381677,212.019200550135,213.115752968103,251.610173253124
16007,587.22,664.227052402747,663.993417699674,663.78355470638,662.099837053896,600.204295101549
16009,2901.53,2288.92898012785,2278.69674600854,2284.70092128385,2276.57537367312,3374.78381009796
16011,577.8,782.903966666788,806.852955368424,792.186009043085,788.213551767249,678.221840524593
16018,1251.19,1534.65773110807,1557.43321111098,1557.72929717956,1506.40791105315,1313.67614448502
16031,187.31,150.704469421129,165.992080868512,152.454422029818,157.290877292881,107.874770508056
16040,973.01,1153.1868980399,1153.85567912154,1155.08512105012,1155.30116381507,1076.45724713974
16061,630.92,596.42393760664,591.915889979596,592.37708622356,592.217174533784,784.372530131475
16065,543.39,546.968772281647,551.352391359347,546.925452392317,556.009393398977,354.185951110498
16086,943.8,1209.6976172692,1217.29013271969,1211.65988413377,1211.70271625636,887.435007090889
16091,1018.7,1291.38652343849,1283.87964340613,1293.31768004003,1293.03954666155,1210.03976796247
16097,792.62,864.976001048062,861.596728265224,866.621928608868,880.067107750001,938.359081667689
16137,883.21,1006.14064979191,1003.9050963314,1011.2446995471,1006.17382343549,751.363365488178
16148,1771.18,2145.29743508961,2141.0321125229,2138.02557776347,2144.49106140177,1627.41710601044
16152,893.24,1180.8993114782,1174.43876746222,1183.28771470219,1178.26781795988,574.016670284237
16170,876.24,902.237956903774,923.684330398038,914.886281969647,891.763126409249,1106.93454648073
16180,198,385.708475911904,386.512214421995,383.00769106244,398.821225136798,154.946000953909
16184,2264.45,3078.24400638989,3110.3254170547,3095.97380733763,3068.50762704774,2273.93644278762
16197,1823.59,2144.03220462984,2144.27585216827,2130.67399102075,2147.31853095674,1381.43331243675
16199,1281.81,1328.84799350152,1327.79270108737,1326.14115392836,1325.18845407201,1311.98722987684
16205,1607.54,2109.40461477382,2100.36646260115,2104.11791725265,2100.88395324639,1645.46114988852
16214,764.42,826.259797456894,819.828074201722,822.863599405136,821.26242639145,847.95605881648
16219,817.68,841.421350897263,832.037487211224,851.984042051453,842.142249528032,722.469449541885
16229,871.06,1033.92550347148,1035.57182712617,1036.2117373632,1037.06410970154,887.587734695212
16238,2462.64,2453.55541275839,2401.65370889125,2508.06229272112,2454.23193991953,2747.53840423324
16239,470.02,485.354893849191,488.092228319634,482.915517045958,482.426324219436,376.064273240036
16244,2237.78,2227.99648490559,2218.16035081701,2207.27105128192,2196.64764690361,2298.98235018125
16245,2010.8,2218.09391436725,2220.69957124394,2214.68655859557,2223.44357124102,2098.26723324917
16260,1355.34,1464.08361884167,1474.53833881297,1462.67042330462,1480.37165941557,1254.20110006062
16264,1077.63,1006.77251558578,995.889639103423,1014.10830793287,1008.48744311944,898.068009211321
16273,2007.52,2041.50465941182,2044.07234793751,2037.11762187898,2041.25835865489,1720.36842104609
16296,1029.5,772.939361390802,766.619703551049,770.000435167763,779.589527767475,918.73347321505
16303,1507.59,1707.86051806339,1712.17736503878,1700.56855102013,1701.59469009127,1211.17028205667
16322,1289.48,1401.83498819252,1411.4398313563,1403.22522258048,1413.16148287104,1487.62713017795
16327,1054.27,1182.57728895346,1186.75752128351,1180.19908043461,1195.15304428422,879.513422154075
16345,900.49,966.766038052617,957.432660674962,955.094638913075,962.044440855241,1114.3704899598
16349,1136.92,1205.04842803576,1200.63764075874,1204.18012137055,1206.01578402007,1182.12473224948
16357,1556.19,1530.38429045793,1538.4947417067,1538.5722088442,1540.08799845338,1658.17205708061
16358,706.42,821.451780264606,813.08294298688,817.621555657624,816.318132864746,631.501840023792
16371,756.68,792.171996406114,792.096964285187,791.456072575528,793.316410568813,672.798296598423
16375,1125.39,1279.27793143141,1287.12753940194,1292.17695852006,1279.66025416386,1185.82961467119
16399,903.33,1142.93653091308,1125.80120850996,1103.78738791105,1110.42382727925,1058.71014853202
16400,1166.48,1377.86359334439,1378.07145934338,1373.17460648512,1378.77706859965,882.749962659299
16401,1372.18,1491.06298072629,1503.27664164667,1499.98309744173,1483.41595549945,1599.56724341017
16414,1170.87,1142.65341087386,1140.28709140817,1137.02493830871,1149.57556304323,1306.80321616039
16445,886.98,886.645396691697,890.094543118699,888.310459933914,888.681429155108,932.854127750699
16462,2643.18,3203.90352229751,3224.73256149779,3203.94887149245,3219.9565961089,2493.50162701543
16463,1826.55,2223.78122620206,2228.1536994512,2241.66015496645,2227.38076241148,1683.17696350688
16468,1051.07,1473.07022550481,1460.85952056709,1464.88409336725,1454.86609552083,1130.81422238109
16479,1350.45,1547.18198866307,1548.83810753414,1544.06827526706,1547.26183493341,1210.87989936434
16486,1596.56,1706.01858515996,1677.79176542065,1721.8385666354,1727.01690440739,1637.85927704015
16487,895.99,1209.81709389209,1204.3533794772,1208.79998196256,1209.94620889278,989.897318132465
16494,1290.83,1691.19044827146,1696.35941229491,1685.64287607129,1685.68519275921,1232.84526390959
16505,1363.57,1485.63129986287,1495.465839686,1504.59526136708,1492.66374583641,1424.68375129165
16516,1523.6,1574.97069263108,1574.23233161345,1564.56357123752,1567.42254720983,1500.21853348807
16537,837.78,1026.54036448989,1037.05561777463,1036.11489090414,1030.71849369054,661.562561415991
16543,1733.03,2273.64483069431,2776.2834439728,2242.66686368569,2379.17270863553,1583.50978586755
16550,2073.74,2455.65453135216,2448.50454058701,2451.93757175794,2444.55636011087,2512.67649092541
16563,991.16,1323.80337624968,1320.51789126102,1314.34722505375,1319.90022931329,1409.3669353964
16564,293.76,287.363095340148,288.956477094482,290.481364361904,288.402085024434,339.16434892637
16565,2843.77,2759.13292386896,2763.82866570204,2752.70122208169,2734.31501127848,2688.02532442702
16566,813.64,1122.42952679757,1118.63262426022,1119.11824864195,1112.28228637307,1005.6228007081
16608,1209.32,1441.39609907372,1483.23238321391,1436.03157770905,1515.62971432778,1566.33322839864
16612,336.29,302.76362000663,302.60889031893,303.77224261694,303.134716974548,78.5338159802309
16630,1417.3,1608.2156014769,1596.09670624139,1606.65282802287,1627.77111597315,1357.69304972763
16642,672.97,768.695220401545,770.641403189386,769.485566968543,777.290425595503,577.261076991773
16650,103.46,311.256982128495,311.092802373691,310.899714112733,311.295295177019,123.872750423881
16678,203.04,241.085438850836,241.497028803906,239.266983262332,240.654634001381,201.700659627828
16688,455.74,354.218634269723,356.203960074521,350.693569221168,353.952211063165,305.775000324
16693,165.11,199.769821540391,206.002022170145,199.267472161238,202.777707364349,175.593979351918
16700,859.77,1405.81375787217,1390.82995778585,1399.35863025131,1405.14071844738,829.084908596019
16739,246.58,574.303079665943,581.353888533564,583.285786936329,567.141339134635,241.428783489147
16762,277.19,330.890978717522,327.94214851535,329.915649279574,331.557488397596,310.66937695028
16773,104.17,142.308991979152,143.100952643106,142.666934977266,141.618998271777,92.8497558702511
16783,1300.08,1404.92256437956,1403.35130906829,1402.26223098197,1400.08290667976,1541.53249612954
16789,756.83,765.185430508398,765.141981153485,760.530136386174,763.77642449058,755.28020453435
16803,801.24,1013.92731498197,1017.55350877038,1007.61083753188,1016.52137011337,855.588641583788
16812,320.19,312.485393721171,311.61705249187,310.443880445757,311.789752917909,226.598871696512
16845,1546.98,1045.95135362076,1047.16190544392,1054.8466999661,1044.82936925858,1572.08392098026
16862,390.81,508.340458427521,500.754979077588,500.752081290717,510.293358289804,371.536126515702
16863,363.47,434.514228468106,434.976346515955,434.75317104658,438.760844823972,340.926323813696
16869,59.3,164.056987371523,166.289041094456,165.155482690908,167.856238094108,69.7648706072683
16870,136.94,214.053480538532,211.978571817705,211.52602060413,213.490955985308,28.0938142076646
16873,1234.91,1260.66170176808,1259.63191327728,1268.62868491439,1263.22044946938,1317.04137771737
16875,1572.44,1633.72463835532,1629.35206179816,1624.67835363982,1619.50878041868,1821.85522177695
16896,308.36,341.359796438995,341.318476089791,340.449618843691,341.729034074012,294.15069178021
16904,1413.96,1714.36531840992,1711.92123451851,1712.26508601393,1703.18022794827,1653.94865308219
16906,492.96,407.348511716706,417.367565896812,406.582070528425,403.026592019831,419.304012233212
16912,1778.03,1817.20300995864,1804.71579899158,1795.70971660994,1821.87533485678,3324.10305011066
16913,870.96,865.568397371787,872.360651030621,873.256079892042,868.724524171162,928.921793549446
16918,876.6,874.100595175592,876.086740582409,876.47291319499,873.158193746616,877.524055596047
16919,1716.96,1358.3830414892,1354.76283301798,1359.45964063872,1355.83180508929,2238.08885302928
16924,331.72,321.975312441603,339.142786439527,345.347520990319,316.939543694507,74.1518096238727
16925,378.26,346.366122947654,356.982523298501,354.767864400546,350.675299874129,429.131822519559
16926,1103.2,995.648308481587,1004.44609508089,1006.84757388165,992.448368616988,1212.82477486007
16960,679.48,718.132814553377,718.476484307828,718.546462961757,721.347295524858,589.318460865868
16962,468.13,1786.66206082148,1604.12719466011,2149.05520414304,1929.36767912401,235.199100603442
16967,233.07,202.634853616392,202.998485465389,202.281793645823,202.657809280773,272.680496638701
16968,378.97,491.609812247062,493.400724936435,494.298040251245,497.818694676428,347.468191010244
16972,772.43,814.034661794045,822.074910908826,821.905461044516,834.299680739555,725.414781953214
16982,247.79,238.521209158107,240.470802737914,242.266743081099,241.350906276312,182.274034725133
16983,735.51,874.385116298219,870.928462265938,879.673449492277,882.596590131277,814.304834303985
16987,1483.6,1592.31260783676,1589.54932734372,1609.44025491735,1583.67148242156,1620.06230391266
16997,194.84,186.94421624715,187.467058119214,188.137645566714,188.029565869821,212.562595973414
17011,768.74,841.193476952689,845.73556589448,864.747424841272,849.462210713022,631.546477643859
17018,1827.42,1919.49020037492,1911.70164371895,1918.46384752742,1914.34173784818,2045.99156881393
17026,966.88,1055.71852986943,1040.75596843662,1051.63176548517,1055.3376223033,982.870489322693
17045,237.12,238.334455527389,236.126742020218,235.390805395138,237.959434242548,252.83663055067
17058,325.86,290.408736899062,292.116228685828,293.423751243235,290.793295892503,295.299924808731
17065,904.93,625.759113893573,624.038556874233,624.341281925202,624.599072578211,925.440117712631
17086,1082.63,816.519465762728,810.408475063597,821.484920364792,823.761458563597,1172.60328040491
17103,1174.65,1306.34592083021,1300.39508112152,1297.74285937113,1281.97407860334,1222.56000835445
17110,415.78,413.559375714807,415.009242088391,413.734607180129,416.847704847874,438.835336030505
17139,482.47,601.793536700367,716.135485980593,610.185378223501,661.22737216994,478.125633666261
17191,168.28,265.230497585316,269.824234093358,265.270614164039,278.631177682567,124.679793657205
17194,2161.61,2294.41866252999,2294.31224731254,2299.20712000229,2291.62220014688,2032.0751216887
17200,989.26,899.092158886836,892.734078537176,891.037140719068,897.622062700732,1105.08957430338
17208,473.03,170.1973713868,168.880536326465,172.062085883877,170.125509549167,1493.84202756761
17224,2241.36,2499.87639851277,2510.57488406875,2506.84598060794,2486.1040416838,1795.75643270213
17240,475.71,514.450516571986,515.929983766208,516.61874283925,517.678158525318,498.317658511631
17245,807.01,1060.10263073518,1061.22171202445,1067.01047354078,1085.29980618799,826.189150639971
17246,991.15,1003.35087558622,1000.88109157975,990.098274201817,1001.02584628759,961.471804214457
17259,161.42,169.469133491925,166.958143951892,165.567558457846,164.015855364724,256.59258926792
17263,323.7,543.760452235233,549.208585643151,542.095969127801,550.620542530266,293.066000369532
17266,1966.08,1614.1457751441,1611.5683178087,1611.4762433217,1608.29048676075,2361.45975473783
17280,525.65,521.419374174785,522.365760250797,522.7436740747,522.126291258049,584.937748976032
17295,359.7,573.227173007881,574.484090735846,571.121028226867,577.226522295633,313.541306929667
17302,188.45,130.042610414342,129.816022056344,131.237654043925,131.489613852946,222.150540851812
17337,472.03,355.107682931841,355.13090712764,354.787889571669,354.974873250737,586.208083604353
17375,964.31,1540.10704108145,1827.72889715322,1688.85117588275,2123.41744119747,928.398267752104
17380,265.26,302.045137464962,311.142683088954,306.85566943053,304.812780341964,211.843759188672
17382,561.08,611.387021187322,610.308526531609,609.115449707144,617.062085018451,514.544484138803
17392,333.79,570.703943752495,506.974686739868,475.324739234823,495.478235618126,476.751313863119
17393,327.55,398.405611748206,397.441278228074,395.620555483772,398.799266733791,333.428378140204
17394,333.78,448.499136815706,448.759828864864,448.893758690946,447.775284313627,333.365175012199
17398,1566.28,1126.49709729335,1126.39679235651,1106.97036886797,1149.12956162948,1675.69622709234
17424,250.33,404.30813616863,398.40798221912,453.323587214073,402.33383674326,233.682613176932
17428,915.21,970.107446427925,963.584577911841,961.036554768316,956.195408659355,791.058799938122
17440,179.9,176.136231266067,174.615013358988,176.025336233815,177.631566987379,153.435559618657
17468,122.34,108.948531763975,107.452348988304,109.197375665249,108.071969063544,63.1209080323559
17478,2659.34,2649.66484927357,2642.21606022397,2644.76266477821,2629.89085646954,2721.30916541241
17487,221.19,241.708643488178,238.182631243515,244.259624139515,240.460758589406,207.273604367402
17508,307.9,404.038273643608,403.170041867245,412.795871429614,411.074325290066,310.776887564922
17523,696.31,741.703197845368,733.455394390972,750.335220897364,752.092357088629,694.224242030554
17527,464.92,488.967094348983,487.686938872815,482.159396784434,489.39633090201,380.198299540771
17528,995.04,1572.62359461076,1635.51296520149,1646.57012491633,1613.51436717979,1186.83352701579
17534,118.55,64.6840506428891,64.4395998260184,63.8335242596576,64.4878725990368,104.926944337917
17555,201.46,233.837758739094,231.427608233849,233.220789450032,233.612800401116,218.085604101704
17560,1497.11,1358.05564545336,1358.06865180828,1371.09697088826,1353.41071756196,1347.44086330481
17574,320.43,802.799040096871,736.857262652882,859.890739948454,811.921526062295,361.973538537525
17591,738.23,993.411938864782,1006.71383160028,980.113287615959,982.726775305352,644.943161023412
17592,669.15,645.90595817895,647.761908826517,647.429409410825,647.285071450264,894.514421467813
17595,819.94,972.293805573682,966.171450666498,976.208956949079,971.797537633024,794.49519760587
17618,287.81,399.115516785277,398.737854058373,395.817434049671,395.352565034403,364.200938545296
17649,254.01,255.223856632526,251.360514234136,254.848227308971,255.032301974713,283.08157393706
17668,285.4,276.276276544206,274.658238088892,270.024864990949,281.372900836621,192.762824858264
17678,431.78,457.272149172496,455.50495242702,456.124813089517,460.346695387363,469.273127443876
17683,186.24,177.627410007887,176.592121260357,177.373209592895,177.906006562401,173.102516182798
17692,374.17,493.263833948953,501.508298401436,501.846092762316,496.030598956767,310.721521740849
17721,851.02,1040.54873445364,1046.19343710597,1041.46219536603,1042.72090652591,860.73227105796
17730,430.59,425.143770863525,424.512553942907,424.948037707408,423.964036171753,439.626654311699
17732,1670.7,2050.52203143071,2022.07169889389,2043.9163188573,2053.83872387466,950.350091484013
17747,151.05,191.845644757493,190.847727274364,187.484076049709,189.627627952715,157.586931514537
17755,1101.92,1154.44921133547,1157.16839189433,1151.40529137649,1150.62671101761,965.461520382109
17756,478.54,534.848462925439,545.602309146543,535.096128198599,537.704011540239,580.512951854242
17774,1031.24,945.188478479905,938.405301236394,936.650081971171,945.09068289049,1044.31957274204
17780,782.01,751.169352450736,752.884863299939,762.780804935928,758.622545770475,809.015808324809
17785,629.72,568.131644233899,566.397180751772,571.95126254535,573.713581899495,585.840251479344
17791,650.92,744.81984816257,744.433450139413,744.661895846447,745.702058726022,640.588877468992
17799,2114.89,2139.06587795088,2120.82723415998,2127.17228564817,2126.80245812097,2170.54770984285
17803,1876.26,2256.3340255041,2251.65512498852,2265.08458169369,2257.72963946603,1657.27658902199
17810,677.37,941.984553342902,946.5629499345,929.449826321565,924.935411048675,522.103291955599
17836,481.9,423.540946675063,420.703076362767,419.639497248921,417.143884890997,759.99317919952
17838,268.57,276.20984263994,270.220410039898,273.240510934945,270.686555636311,213.135578964483
17840,476.17,534.155017874794,537.223398659961,533.710721676383,542.161117571934,342.556849468812
17842,456.74,725.182140353786,637.286461775241,573.781862686727,576.263948242914,408.21693569896
17859,969.75,1541.41725918772,1531.26395266229,1537.13034065262,1520.03754048735,1040.93512212425
17885,225.67,242.095190242615,242.845142263803,241.327116216058,242.123948079319,231.032783545501
17886,330.94,272.440318438925,270.310252490991,277.487711810584,274.654325441843,167.915131047902
17897,188.67,233.455402300883,232.016258890772,235.693652171817,232.134756781294,181.305469316816
17904,1135.92,1195.13222527499,1197.30458721186,1198.55683431184,1199.9872712168,893.415634125633
17914,1008.5,900.577838318278,892.581723167257,895.569056270118,901.575083613147,1028.35429228149
17926,1157.97,1103.3585627744,1107.431879621,1100.7587151486,1109.94308216038,1305.70955447021
17928,744.67,963.820604749511,970.165085126195,971.166376209605,973.842534135648,750.696123572102
17942,1643.53,1655.71196071306,1672.6172022013,1668.06987059807,1662.91543477748,2092.41241276579
17947,291.47,353.390024125105,350.789597814396,352.602924953044,351.471362433721,310.768127469448
18012,983.92,1084.59038628435,1091.3024125107,1089.00688693277,1084.43282990586,805.756051017882
18015,111.36,156.815254387365,157.966474953251,156.644277671454,158.326827993289,144.759301490356
18019,715.48,737.866437636779,739.105414567284,738.400260036438,737.432514905982,625.4088772619
18035,1105.16,1264.9571497408,1272.20881250841,1286.39899579458,1279.90569332868,1210.19768159024
18037,532.8,805.426696532628,687.731989402611,697.867190391972,708.98424041561,598.714889943899
18058,2024.48,1923.85113140706,1919.87414463463,1925.49134091808,1938.47479056053,1667.52807387846
18062,633.94,636.907888580009,631.05077356629,631.397327804789,632.359578077431,516.104955942864
18075,1377.84,1355.14427475537,1351.17972746647,1358.79989938563,1352.7552871514,1286.42817745873
18081,869.55,1073.51776197867,1064.21775036041,1071.20418939401,1064.65614091701,738.941633869135
18086,344.48,371.480283324799,370.614754376485,375.069002722185,376.496195872117,316.611120179701
18099,320.87,338.794740489575,337.159352084856,338.2778858031,333.134443246065,292.311702914189
18110,589.34,302.362867068065,302.271103476267,300.474832454597,300.332778230105,633.581601692477
18111,799.78,357.040098034427,357.549919024292,355.02766160655,357.368132083204,775.712686602487
18114,291.58,307.00292846524,308.10020777309,310.404977668959,311.394908724253,193.415066014897
18122,239.6,427.986322974931,430.945667995581,430.944568776072,423.575318556047,331.20901162179
18129,215.54,286.909970386187,286.517995246644,286.899076349346,286.875508965534,360.373502197567
18153,1115.24,1066.96169415266,1060.67144169597,1063.64634925879,1065.34763386191,1174.66380276545
18160,1270.89,1298.18402157514,1289.16977605346,1264.64040200218,1287.69082456024,1101.54125257041
18163,1519.9,1545.60115269871,1545.17613427733,1548.49823759962,1547.7899747034,1470.95171105611
18175,380.72,417.526572287711,419.063269167366,422.105725984849,421.743965860965,408.089698608737
18206,2013.35,2368.42634754907,2360.91235726538,2369.93890573365,2365.19084620301,2330.69534811302
18213,122.28,120.926441365631,121.335845765498,121.511980445828,120.899165716498,122.113612014038
18218,475.88,429.521148182601,431.03785161558,431.305627898471,433.459570871077,677.703145157112
18227,67.76,70.3991670053523,70.2357391131183,69.9588195056152,70.1603092125025,106.927368332533
18229,234.11,1033.49235333525,1175.92868632335,1050.07983808586,1285.62073954937,242.917922875244
18249,2587.68,2800.06067308071,2810.72129608065,2792.80132676262,2785.5921701859,2346.58671488192
18269,370.32,365.302209153234,366.250783849725,365.800857129037,366.519388170199,391.405346671171
18295,884.66,860.124582097801,859.217678108836,861.18715655816,861.098730447369,791.291884710145
18308,192.26,200.685079293679,201.891391422093,198.740683603937,199.488965267057,215.662224811151
18321,978.18,1200.49176068516,1199.75400918049,1206.54307600582,1198.8359139777,1092.91470077039
18342,191.77,235.737156934643,238.813881661371,240.101768851761,238.157879147131,199.718541725056
18352,2589.47,2320.97408769138,2309.30966558542,2275.51304084391,2317.20033461137,2624.14044876348
18354,1978.22,1899.27723412935,1918.58258602396,1922.38398167583,1906.69917631257,2705.46346813394
18367,2083.79,2062.48290436374,2071.02065053455,2065.97988291831,2063.68764832551,2306.8325002595
18375,668.33,940.454023497531,940.358269989889,932.667778746456,930.473804246614,645.325283751531
18400,588.97,616.431764705967,614.513858252738,618.07746486439,619.483418341483,465.996220534491
18401,1055.17,1288.15861148902,1275.05142240383,1274.91203935811,1289.06245668473,1123.02264426828
18409,586.21,659.083744915664,663.365465352185,665.18452795402,660.900341160734,515.873860391691
18414,864,809.129949471748,819.081544402651,813.346013999009,805.446315447517,926.432181114759
18448,2086.86,2309.43181537464,2307.56283699182,2314.41516360896,2321.99707478877,2349.74014189763
18459,202.72,382.658027528591,341.938125766561,360.267514154911,351.856402391197,153.193246356336
18477,1630.27,671.194163454121,667.826684135741,645.117872973142,657.760178383761,950.383805901884
18486,2021.75,1805.14960532628,1810.9834627483,1814.37653863803,1807.99333492436,1686.17750447407
18487,967.92,1129.56129868578,1122.53711598936,1126.98836667797,1132.01676677611,909.807875128178
18502,181.75,236.170773651854,233.574880520822,227.710521249476,234.041849066195,205.554784295346
18512,1677.83,1702.84237216529,1710.00302423868,1705.12722618026,1704.70264757524,1466.38898490775
18514,1688.97,1357.4644981484,1354.32798802531,1356.62478452814,1353.99467728845,1810.70750735629
18530,1070.22,1088.17066309859,1084.9659990312,1092.42143490449,1085.79368248747,1145.91079597329
18553,234.29,269.048141144453,271.751142622965,269.1706364933,272.688306108998,196.030536469574
18555,416.14,427.233287250195,428.686950031275,425.934416709545,428.910978203473,554.202362811934
18577,236.91,318.428308960611,317.03640993002,317.047023664754,317.551164756941,200.467663644392
18592,128.3,137.817655304972,138.084473438058,137.708119067558,137.147305510005,130.706317518819
18602,346.79,305.45446058017,303.994654019812,301.563968336795,305.500949342011,226.232675194409
18603,1139.33,1210.04070081145,1210.83806310697,1210.95999214789,1219.04492232817,1163.59342651087
18606,210.7,213.570335422421,211.677241625874,212.293355953434,212.059663609802,195.325583616299
18635,731.99,596.716573064326,611.11125578653,609.34467751233,598.641631563678,461.561070191838
18641,1560.8,1115.28643429199,1123.92819509858,1333.69560604276,1146.84123041815,1550.19265495171
18656,235.38,448.006685259565,447.866854708566,435.189822283418,445.490759948464,250.456617353701
18675,106.4,164.128120842873,163.308698458362,161.252979531956,161.513051798026,131.345802682861
18679,803.08,889.716377965814,884.276499025893,889.93009550015,886.638603460044,706.548244567862
18682,1202.32,1153.55463005114,1156.12436675752,1149.30161884979,1152.81482097179,1563.92896818223
18686,417.21,461.88426335345,460.784172522011,461.543251451112,461.551245726609,443.086983595769
18703,392.54,353.3030064759,358.881594160141,355.008923029664,358.544043828329,565.7919754641
18710,702.69,444.631306084047,445.490497578073,442.448957292605,449.909385935598,901.006018075819
18723,881.88,1052.91471194065,1063.62082372544,1082.95493370451,1074.88011104635,709.075132775019
18724,631.53,712.336223466098,732.959903774351,719.87338185419,737.977869137558,601.806991837122
18727,287.85,322.551786370838,324.256297149672,324.580708100533,324.552320765297,245.617198562905
18737,148.65,140.990058968581,140.047072786609,141.087093103509,140.634058125328,166.239366878397
18744,640.37,561.174888933349,557.083995204655,551.503668895818,550.642168899015,902.805078159905
18758,748.87,1031.05732536473,1048.20009911334,1027.2134633398,1039.77829054727,587.110992392115
18770,3303.25,2551.52165089045,2536.59043282399,2532.23568127729,2539.97632650328,4069.27307514025
18822,1295.33,1527.42378471111,1533.87542556005,1551.65002540575,1545.40239795551,1375.22949295815
18828,1026.25,1166.05502468932,1166.82974986244,1176.78594988853,1187.81083143265,1161.54110767328
18836,735.7,802.646889534066,803.145819058332,804.555322017837,802.926422584722,769.285119038106
18845,1080.21,923.299693921617,922.620899297993,920.997994948883,921.558608160013,1041.81006258985
18862,1615.14,2347.68432722163,2715.48124755922,2743.80911723273,2566.85040632225,1542.49971784894
18876,877.94,995.057184400603,991.269705546829,987.873264892905,992.941041898677,881.031903351796
18884,2440.38,2571.71679955391,2567.87962473238,2570.09275636642,2567.32168113781,2396.5737890554
18906,1141.4,1161.63504109766,1173.20472200262,1183.38853036663,1176.02870473966,1203.63652841875
18907,2749.51,3121.03743410839,3123.44484319099,3120.15842153496,3120.26321816497,2418.97563601886
18910,813.56,846.72915128958,847.080536530503,848.15247967548,848.223113922181,903.186538873787
18914,530.62,558.347583774371,550.843580642475,561.031381094027,591.82703131961,586.815694533251
18929,947.78,951.2105600246,950.73657334357,954.088304604855,953.750272789937,1077.18876997522
18947,1310.89,1405.20983287886,1407.30153869006,1406.44451805604,1404.03152227205,1395.05820600242
18958,1111.16,1053.11058516637,1045.73760510739,1047.74976683566,1054.18583742054,1042.8524224189
18968,1014.6,955.340732263729,957.440164058532,956.513540698242,957.210578401333,978.044197512723
18979,1504.28,13142.5293510561,23090.8778851957,5856.11413386543,8140.32281366187,1670.72986864248
19000,1311.97,1276.22904144333,1276.65623875663,1279.26986851215,1280.51702231632,1470.77693050411
19005,1407.11,1574.65658816613,1583.56957176101,1574.67788785684,1571.38000485997,1527.87296257291
19028,1368.8,1738.19461021462,1741.28695079548,1743.34786855186,1741.2360717574,1668.66120280909
19047,937.45,729.344517140412,725.968884300801,722.797939140136,741.174954141472,1047.45600026887
19051,1127.81,1260.21218381475,1258.68988577291,1257.59274601636,1258.0247309874,1065.13424932804
19058,861,943.720433138516,939.461029274224,936.352915731003,944.820349954368,866.773840080266
19091,1394,1399.0763284163,1382.49805886104,1395.48437375724,1387.27962498308,1104.59951666733
19102,1769.67,1811.49733197896,1813.76544968874,1804.96199657029,1801.91623658071,1467.53385177444
19105,2201.43,2480.82796678458,2495.47019932226,2486.36663926679,2469.63521361631,2294.16640399317
19143,1196.19,1226.61980280962,1240.72550822457,1228.97048436703,1234.73151425463,995.278701416032
19145,1666.9,1695.83670781915,1708.8698423353,1694.73960163039,1673.62922801939,1354.95872758692
19157,1749.73,1759.04715434772,1768.69353613512,1766.09310732677,1743.6569388075,2333.20789215079
19158,2022.5,2470.04231435735,2356.75163527132,2437.20015730161,2406.58028656669,2220.04305620987
19224,868.15,990.990060369975,991.682195839815,989.985100153012,990.919943830629,755.165708230242
19235,1865.46,1391.62136352845,1403.83249775713,1407.41810338111,1407.69051747803,2085.40595276038
19243,437.43,503.664294615085,499.479787491773,496.544284277727,494.777082303238,470.681611479162
19246,2727.65,4329.86694760809,3552.34885630036,4880.43449125606,3282.44092355301,2155.47581825838
19257,2157.4,1837.42720482683,1846.34359066649,1838.80628157892,1839.15403155698,2214.1078974509
19269,1008.25,914.678328681462,932.645865375458,916.738089856192,926.66677994238,870.738072118066
19275,878.23,1036.80876912119,1026.15890530553,1026.88899966973,1019.43657796739,1145.84181450671
19296,269.52,329.284501713315,324.023178879793,327.688432730811,324.92683217493,291.250759013619
19313,3001.32,3634.85194886924,3577.2275269648,3608.68729255347,3605.96041079095,2646.53168116617
19315,2327.53,2115.96463558185,2101.72246610089,2098.75152403793,2062.60697208381,2488.3602204709
19323,1900.45,1769.63361292326,1770.14022162651,1773.77684672138,1771.81737923174,2091.00670404182
19351,1954.94,1817.84790846838,1820.36127158251,1821.89250675617,1806.96999639065,1821.33545170227
19354,1502.76,1497.28561808035,1495.33237523632,1499.27004374169,1502.23610386278,1819.09167836658
19356,1097.38,966.402342596307,973.064702239628,972.815831280207,960.794665175158,1081.32726880317
19360,333.6,714.293000065553,650.927685820902,693.300991686363,766.058994511522,334.952833990422
19368,241.89,319.769696070177,312.488698866685,310.621568735814,302.1801526614,298.149924272022
19373,1218.31,1124.17599365023,1092.05498476711,1108.5379337069,1098.97128922682,810.450893892314
19389,1834.28,1899.41407807134,1894.25169792861,1916.28331167136,1924.69232991348,2260.45276037976
19391,1056.25,997.335712345998,1012.08299203318,1008.87169525009,994.46089413822,1006.47108980324
19403,925.98,1110.36059626135,1116.73841757458,1114.58595693616,1118.33457648943,1086.26205909035
19405,1339.41,1203.92959874588,1208.43166257472,1202.62667427029,1205.42061335189,1447.26825052038
19421,703.32,795.554725070967,795.004147824339,791.05533369948,791.743810993405,825.535683779016
19434,1853.29,1708.32216319113,1699.604660619,1701.21900846807,1698.06264008918,1809.31941089094
19441,627.05,1053.23566112843,1053.84803865935,1056.73653186277,1054.29175794784,768.908163664917
19460,552.16,545.265625797016,543.115925798772,543.799388364865,552.519467735374,633.444459581519
19468,1124.08,1128.58480003721,1125.86762746333,1126.39774055551,1116.97852028343,922.426097012255
19475,1958.14,1835.24641811623,1842.04935185999,1845.44318061718,1830.00206519149,1949.32575215248
19504,137.11,163.384628465303,164.811008262596,165.975772655288,162.853723646276,79.0265760020505
19515,3630.67,2892.55599463453,2905.46546385908,2888.89565577775,2878.55443918708,3227.19107768795
19547,843.48,1517.55186552364,1515.87867659224,1380.88025149599,1378.40354306137,941.440056352436
19556,658.58,793.639156045061,800.946028325099,803.473428273355,794.506263303915,417.653837035937
19561,1374.94,1696.22729308418,1687.6281094183,1696.00711853877,1689.6739239914,1500.32281713125
19567,1562.02,2113.38013076851,2111.95165797422,2107.22784592307,2116.00043839337,1545.44716063328
19579,359.18,437.042294904167,439.556175374887,436.486761052087,435.921630739188,322.244597864185
19591,867.71,870.370217583401,868.943677366807,865.219488429561,872.019446369113,705.700680731415
19597,302.54,455.049674253938,450.577761338073,452.939726646643,441.474063268183,398.43147538874
19609,749.74,707.547387246659,701.724121647479,709.213677176965,689.54845779503,931.709269222317
19626,1069.18,1112.02234636683,1135.70397417748,1127.38532575193,1123.08105371273,1153.4867873767
19661,509.53,465.500693457051,464.491451714222,463.317687734622,464.553433826872,454.399700187558
19665,2245.01,2311.26661502997,2318.87750141495,2317.92524555854,2312.91953004088,3070.49106822328
19674,545.73,509.481566799742,506.293906810242,510.175906124777,501.730226905531,436.509658960999
19677,878.26,862.442327639875,860.079137513825,885.563702157158,874.165802283793,666.46807544073
19680,1067.82,1176.5385520319,1174.86338068193,1174.99348565079,1176.3512147908,1017.80712390212
19690,1494.1,1634.60876406839,1640.97686775721,1636.56489170383,1663.45139534543,1709.89317323832
19694,413.8,377.410190103444,372.109949013859,381.992774212721,374.615797075958,528.417131353838
19728,685.88,554.437298067827,551.561777725815,545.277662905408,559.342144707017,903.848850762731
19730,387.17,444.865907344877,447.241873392202,445.569112659569,447.111495298937,391.942358714701
19740,1269.61,2005.03889152468,1995.52951135935,1986.32814812974,2007.49921888487,1211.50150375378
19743,1228.86,1699.90614903775,1690.92204464413,1693.46968451525,1700.89827781727,1219.31233232497
19744,658.23,679.080851462069,679.951995715821,679.710872904867,686.440521890168,504.394347100841
19747,438.22,481.14721514264,479.97934842429,475.138219685903,467.779308432783,467.176114597407
19769,829.7,1152.26451752544,1172.57703654795,1184.43966430995,1187.21176416609,803.9842903788
19774,1051.33,876.282941701347,880.017075021009,859.461752438865,852.789428614658,1467.4568318998
19776,1152.67,1561.18346599606,1562.11821065174,1557.26583345519,1565.23974421333,1144.407105945
19785,330.99,408.990665723106,406.552156454633,408.243613089505,405.040236574493,424.821753430525
19790,1042.36,1538.96044589716,1561.3819123848,1559.42688520367,1567.79370427195,1106.45072312682
19801,949.28,1120.46989284555,1126.18337259525,1117.29139758584,1116.1321192702,928.614937036637
19812,2228.55,2305.01088156053,2307.42623642043,2302.66936029577,2299.47589514996,2005.87544810852
19819,833.2,1175.6590354891,1182.5114581049,1192.1173401354,1200.87059693231,647.063426734851
19838,779.13,752.797329474615,741.870566257562,748.018557998648,748.823331258874,900.735085273786
19855,873.09,903.592928209939,912.400566620086,902.195259140621,908.567086672559,834.150778791892
19856,884.96,634.509036967294,633.313714309052,633.142947014454,631.047943288255,1014.0040560171
19859,651.39,596.995911299468,595.581256959178,601.048273042047,597.848931260403,744.399781705144
19873,391.42,421.922099053849,419.002974496222,421.689100893482,421.847215552504,377.993095500743
19890,1559.94,1744.47726815228,1744.57906218636,1752.94842842044,1752.13073687953,1726.78751467415
19904,671.95,673.536729755356,672.292726407858,672.601043667568,675.166429617007,744.43411876957
19919,509.68,647.02630491724,694.694566890436,646.695514508743,662.345972201665,542.52803420539
19943,938.22,1014.23475391016,1006.67724093557,1008.51680683952,1013.03619218867,933.164076670271
19946,626.68,831.635724354822,797.732427869134,803.883564197322,801.704578754955,411.764327647125
19965,1946.24,1809.81832657154,1826.09912541672,1814.32293070931,1828.86557806267,1836.65995077481
19967,1530.67,1375.43602838993,1359.91118300566,1366.76481911854,1364.13213045266,1600.07152045237
19970,1660.12,1846.31179650018,1823.10342084788,1819.31524112309,1821.90297497889,2009.47205359627
19976,1244.65,1447.83860388786,1444.88465256296,1454.1618964536,1439.46162164951,1257.55532712838
19977,1496.85,1407.749644394,1387.31498368555,1392.52130409115,1396.27708096448,1857.96282089842
19981,666.52,793.680605125738,788.484897723565,798.215829790688,789.090683094945,613.036714591815
19999,1047.34,986.267374034746,986.79466028796,993.683366242371,984.804704168023,831.855038580118
20005,1637.79,1833.8122773365,1849.47508196357,1832.47945243048,1864.82469614379,1883.53110664467
20006,2879.28,2313.02619928995,2309.62432315966,2319.03997607936,2330.8667746696,3024.22478293093
20020,2226.16,1501.1122003784,1501.0759072773,1503.36543884311,1486.16595124384,2371.20408443407
20022,1300.14,1224.52162287453,1214.89167781892,1215.663444126,1215.42492570892,1234.847284352
20034,1106.4,1319.03676061174,1318.50884200492,1308.20194926264,1306.17145432184,1009.5339395261
20054,1409.14,1229.05765615689,1230.64544027067,1239.60383268179,1244.03348516352,1487.67294632152
20073,1397.77,998.32697987085,997.555959158002,992.892681920244,993.496252343787,1297.18650518751
20075,1965.77,1888.92006740997,1878.21881883208,1879.35576439155,1889.10654177422,2201.27399788255
20111,620.12,736.841620070513,742.597942180765,738.144983005743,732.192931521486,662.620675193011
20112,550.25,533.408016373535,534.622275318169,533.744889574562,531.295587313279,402.14041833727
20118,1757,1999.91941718276,2024.64781019816,2008.85080804761,2008.22683969365,1458.54978250034
20120,297.93,222.320790099051,218.75413400479,226.26969392644,224.527210197169,359.3790475355
20122,1051.52,961.741209919379,951.070368961823,944.496034319067,958.150252179038,1202.24742369189
20128,3239.62,2796.33592889492,2823.91487012188,2798.76972364136,2822.23956915227,3038.8921876497
20131,2034.8,1765.98608497404,1774.11255714445,1745.20698814441,1756.07555549112,1981.56422772905
20133,807.45,548.432675623056,544.189152908525,545.525184753715,546.729310943641,839.83704027378
20134,1212.5,1361.81327011797,1364.9515522962,1363.22558381553,1369.09478072589,1306.99479862407
20143,1448.69,1365.0862818882,1355.06449861383,1373.13591794769,1365.50297771222,1334.82024272281
20163,753.81,729.627348385949,731.212218274618,728.914133146862,728.898756744303,643.188021991134
20164,746.93,722.861367570243,724.932107305171,735.777717724057,737.400947810804,828.82659304287
20169,148.58,182.883306604504,183.662090133436,183.264725696187,183.854717738151,165.126322811155
20173,550.04,538.165522992288,544.376553609333,540.026178578991,536.663776343103,496.084847983913
20187,2592.01,2471.45524323897,2485.06118448248,2465.41959003471,2474.9853799233,2829.16855345081
20192,2303.15,2020.35387213249,2000.78989693506,2006.47171974284,2002.36065792707,2369.09608529704
20203,1102.67,1036.86742913768,1035.68073504042,1024.29943482559,1022.35177146356,937.119550158305
20212,1723.47,1584.62030477437,1575.22823680725,1580.31809548934,1573.22081103311,1649.15549097679
20228,998.68,938.351570623747,937.151007993345,938.382264981651,941.235852958572,1168.92812674317
20239,1564.38,1658.27663732351,1659.33699217696,1619.78115064777,1636.49479676133,1659.96004400633
20253,537.15,473.096237349981,477.908547836029,468.976194793381,476.000312071114,745.471091653566
20279,1606.54,1768.33497466837,1769.31596721547,1754.31532159499,1758.23413875826,1968.41816064927
20294,614.21,644.354362068805,643.913984634705,648.69187342101,645.866247438098,414.874716911228
20296,3138.77,3108.33374760698,3097.17629064221,3167.82813592846,3138.38377354415,2998.21796682395
20301,1429.11,1509.86205101571,1520.46786811687,1528.65553474541,1523.77775827298,1408.33199907018
20322,1152.17,1501.3575676929,1500.67054441237,1493.10174305036,1512.93752325663,1053.71601213382
20323,2672.54,2180.28288552313,2187.63063092096,2199.82985541844,2184.10575578586,2496.18730428115
20329,1452.78,2159.89459923469,2111.8472643613,2169.30958876441,2123.85639701654,1276.29985611328
20330,1249.01,1635.12891706272,1627.24243651606,1627.289794879,1641.56736341543,1069.41549172072
20345,1459.01,1990.86541123645,1992.02041690262,1983.87495188922,1994.34531518691,1438.08220829645
20355,914.28,1133.61297115679,1126.61085421606,1128.9744508847,1130.70164141853,883.29435405149
20356,2480.67,2240.70300803885,2222.78059443908,2235.04327771537,2223.53098389883,2214.56852236228
20364,669.07,701.497119598464,697.385578134624,700.044325775947,703.566813113405,782.963725422605
20374,1366.51,1239.83523704016,1235.48364853717,1245.47834703893,1247.87529374394,1468.44376154971
20390,2571.29,1476.57014138712,1498.11543129125,1482.51423169913,1504.73160131397,2563.08552091681
20396,824.72,1022.28527253576,975.940176391088,970.161180752766,1035.73258173869,580.487017585263
20399,1605.13,1466.84594607257,1474.50690921959,1471.33544854415,1479.62334676251,1443.95569249361
20420,928.36,930.017866596677,934.012121590916,931.474990309397,930.917540666423,944.832043004045
20436,945.08,1028.77500055552,1041.46813309234,1056.08420507786,1021.30514072372,868.347359711043
20444,1067.8,1186.10952637397,1227.20391401019,1198.87550163938,1228.58318162101,856.788368484924
20446,1105.96,1157.69655111792,1156.84163810811,1154.99677323648,1155.77215598705,1229.07220613975
20487,1057.98,1335.66929292693,1332.92628307626,1338.27088851599,1335.92884710461,946.628887616258
20502,1100.67,1045.40714465881,1041.78145806317,1043.22357264615,1048.3644664617,1427.31997586791
20507,551.08,570.833550183022,560.390692546252,559.669783702256,900.718254077434,409.396668392662
20526,1015.62,1860.64783065472,1803.20155746466,1862.5900617954,1826.16643379236,1634.81161200793
20537,876.73,1463.04406895901,1405.84599376244,1324.95520246611,1525.6534776082,884.64145948743
20549,624.71,701.050438008932,703.655085393635,699.186144474117,698.400442336978,669.228037257821
20566,905.05,895.94266395531,895.855969109293,896.243971415026,897.005875639381,964.103236355237
20573,1165.74,1160.83770383279,1156.39537527291,1153.53509999271,1161.6864819199,1183.6857589979
20577,521.74,368.667623345734,369.442571315142,356.629351881767,371.02000710152,363.455657779165
20593,1791.11,1893.27333370786,1930.82802632992,1944.62470894606,1910.52861319491,1901.41641035757
20599,449.87,635.663647849647,655.08587918468,631.257644182053,633.961853585549,463.299430335282
20617,1153.6,1055.41220423985,1053.18942499314,1059.1994002008,1053.38285854025,986.256975318163
20622,1144.98,1355.15939128923,1365.9842633714,1362.08533843667,1368.5225382655,999.153377149016
20648,1920.38,2005.0078908431,2005.09827829718,2002.66946157196,2008.5460900047,2033.15009124808
20654,1239.11,1607.35063234616,1576.29772424812,1627.28570412677,1572.67034689299,1175.14035001856
20683,1256.74,1441.12531585073,1450.19132005552,1446.15930150981,1458.46609619421,1458.84634763798
20715,1482.67,1692.35037924454,1688.61096611423,1686.24235102405,1702.81084762063,1597.84665960842
20729,597.24,643.189711106317,647.445565742077,644.556902921454,645.828861835719,748.331107214886
20750,2679.55,2941.1414677367,2937.03272594002,2931.4826438401,2947.07284235226,2548.421097756
20757,1226.83,1286.85186084365,1287.4934463487,1294.97641348053,1284.84534583894,1327.55633961202
20787,1020.95,1207.73134405814,1196.9701666153,1178.45279808273,1208.51230358644,953.593206000693
20808,1718.6,1810.32537409197,1813.1120942055,1817.11147956885,1820.55841493456,1476.32062183584
20820,1332.53,1495.78091151535,1480.85815507849,1494.0084660822,1490.65412937059,1637.54562562901
20821,2087.14,2093.3676280379,2086.86446382849,2105.13850424746,2098.44618435496,2489.43614271864
20861,875,990.61315019021,991.84624598651,994.982473224682,996.971973823122,748.323137197149
20870,2252.11,2501.31596107463,2477.9012712025,2555.80214718152,2498.82389419593,2579.78491007803
20879,3717.03,3710.73510992795,3692.49495012354,3702.62310546279,3699.6249870259,4310.88467804951
20920,1632.51,1483.00278317655,1497.45509446659,1474.83002587889,1495.72419460009,1530.89854657757
20936,1043.61,1043.86045606418,1048.96840848709,1049.93685308387,1039.44384713609,1158.69080582751
20948,1250.16,1406.24545874827,1407.20752808746,1412.34424164007,1409.63816724639,1447.46160684675
20960,1563.74,1325.02201632921,1331.62524925185,1322.10726716746,1327.84131200613,2012.56978893344
20971,1161.07,983.063374887663,975.203993974752,975.300159720215,977.532076328744,1200.09554646227
20972,465.32,729.021891782483,713.490149208682,723.217582495992,724.620398273439,412.397290462693
21014,3718.03,3725.39508630865,3753.62082095063,3753.35144215027,3736.57249834567,3426.72668813442
21020,1467.59,1460.00551901385,1464.92133549204,1455.75259957198,1458.63673861528,1655.24025360362
21022,1078.91,1184.21773057322,1188.48893520083,1178.58962101476,1189.09566258657,1097.33273168814
21024,2139.62,1876.86294798923,1873.97373036673,1872.76992559936,1868.31806159568,2407.0781418293
21039,880.15,1106.77100111225,1111.03041666206,1107.1634147646,1110.48278486757,926.871111442383
21049,3199.4,3213.30199228854,3212.19256647131,3198.06421926309,3199.04251126437,2738.92049163946
21053,1564.31,1677.19687891549,1654.03883566123,1659.91613059266,1654.83779924951,1228.7274321255
21093,1352.33,1382.13034303449,1374.90626919923,1386.31131419018,1383.7315490512,1179.82717426451
21094,579.52,723.575366458158,729.967956092426,727.365411077084,729.318304802962,388.87648793911
21107,960.75,978.797254932567,977.25397841145,973.623913031286,968.021748177062,1039.1162704843
21115,1244.85,1607.36591904759,1608.28242042705,1612.13132528841,1628.28371578688,1488.87381461849
21125,1094.45,1243.86138085743,1251.43332878014,1243.04669184914,1245.11107988818,1272.05535521627
21128,255.13,260.851760784382,256.289124469137,248.354111935424,250.132848501448,246.208353046431
21132,1740,1772.90132710404,1788.84224393502,1785.14003783198,1777.75035227983,1203.10767461118
21173,788.02,839.367893023479,840.785067060081,841.641259006886,839.424881376983,816.584966968157
21176,2154.78,2049.75158666074,2048.53802878189,2031.02412479472,2053.10807918067,2179.95606977501
21182,967.85,962.40671028202,967.167169416424,965.344532964791,969.47077378228,1188.14353684362
21192,2237.99,1993.22627205708,2014.60971045712,1987.11976259402,1999.33225465032,2185.40969001399
21194,1834.32,2365.17025093464,2363.34543665478,2361.40412879596,2365.61677712361,1787.87791742701
21195,935.06,1211.94906209578,1211.29257734252,1221.07421679098,1204.10025590527,885.633437937425
21239,1161.91,1668.49235844933,1657.45229424511,1658.73703753933,1651.72184239678,1354.07711563409
21245,926.27,1331.0300240476,1336.5645825662,1328.37634606432,1320.76642658598,694.370601755193
21251,674.66,545.175877539065,544.527788011675,548.714597412362,542.248981236597,528.746660954193
21259,862.53,716.84591720573,709.988387703478,718.247640166419,704.144944541026,966.940610627051
21262,1487.92,1451.87049441404,1459.43675856114,1451.77796603914,1460.58854606701,1713.55938126212
21275,311.61,268.467321711548,266.6575538399,266.780707294736,270.039189156347,276.785853815963
21287,483.02,406.074124581789,411.458970227261,420.162966730382,419.327891535975,430.725223454338
21318,305.07,295.065343116212,292.31820212307,302.756900693263,289.416766966076,356.741398275001
21322,1184.18,1307.83281963546,1320.76157804968,1312.35095650288,1321.73384655479,1178.08064716716
21333,859.06,1002.54028511898,1000.97038165031,1008.74062176296,1021.20651228415,887.950511910353
21344,267.68,356.134574541702,354.051593144827,343.325651115575,351.889794786232,338.679975513486
21354,756.78,746.580909480249,740.660569219233,741.944557616301,750.330135381101,664.762974963426
21357,1012.54,1055.71748265044,1057.94105188289,1061.17851662403,1061.4880340709,1118.59806690334
21373,304.48,390.477191747926,398.244898687397,392.473159549058,386.375007350996,355.918426175839
21382,618.82,434.206459517763,439.323553804831,434.915194875664,434.901955132261,825.215633184123
21417,2336.11,2472.09003859135,2487.44555345717,2478.67440372453,2475.59988231561,2361.64983051259
21427,1542.22,1925.78513503259,1919.44143087053,1919.83884531903,1925.51410544859,1246.96265194751
21460,1729.56,1920.52218490737,1884.57771726504,1904.5260241591,1932.24550964598,2227.57032053829
21464,3149.25,3870.09113011108,3856.81583493326,3880.06481496751,3854.21702585745,2930.17501947471
21466,1929.37,1868.12219881642,1861.52578716515,1864.68670611208,1862.91299783332,2213.86761724486
21470,736.12,1052.77637826421,1053.80456700244,1041.65004794444,1054.37362959125,950.754887031166
21487,978.62,1576.56046209432,1572.06924291806,1572.45399913033,1574.13172400512,1020.3976144391
21491,2087.56,2072.30695059004,2071.43927384777,2073.06394059544,2074.53011984685,1667.45613416211
21492,1096.45,1442.66987146476,1448.83211097475,1413.36056079647,1420.48361500757,604.35735953135
21494,899.43,1222.8301865278,1242.13279844743,1245.95948967093,1221.4850414876,1061.38852768097
21506,1960.33,1877.65929579081,1888.57447467919,1891.66778476334,1888.64853654313,2023.20948031316
21535,707.68,643.161760952306,641.253748595314,645.976670754244,643.439939376249,821.386053222964
21540,1526.32,1592.99380326182,1593.30952138687,1650.84458080249,1662.9386477051,1358.41013051199
21557,1714.11,1818.73592461056,1813.89729672694,1802.14951555339,1810.48908617764,1967.20651901138
21564,2052.74,1953.36306409547,1937.75828797812,1954.77324843748,1954.6918562184,2050.65218644278
21579,1177.72,992.943240112879,995.469086780589,1004.41814539353,989.266910218109,1306.45720003108
21584,1562.8,1660.69222964388,1603.58980858568,1626.36317663232,1530.20968625389,1602.58144573501
21599,1202.38,1249.16636813134,1246.19386077796,1225.60017312644,1208.69515253038,1232.45332025613
21609,674.96,708.106602975391,704.555224635669,698.875382994798,712.137845071123,756.686063769912
21612,888.3,1078.09076668725,1070.18799023989,1076.24273613269,1076.15991385852,817.86793229225
21622,1004.13,1026.24455855716,1033.57182474986,1025.13525786017,1031.98060875632,1167.15882020883
21639,952.34,973.661697435824,987.450464498347,969.056054181459,975.750882073265,1210.89409915799
21647,1203.61,1170.77342041094,1170.482693005,1167.73664547689,1170.97522423231,957.966484269997
21653,777.47,474.930685897214,477.961178331992,477.122502698054,464.520063293701,763.588030973311
21660,670.38,627.896126523245,628.28932402877,628.402964200048,629.747370724747,787.328489570027
21685,985.38,1091.42997737545,1089.50177784039,1086.78904715823,1089.50777599134,748.82867789126
21708,555.31,510.566838865896,516.342437497608,514.549368764012,506.566327870827,535.343786069597
21716,1860.1,1848.57072371808,1848.46800834286,1851.34011425115,1841.79971439792,2116.42748280141
21732,1873.3,1986.80353765958,2005.50239927356,2005.23483958298,1988.89782805924,1879.19318894737
21733,2859.51,2364.30142793286,2393.9447958108,2373.73953828847,2369.04894476189,2448.20608282215
21764,2566.68,2271.69670651089,2277.56359207798,2272.98628757742,2278.12568266105,2522.25191733004
21802,1343.84,1577.99551958479,1581.36256357671,1584.12048590437,1579.09823994462,1515.87148766384
21808,1996.9,1645.45910541582,1655.99240201822,1647.75588103309,1673.40974892718,1376.3207335076
21832,828.66,894.672454192888,905.319676019909,894.004513772715,883.171732603732,821.288722876194
21854,1792.64,2196.68105941298,2208.0235298259,2208.34191727776,2195.35802885013,1879.39256524134
21866,1900.12,1868.77548936068,1875.65681742702,1878.78050598049,1874.94623206958,1909.12007075355
21888,514.4,630.590834094943,632.263320423181,632.108499750705,628.601790580373,568.797537166628
21894,501.95,546.938661248019,649.708725832083,542.300918222228,530.676381480138,579.951331393027
21901,1522.74,1776.87203065056,1807.92357596153,1786.73337686741,1786.33501567166,1660.29254275043
21912,855.24,1064.44997988433,1049.30724019785,1063.56207943909,1059.52608559141,1003.57846962936
21916,1345.16,1615.6067757045,1505.04437007928,1559.5797510455,1459.04429649675,1315.14404780049
21923,326.88,404.54557616576,395.395117472262,400.136574817774,393.378346878324,284.445850207694
21925,566.42,745.67603118106,744.782140201208,750.814012130142,748.948109625049,491.603007541401
21936,1553.14,1971.66323657003,1964.66923947847,1962.00489419755,1968.12876146464,1533.28551434432
21945,1824.01,1951.03847120986,1944.63478133365,1960.73580330223,1964.82228820503,1800.15473672904
21951,1920.92,2434.11412593024,2444.47891948784,2437.00976405619,2444.18938399689,1576.32303113644
21956,1583.05,1620.94227460715,1621.1486399119,1616.12606374404,1620.66744453774,1446.53327563549
21970,434.03,444.359658236513,446.903930491437,443.87028169767,441.237667530719,403.998148263433
21983,3262.94,3395.74966442758,3386.20587839411,3371.3674028692,3359.91284048704,3393.9869484286
21986,1188.85,1373.78345462572,1373.55263601123,1369.22285697027,1366.10193457778,1160.17550848883
21998,1025.26,1034.64140566381,1040.14635295785,1041.55974730178,1038.3051675206,1064.86445645685
22035,180.04,168.341983663612,170.944254049121,168.149417229291,171.792564496596,130.437077991461
22056,746.08,882.181619330105,889.5651981102,888.992208692582,889.947673187496,663.597099877288
22061,1046.68,1057.98438560147,1043.85188778143,1043.10147114592,1050.10194190987,949.359154986845
22069,731.68,898.055132131717,898.193672665796,897.644868988993,898.15242763696,520.974075382789
22091,630.65,631.983221242285,631.568556140981,632.602850116106,632.104935393286,591.679045893055
22093,1739.67,1728.78366810517,1731.696873339,1737.41290492038,1735.81729690109,1581.31413389983
22096,675.39,1084.05360881433,1073.53470651577,1052.27307904895,1087.78722047579,683.967297069935
22106,1029.94,1200.02381542646,1197.50517639328,1200.98507481094,1199.61676389297,1135.32318474415
22128,1000.35,906.320154458344,895.561337421816,898.506057624861,899.195954634977,1162.57807397438
22130,606.47,557.3435256744,559.861589288605,570.386537483838,561.535524695474,496.673344807832
22138,680.5,986.795777518774,981.395747760181,974.08817678805,978.81962646375,574.38130689325
22139,1607.6,1546.57562176023,1542.99785384158,1542.95186708794,1537.21157511265,1412.09625285419
22142,112.74,282.861938160206,284.312872435928,273.883325818096,280.012827285818,98.9630578400465
22157,1910.68,1858.28950677964,1856.90383256508,1868.67812598206,1857.17719934505,1635.09592211632
22163,920.41,818.003855973204,816.750512702189,819.758014649529,815.097736138707,948.286285029063
22177,1027.04,1254.33541291975,1249.63987334894,1251.62966565553,1249.56091862177,987.904501787086
22183,1392.12,1133.46339890692,1129.99230701283,1129.86891524026,1140.194011169,1397.76952464636
22204,1628.81,1428.87321183073,1442.26457946755,1441.68615769588,1432.16706587867,1492.56389775299
22236,1192.73,1293.55136703139,1289.37341717653,1285.31843565627,1297.34986454091,1243.79621043733
22239,1508.13,1796.32364704383,1800.07510557475,1792.482439363,1801.55046006149,1477.40541685294
22259,706.53,638.704184084345,631.812759295948,639.634563854059,643.769382107125,687.688122131826
22272,1636.58,1720.65889153194,1715.55988211643,1724.0875909672,1722.89698289681,1831.37525194725
22273,647.32,824.36773190611,821.072740404997,815.920251305115,821.613207365147,698.50099451346
22275,1581.77,1132.53923287275,1130.52531736287,1127.39448742058,1139.02266558313,1441.67544451948
22284,661.45,586.170054871425,584.903583115674,585.126036014431,584.403532655836,487.26950493354
22294,1270.44,1228.8858903848,1232.28789470371,1234.8872926569,1232.89290256679,1288.97080105019
22315,1217.54,1267.75253283466,1285.77359832329,1280.0999496525,1279.57018130245,1114.35847414705
22319,907.06,915.953321313645,910.691910144464,919.038219381801,912.46554829405,687.146137643799
22343,1347.03,1379.33311081859,1357.80503915565,1367.23197865817,1378.89799575273,1191.38979483857
22367,551.72,540.424842787795,538.769116582331,540.564913382878,539.721620163689,589.428867356908
22376,1307.98,937.839563832937,939.397007694117,947.838916164227,957.563416869844,1359.27122235802
22380,223.08,264.992268648474,265.059841676606,264.803946349739,262.414810491942,178.791748194329
22381,893.75,965.671943761083,968.033219187737,972.387853536879,960.533245127992,1182.68701994667
22391,1226.45,1508.78281482561,1501.55154896288,1501.7667515186,1499.77690451391,1417.9994662579
22395,1669.66,1580.15625574077,1580.90444733801,1577.87549388059,1587.21428502051,1516.62582826861
22410,582.34,611.72642633196,606.944546451132,615.146364871707,612.095795955273,524.661053677747
22450,915.25,1090.59467286966,1089.77262484834,1079.39436809395,1084.78427980859,965.821073956249
22455,1379.94,1262.55313781887,1264.33889708135,1260.20197803878,1265.80882298526,1485.90076486455
22470,597.61,744.812125863822,750.895603776377,743.874144572443,744.875289902611,580.514046786296
22471,175.79,213.242596470871,220.710879345908,218.171817161263,216.749176050443,145.137324981797
22476,3236,2690.30882710718,2681.44752148585,2701.73338712878,2692.31776032689,3033.1550588633
22491,648.32,580.669291768674,579.925863713631,580.438076517157,580.642305349905,693.0335829423
22496,1052.75,861.763059867479,863.729192411671,862.177353338185,864.662827695761,934.591279958042
22506,2324.08,2225.03222834112,2196.86195041871,2210.15997145137,2216.52829123751,2521.4861553101
22516,2314.37,1610.87978814477,1607.04620876804,1605.39074502532,1613.64872148134,2022.94842016499
22517,1552.98,1180.12765377154,1184.29342564065,1181.81049288601,1189.03331071971,1343.56310935126
22518,604.37,625.713531640705,633.763418199166,635.609511183339,630.955486603377,579.098821172231
22526,883.6,1274.64981930613,1254.55541889744,1339.49922129869,1290.23039428871,1092.58320366244
22529,585.59,652.773735544258,659.025174456042,655.588375276218,659.684609856652,719.201492897914
22530,1320.96,1328.68623085997,1336.80519625495,1335.62950270349,1336.66956411687,1408.92094287048
22539,1790.04,1516.70480798365,1509.31691368384,1508.77023407594,1501.53112866003,1496.66109340109
22541,2820.23,2933.27026409079,2937.109811121,2945.70162447573,2935.95488325065,3022.60450019141
22556,1048.55,972.120639913891,970.676083076605,975.553616247908,974.43400847275,1036.6921463584
22559,941.8,1121.56076969192,1111.48491086704,1117.92926828552,1119.66641886857,1122.32063450013
22561,1387.31,1158.84839072325,1156.0548333183,1166.98328988652,1160.27268443074,1538.19348366612
22574,1411.37,910.257846647537,914.623800802572,913.867438762176,912.760182718618,1340.00353313785
22577,1239.12,769.063067196925,776.058605649245,776.969072477755,804.690901784731,1354.67835749424
22586,1799.73,1301.83249705002,1305.49631085614,1303.57613484794,1305.26209675025,1725.64898178698
22587,409.67,460.020393102654,448.010206810835,451.544465926383,460.822141768791,445.538231293442
22599,718.37,833.237571845197,832.777892448877,826.906819334666,833.587591699384,651.008223835332
22604,1926.59,1983.85469489161,1981.62684889145,1988.67407559135,1979.32771290984,1875.43189340171
22606,153.59,172.216875397481,237.295933966922,490.488802716463,215.308375087389,155.545693276264
22616,609.04,645.151552288942,648.776840557053,648.296692854943,648.170723759474,540.901295752505
22617,1145.21,1307.27642168813,1286.81529381745,1295.08389032337,1298.7150851255,1179.6766904978
22618,4044.24,3718.21301104929,3751.49704463794,3718.7058934936,3732.38134657002,4527.18891104582
22669,908.73,851.880993851182,855.078319060812,855.921922965212,850.750145528258,885.619565580394
22689,1161.31,1166.32218798146,1164.35165887561,1166.56681354961,1160.35184733824,1214.71789948826
22693,327.87,322.749589357211,324.253678084874,322.274789791918,323.342260671715,394.201342142395
22721,862.31,1056.08095218204,1058.94523708783,1070.17555011374,1061.31492759114,807.637528607156
22736,707.69,924.851884137417,919.302628875981,924.064209472365,921.885642615291,668.763101458448
22737,978.74,1339.05181784091,1365.78843604934,1354.93957320561,1380.17016225095,1073.09596430798
22754,317.13,298.047485435426,293.644550397808,296.758954730623,295.709354874249,540.02469724293
22769,949.82,1059.96699858916,1065.41303817277,1091.69598086831,1078.63085626137,726.341557517677
22774,559.76,570.005963177779,567.637371029083,575.314279239468,569.541474977073,521.897898951393
22793,548.3,596.765098492161,593.564523169581,596.258075949657,591.198713216227,533.900086904844
22819,523.94,636.253359882187,638.022577215308,640.651799739729,642.728990492616,502.719116229996
22824,280.12,419.221595538386,416.569642565235,422.07829872645,421.493495878301,329.098830597409
22826,1000.19,872.766562179957,867.25182001956,875.627584756737,873.351724537672,714.180278292468
22833,955.29,994.428904891303,993.374414198656,991.861957080188,984.292103067869,890.844122769626
22836,1259.36,1253.61693915633,1256.94424393491,1256.70768643899,1272.66724037397,1384.26481245295
22845,1664.25,2110.73673764612,2101.62218781016,2104.80111527993,2108.00081824759,1532.77877458877
22847,2746.65,2736.63550876438,2735.75840010386,2735.87740980159,2747.9361487167,2406.85220052952
22848,879.31,945.259469548826,939.068360923152,934.782981710122,929.749766800616,960.581920404653
22855,830.6,704.868932526668,706.985894940181,705.700022018225,708.579446910331,1072.89413319515
22866,1482.65,1577.05338380695,1570.50211443582,1578.49818401368,1576.42874319639,1710.00391886294
22890,202.69,214.273258954828,214.777682721907,214.476534506538,211.556558851734,156.238782225346
22891,662.89,565.01567580275,552.870387012492,557.279726071001,553.848768625925,441.172094317449
22900,868.52,691.442044374732,689.431381778234,690.182153661803,687.333850865255,704.454684480017
22902,925.58,773.567129816748,771.38767290709,763.833037851633,775.963634008378,769.895466849734
22923,1321.7,1462.49820834353,1449.24833385162,1449.2940842971,1453.1565504563,1581.48808093343
22928,1774.84,1666.51653704114,1655.18992493299,1668.57342400764,1666.4254782331,1616.07228258402
22933,169.91,200.997887650104,202.422932724579,201.528466763269,200.432019895177,172.773057133518
22942,1551.12,1563.23691083799,1590.84701276545,1606.48043084329,1618.80666985726,1580.87937601167
22960,1162.58,990.489684108638,994.300918612232,986.205704446653,993.605179233505,1223.51075073499
22963,260.61,272.560198892951,273.571184311062,272.389817849012,272.793314990163,342.808080844814
22965,2462.48,1618.73586308717,1619.75998214267,1660.43060200626,1600.98543396636,2459.40409336317
23016,249.32,222.782296518181,221.96960855453,219.915501282121,220.268446654288,370.012513062879
23037,263.83,325.641426643313,318.362288911441,323.683551922883,333.487470795997,240.35581036976
23046,1261.32,1034.23276870159,1036.17077071488,1033.53572656205,1028.14408344034,1184.47650239456
23050,287.75,451.386758276535,454.545882838137,444.367314632248,441.838645460236,227.426321637031
