tripID,premium_trip,eta_min,distance_km,duration,distance,real_price,strike,premium_pop
23,0.134506774859986,17.0407067545195,17.519908,937.61,17519.908,23.7822355333333,24.220536293901,1.08626409539111
35,0.361860373262954,18.6031410966042,20.907165,992.08,20907.165,27.1121951666667,27.7534222399473,1.01900604647056
38,0.244795586222123,14.6865708886009,16.872717,806.76,16872.717,22.5237053,22.9082822754663,1.04190791826389
41,0.140251889481153,19.0378518575913,28.414835,1029.3,28414.835,34.0614015,34.6450855758533,1.12887876219315
51,0.174045033334729,15.896263120099,17.378406,953.47,17378.406,23.7368270666667,23.7384069672307,0.979647220728549
57,0.323758952526422,12.6431167072041,13.428532,938.76,13428.532,20.1059388,19.1750449792333,1.03433030556419
68,0.312442322370201,15.6329101279448,8.808111,818.2,8808.111,15.3246665666667,15.9435020396629,1.02669676724729
80,0.58963787968677,34.2190418497513,46.055647,1725.8,46055.647,53.5367156333333,55.2279852734229,1.33334953855695
86,0.365790533752028,5.14021138636843,3.030972,363.82,3030.972,7.77761146666667,7.49134032977421,0.663718325578999
87,0.371390089963245,20.9368029205519,17.884607,1175.13,17884.607,25.3376513,25.7565552053711,1.22254990392435
95,0.781818904759572,14.7852633354099,15.621107,772.95,15621.107,21.2225713,21.8124279339771,1.04190791826389
111,0.424439600804836,28.8327900612531,31.48006,1687.53,31480.06,40.220959,40.4402189189885,1.1077763638629
118,0.410062490260165,26.2113407324097,14.142201,1773.38,14142.201,25.0604442333333,24.023496527047,1.32149730749067
120,0.320172857114441,33.639892686264,37.470004,1881.26,37470.004,46.6128469333334,47.3213703327419,1.55149545834629
131,0.607138481689805,20.5450269239704,10.464228,1240.55,10464.228,18.9973135333333,18.9567635464308,1.36829038101015
133,2.02769611901108,36.898967267596,18.533806,1046.51,18533.806,25.2573937333333,31.2891052529548,0.904495613526603
137,0.371879528926215,38.1564212799967,30.57393,1920.1,30573.93,40.6070536666667,42.515027596799,1.54641689984838
138,0.415836661783575,20.6153678074853,18.721301,984.440000000001,18721.301,25.1054442333333,26.4099349203204,1.06431710384567
141,0.856195329121344,28.2804229179678,17.839718,1189.58,17839.718,25.3719095333334,27.99267730457,1.15641643721483
158,0.645412102372238,34.3010931262497,27.930515,1667.63,27930.515,36.9235518333333,38.9408023691374,1.40795918644407
164,0.677923643866567,46.9357240937429,38.578032,3419.24,38578.032,55.5563021333333,52.4403032690603,1.55655744718968
174,0.389700115852755,21.3889480824764,18.099303,1083.08,18099.303,25.0552860333333,26.0899466055677,1.22254990392435
181,0.303296222579968,20.7228137054649,19.119203,1309.61,19119.203,27.1436010333333,26.8013549486941,1.16319899647185
192,0.728764865414578,52.2230006890319,59.630022,2623.4,59630.022,70.3912531333333,73.0261500135999,1.47880936885539
202,0.262279834621917,17.8791172859279,19.05716,1020.34,19057.16,25.5932006666667,25.8639703586376,1.02669676724729
207,0.19481655088339,2.83381216315859,1.866384,897.61,1866.384,9.48739726666667,5.72822737057916,0.532158551922834
208,0.443745848301831,27.8332020280256,20.655677,1657.34,20655.677,30.3230326333333,30.3884019286879,1.18994269690731
210,0.301218937487381,11.577687957464,5.387604,737.07,5387.604,11.8270386,11.6079268668138,0.895756320522712
214,0.777680598801502,35.3291771731354,21.554128,2266.83,21554.128,34.2806702,33.520760123672,1.46813190522838
216,0.505971176422398,35.7136799642343,32.567136,2819.64,32567.136,47.0485624,43.5516631889126,1.39674020935437
225,0.325904560365165,12.6452787498135,8.143526,801.49,8143.526,14.6402050666667,14.4192098124422,0.88693091987139
250,0.355025764518137,31.7692410934599,21.695002,1868.25,21695.002,32.3481268,32.5439665389726,1.22896753281684
256,0.404136877918148,33.5298257483426,21.965008,2502.34,21965.008,35.8672638666667,33.3327531819862,1.24802242933184
258,0.39339223305293,30.3936118098017,22.739876,2814.13,22739.876,38.1755600666667,33.0579080610385,1.28528501077007
263,0.222122281786218,10.9782728062104,8.69818,644.88,8698.18,14.330242,14.4016265699252,0.793295131271539
265,0.549847678407465,19.268025331047,14.095032,1512,14095.032,23.6675288,21.8286166526246,0.822505898274634
284,0.420548155297313,19.1960223560326,8.474343,1296.68,8474.343,17.4964220333333,16.7476756303701,1.06431710384567
296,0.126879831863069,7.21997747231971,6.843744,365.31,6843.744,11.2168046,11.5675626164191,0.720546085529427
298,0.402657326128299,28.1832205345954,22.439271,1883.47,22439.271,33.0966055666667,32.1021422657246,1.14959386181737
312,0.29903967843237,20.8221279634022,13.624416,1527.04,13624.416,23.3216810666667,21.8868340686547,1.1077763638629
347,0.744455194731338,32.1791413633005,20.691032,2112.27,20691.032,32.7053238,31.7674626226232,1.04190791826389
350,0.271375387959017,13.6741945482805,10.272747,976.28,10272.747,17.4595856333333,16.654472609967,1.07899803327132
352,0.412440215310719,29.7384547940128,24.446935,1721.93,24446.935,34.0688798333333,34.391162486144,1.29746807944364
377,2.59565783033987,37.1866500238071,29.655921,2090.93,29655.921,40.6634672333333,41.3881904073802,1.14273055354081
378,0.251249232413074,13.9709695758906,14.211996,984.35,14211.996,21.0466047333333,20.2917969685261,0.938639457629381
383,0.352080850430852,23.2049976911855,18.528607,1393.07,18528.607,27.0432746333333,27.0392955842675,1.08626409539111
385,0.270417138666176,9.41865889635541,7.655281,510.21,7655.281,12.6958379,12.9795371578702,0.752585841462099
417,0.564656377530144,43.6395289015433,32.357276,2892.39,32357.276,47.2355634,45.8198023594784,1.71524276642504
447,0.375607503759985,17.5971646545172,12.588592,1282.73,12588.592,21.1271711333333,19.9548538429003,0.859911431036055
473,0.42440511931062,32.0910411236318,36.25116,2041.98,36251.16,46.346274,45.7442667483259,1.04190791826389
474,0.410993475080281,27.8327809564902,35.011278,1656.44,35011.278,43.2384235333333,43.308312296512,0.987644473590395
479,0.60087640451845,40.3744317120055,34.115608,2911.07,34115.608,48.9145755333334,46.3901210307217,1.30953780985511
485,0.410550523021595,39.3186809689654,34.571486,2600.58,34571.486,47.7206674,46.4731285003793,1.37402747275933
509,0.447562220573632,31.3178139070788,35.401268,2293.76,35401.268,46.8822345333333,44.7396635111944,1.01900604647056
517,0.265576228091205,18.6396951041388,19.299505,1101.56,19299.505,26.2309478333333,26.317859982283,0.930220996476805
520,0.42460423350989,26.4951699840277,26.509788,1859.55,26509.788,36.6364842,35.2423118950486,1.1699422355508
546,0.53006543037907,30.4622998916497,18.245675,1820.77,18245.675,28.9984191666667,29.0344204664114,1.2791499637563
561,0.514688077877366,24.0060797074275,23.707817,1412.33,23707.817,31.8040736333333,31.9489200093025,1.1148548791057
570,0.694177915291216,25.9554453755813,16.657953,1728.65,16657.953,27.0935160333333,26.2083457664302,1.15641643721483
577,0.485073089764256,31.6217915058358,32.004859,2330.02,32004.859,44.0128097666667,41.7771284668091,1.29746807944364
585,0.712709651136426,25.8454420591551,13.674581,1667.09,13674.581,24.0904212333333,23.4892099383381,1.14959386181737
600,0.632245723334359,40.3040972397149,32.053976,2490.63,32053.976,44.8868334,44.5128485443116,1.46276394610239
606,0.424889522394906,29.298544032195,24.11387,1791.9,24113.87,34.130633,33.9550316499804,1.16319899647185
618,0.21212147880732,17.7278073310925,16.01383,1285.56,16013.83,24.224507,23.0780672726387,1.1148548791057
623,0.336936641528938,18.0082996658945,13.58129,1308.32,13581.29,22.1528143333333,20.9757338964273,0.869011276312887
625,0.380991131377193,28.195257557443,18.189433,1661.29,18189.433,28.1238213666667,28.2810195428073,1.28528501077007
629,0.346437300062367,25.1443574843216,17.415064,1431.04,17415.064,26.2372642666667,26.6383084201397,1.20309163416092
633,0.402970177202148,22.1588977430565,16.764017,1427.34,16764.017,25.6322053,25.1268736003475,1.08626409539111
645,0.455938403570403,27.0582098110496,22.394924,2086.78,22394.924,34.1071282666667,31.7134766414254,1.21609840821084
661,0.310255302094264,15.9795879561622,24.382918,1154.28,24382.918,31.0784062,30.0682984664103,0.675466464631567
674,0.666604099421571,37.2792758213401,31.350961,2473.45,31350.961,44.1653565666667,42.9424404046154,1.05690016955527
700,0.180159319328286,16.6552675102597,13.425645,1128.23,13425.645,21.0822688333333,20.4162134281805,1.1148548791057
704,0.461636522528795,21.9688511464232,8.767077,1674.59,8767.077,19.7124176333333,17.8707131553912,1.00344778861613
760,0.301721928875286,12.9004449123293,5.934196,662.27,5934.196,11.9325047333333,12.5099143228221,0.987644473590395
763,0.408954207360478,30.5958016340691,21.729135,2085.15,21729.135,33.4994965,32.2109200065614,1.37974070934718
772,0.434657447882595,28.7291699407836,29.954326,1504.75,29954.326,37.9034350666667,39.0349360816429,1.07168270802085
786,0.207969547651187,10.7477809071964,9.005177,777.92,9005.177,15.2939126333333,14.6064713812309,0.762966826213102
790,0.432495856598244,20.253836266217,21.410806,1238.07,21410.806,28.8364204,28.7184146425273,1.04190791826389
793,0.467495088173808,26.6619030578468,26.288126,1574.94,26288.126,34.9665034,35.0945033479325,1.29746807944364
801,0.219345942536575,8.91501163405198,4.151495,573.32,4151.495,9.86849883333333,9.66999910655611,0.752585841462099
811,0.250380414393458,20.1687521826191,12.341099,1320.96,12341.099,21.1019491,20.5293022766119,1.39109679149038
816,0.288219742896619,23.5563569960805,21.573715,1262.46,21573.715,29.1090535,29.888814168785,1.10065232621424
827,0.111972558646837,5.14309505131842,3.104515,276.4,3104.515,7.39213016666667,7.55842296590871,0.675466464631567
845,0.459348693896336,26.6333215971443,11.757839,1634.14,11757.839,22.1951117666667,22.0083847951147,1.05690016955527
854,0.437679023003479,29.8440810373396,21.409471,1969.04,21409.471,32.6118972333333,31.6901890215753,1.29139091217287
861,0.361727940262961,36.192559499113,25.680672,1975.66,25680.672,36.4901814666667,37.5022982447251,1.64022281463641
866,0.335980619225381,28.3617025814016,25.225677,1502.28,25225.677,33.6348893,34.6652371002345,1.16319899647185
902,0.292801453555717,14.1407809557614,9.639054,705.89,9639.054,15.4922469333333,16.228790696286,0.878016815039115
930,0.231661885822781,1.99628366309283,1.024316,114.73,1024.316,4.68465606666667,4.71073233555878,0.416007476443946
934,0.374243643208461,31.8204674606636,24.008297,3249.15,24008.297,41.5647423,34.6418122128057,1.22896753281684
936,1.04341498208756,31.8373235327664,19.112021,1448.47,19112.021,27.8545805666667,30.2403891951576,1.1148548791057
946,0.601715856741715,23.1857632608577,12.832195,1134.94,12832.195,20.5828321666667,21.9065621108659,1.08626409539111
957,0.988971154764351,16.7329358852565,10.84999,756.92,10849.99,16.8457443333333,18.1222011244295,1.08626409539111
959,0.319956962829539,10.8416832920498,7.828109,615.11,7828.109,13.3933664333333,13.5762199205354,0.793295131271539
971,0.182048797346361,10.8520395085648,9.343307,584.58,9343.307,14.5993063,14.9431085476551,0.878016815039115
981,0.530588048619619,31.7016491779379,41.256991,1874.74,41256.991,49.9874485666667,50.1288031451608,1.39674020935437
995,0.350875277259626,28.7155923893576,15.347187,1702.54,15347.187,25.7789249666667,25.8843019407009,1.23535182270088
1003,0.47923645534196,58.3020910543802,68.352962,3970.5,68352.962,85.2019158,82.7613140268579,1.65454817670904
1006,1.29747430356136,34.039396387353,19.400552,1883.02,19400.552,30.3594334666667,31.1827096800794,1.12887876219315
1017,0.497635394331128,35.7984868294203,37.97394,2317.36,37973.94,49.3195726666667,48.4440769171203,1.43562311083189
1041,1.33602884295693,34.5974136205067,32.986148,1708.07,32986.148,41.6825615333333,43.5827314223571,1.24170328781995
1046,0.377177282531413,18.413763231232,13.352706,1291.53,13352.706,21.8603404,20.8957020016819,0.987644473590395
1047,0.258473150158593,9.47346799801736,8.078911,700.35,8078.911,14.0594949,13.3777949793854,0.96345358934212
1073,0.466645592607573,17.7222767664545,19.129622,1112.25,19129.622,26.1332848,25.8805655976009,1.23535182270088
1078,0.26297411077698,9.02387159873316,8.59574,641.99,8595.74,14.2231143333333,13.7035661956073,0.841416550206566
1083,0.392502296015527,14.7477182493845,17.746609,969.55,17746.609,24.1512897666667,23.7137407573092,1.01125683859793
1086,0.72557613521556,8.92161060020445,4.299805,519.28,4299.805,9.72277116666667,9.80552378606338,0.574796930908684
1100,0.57361095979561,42.6776464978522,38.238498,1889.87,38238.498,47.3489765333333,50.8147186143342,1.29139091217287
1106,0.494130508356021,24.9390281195781,14.519816,1017.69,14519.816,21.4958994,23.9689331170692,1.13582577399142
1111,0.486273562161092,47.0918020140395,50.808188,2216.29,50808.188,60.3482008666667,63.4958278243522,1.35093292926313
1113,0.50705955361038,25.5036152883327,16.296875,1223.26,16296.875,24.1573641666667,25.7433082393832,1.12887876219315
1131,0.373626206773439,35.2532291902078,44.669304,1879.34,44669.304,53.0822969333333,54.3008746489644,1.24802242933184
1172,0.233924263705721,6.991648396421,3.626403,410.97,3626.403,8.5571077,8.60117370289051,0.60154581708046
1186,0.363674030257314,28.3925066335534,15.006773,1549.79,15006.773,24.6833440333333,25.4777727564016,1.22896753281684
1206,0.149977754653641,15.9885972111817,24.640434,894.13,24640.434,29.9660622666667,30.3028557354663,0.675466464631567
1235,0.468602543380899,30.7139471986607,20.289826,1979.05,20289.826,31.6559350666667,30.9521670315848,1.39674020935437
1239,0.338149154319751,20.0966029641732,10.900504,1708,10900.504,21.8051202666667,19.2104005188937,1.03433030556419
1241,0.300403401543239,16.7442631032467,15.769091,1046.99,15769.091,22.7716302333333,22.5529034620065,1.04190791826389
1258,0.396276045863803,32.8335152628674,26.838126,1613.44,26838.126,35.6604200666667,37.5027031314889,1.37974070934718
1296,0.395729969968702,21.90290002291,17.60835,1445.7,17608.35,26.486965,25.8074140071021,1.00344778861613
1303,0.225775620297857,49.4530249509194,76.431011,3017.11,76431.011,87.5463115666667,87.288347634785,1.28528501077007
1315,0.32321758563982,10.8664158169483,5.031539,692.5,5031.539,11.2763017666667,11.066974003254,0.803150107035793
1321,0.610338208540369,35.2843656048764,23.907176,2481.38,23907.176,37.5069217333333,35.6246117375117,1.38543038589542
1322,0.388966532546194,20.331115417524,17.676508,1333.83,17676.508,25.9703122,25.3815029794324,1.01900604647056
1329,0.264268393223239,18.1228624582658,10.427016,916.89,10427.016,17.2915794,18.1724017620624,0.955253835210168
1336,0.247880924710076,16.9879845357241,10.288588,859.35,10288.588,16.8697042,17.6960044060745,0.921725649612629
1343,0.343575180637006,22.0180956639874,13.899346,1499.77,13899.346,23.4282230666667,22.5050210558361,1.01900604647056
1379,0.249346263626967,16.57339413247,15.236968,1145.43,15236.968,22.8013262,22.0210233810657,1.04943081681142
1382,0.529343810717187,35.8758241746393,22.344177,2534.8,22344.177,36.3762259666667,34.4012647941382,1.34509733857256
1390,0.560943910215774,35.638068347384,34.288484,2461.82,34288.484,46.7490389333333,45.077436787689,1.16319899647185
1398,0.435445832826183,25.1420789708852,12.198394,2327.63,12198.394,26.1746429333333,21.9425990809744,1.23535182270088
1399,0.421988744020049,19.7282178065157,10.768265,1333.03,10768.265,19.7487601666667,18.9771860200199,1.04190791826389
1411,0.236697916601837,21.6749420401964,24.812328,1352.4,24812.328,32.4884952,32.2203272324609,1.19653522767009
1438,0.255052712800956,13.6066615561518,8.894946,990.93,8894.946,16.2952564,15.3935164824071,1.02669676724729
1455,0.385148848820048,22.2432973862714,15.940549,1666.96,15940.549,26.1291207666667,24.4119162897442,1.15641643721483
1456,0.222025740569978,13.154460106188,6.801364,745.96,6801.364,13.1453542666667,13.3691102329183,1.00344778861613
1462,0.452339974608866,28.1366212031402,18.688009,1940.61,18688.009,30.0156931,28.7115606729735,1.20961250378808
1469,0.430173306234019,14.5828395942582,12.424248,765.33,12424.248,18.3060282,18.87250347422,0.812885615301491
1482,0.272791116223827,3.23033068108877,3.869717,158.83,3869.717,7.47336696666667,7.65414781113752,0.376292920731049
1485,3.67692716037935,34.1717882425879,27.85532,1643.9,27855.32,36.7332713333333,38.8330423552022,0.904495613526603
1508,0.413895365381024,14.9736321770171,13.140296,1058.29,13140.296,20.4640980666667,19.6380923748753,0.987644473590395
1521,0.34216408241587,27.9328896397706,23.627745,1289.1,23627.745,31.0953205,33.0941662883289,1.20309163416092
1524,0.399473946921923,23.4279889567074,20.004482,1438.94,20004.482,28.6085571333333,28.4367103765793,1.06431710384567
1525,0.544435926641375,32.3424306848128,19.848287,2794.87,19848.287,35.4736199666667,31.059611812292,1.42462200533674
1527,0.735096221505999,35.2790612979019,18.600329,2339.7,18600.329,31.9987461,30.8468051023496,1.32149730749067
1546,0.467160370862212,24.2310135934257,19.582502,1425.86,19582.502,28.1611951333333,28.305866013962,1.01900604647056
1552,0.365120726131228,26.7574435235258,22.535816,1502.33,22535.816,31.2142727333333,31.747041892293,1.33334953855695
1560,0.3217971548841,18.0607421844368,11.486395,1078.06,11486.395,19.0777321666667,19.1065855771754,1.04190791826389
1617,0.240395947170119,19.3150353442433,14.429743,1240.24,14429.743,22.5646753666667,22.1444296567154,1.21609840821084
1622,0.366171873197207,28.9898810641189,16.421256,1530.54,16421.256,25.8569204,26.9359935298769,1.21609840821084
1628,0.202991684560446,13.5097067899753,10.715525,694.29,10715.525,16.4011375,17.0019816048924,0.979647220728549
1651,0.539289998240507,29.93376792367,26.623836,1689.68,26623.836,35.8614657333333,36.4109204563377,1.03433030556419
1664,0.372772824834926,28.4059091729564,13.565511,1910.14,13565.511,25.2480165666667,24.1847917436165,1.14959386181737
1666,0.328897189482967,15.9245182165284,13.86442,768.13,13864.42,19.6166496666667,20.5845786471238,1.01125683859793
1684,0.346650847281936,19.2976652090705,11.801246,1571.04,11801.246,21.9081614,19.7733976148118,1.06431710384567
1685,0.629687363126213,13.5137268531699,4.7522,1111.02,4752.2,13.18725,11.6362353244827,0.822505898274634
1686,0.556805042787295,30.6910552426216,21.817389,2465.47,21817.389,35.5439117666667,32.3198772252127,1.27298534973709
1695,0.163462601087391,11.8431898935003,8.249713,760.97,8249.713,14.5264200333333,14.2661305669851,0.878016815039115
1705,0.243052202012211,19.1273525371785,14.8105,1817.5,14810.5,25.8898666666667,22.4289292865253,1.01125683859793
1710,0.479916238048307,29.3438935369595,33.304971,1674.04,33304.971,41.7936805666667,42.2410808964574,1.30953780985511
1713,0.11363760322697,9.07031864928661,5.698737,562.82,5698.737,11.2067666333333,11.1106620812789,0.742059646953489
1725,0.948398470689484,23.4168030516177,23.793315,1301.98,23793.315,31.3108801666667,31.8431924460015,1.00344778861613
1728,0.109420091025049,3.1611358758912,2.090311,263.94,2090.311,6.4149699,6.03123202152627,0.546740938212135
1751,0.407874328503851,16.5368223775415,15.887847,915.78,15887.847,22.2005923,22.5954772370379,1.10065232621424
1757,1.56594929970909,29.8346711277038,28.856548,1096.56,28856.548,34.8064532,38.3896412495882,0.995577488368498
1764,0.438261545738085,18.8677156560561,12.971453,825.79,12971.453,19.1108893666667,20.6932995533774,1.07168270802085
1773,0.286147856776807,17.5917023994876,22.537816,1271.87,22537.816,30.0253627333333,28.9074621438412,1.1699422355508
1803,0.585207679307031,16.5363804817874,15.902802,1087.29,15902.802,23.1001868,22.6087997493541,0.995577488368498
1804,1.14338787143354,17.1569456889184,13.024335,787.240000000001,13024.335,18.9593081666667,20.2105546635647,0.913151271160121
1811,0.52094406162291,32.2244358801734,20.428492,2256.39,20428.492,33.2136578,31.5452179228538,1.16319899647185
1826,0.209167184983651,8.63779980787886,12.422586,726.22,12422.586,18.1024640666667,17.0280453404424,0.979647220728549
1840,0.220258376853274,19.3036525561412,11.510799,1345.18,11510.799,20.4798157666667,19.5138513924038,1.05690016955527
1857,0.404572252088147,2.27268764629952,1.114363,109.87,1114.363,4.74058836666667,4.87745987035285,0.30724188320421
1859,0.278010862868839,15.5033880466535,12.609531,949.21,12609.531,19.4228295666667,19.3246281944626,0.987644473590395
1867,0.189227457678117,20.605585077954,15.822427,1079.59,15822.427,22.9880659666667,23.7979156741657,1.30953780985511
1938,0.259458244636341,3.07043436914128,1.745352,209.81,1745.352,5.82483513333333,5.6926514544338,0.532158551922834
1953,0.343721664855993,19.1856901960017,14.529424,1062.91,14529.424,21.7381832666667,22.1940455607605,1.17664683047127
1956,0.683920948788493,22.0727729007976,15.213337,927.05,15213.337,21.6517616333333,23.7045628992472,0.869011276312887
1963,0.30969787230564,21.3297998510845,18.775721,1106.76,18775.721,25.7864089,26.6803868538362,1.24170328781995
1995,0.289093778176951,20.4294523451641,13.379998,1149.52,13379.998,21.1511848666667,21.5451284270009,1.10065232621424
2004,2.92438389527235,62.5810360788979,52.846253,2755.82,52846.253,64.9700310333333,70.1317488844583,1.69215634682822
2010,0.36913221874605,13.7513962038182,10.503367,745.56,10503.367,16.4750903,16.8859631231836,0.720546085529427
2044,0.745501410019265,34.0865774449801,21.896447,2867.63,21896.447,37.6928906333333,33.4436413079438,1.70604568798976
2058,0.439610787828045,10.9011255184091,10.216559,626.07,10216.559,15.5995981,15.7442520107068,0.88693091987139
2067,0.739667806268199,34.2917335937679,27.371293,1439.03,27371.293,35.2391520333333,38.4346011140681,0.96345358934212
2078,3.96279052712403,113.576757540941,118.372291,4514.44,118372.291,133.029668566667,144.913856737692,1.43013313618773
2091,0.170460069675477,5.05617169644813,2.480532,267.31,2480.532,6.78358046666667,6.96989202589892,0.532158551922834
2099,0.272329549649728,18.7085042631627,16.384958,826.57,16384.958,22.1870738666667,23.7160985215804,1.05690016955527
2108,0.389047747099783,28.399816656453,15.571199,1841.32,15571.199,26.6975657666667,25.9880222635004,1.33923632011028
2113,0.38698491160898,22.9071145186374,16.871344,1172.93,16871.344,24.4143479333333,25.4554151007776,1.12887876219315
2131,0.222517263394606,3.28004586288793,1.398501,162.44,1398.501,5.26792423333333,5.44546511749526,0.469319728814691
2134,0.51354090063351,32.9572993292466,24.17094,2885.16,24170.94,39.830506,35.1406087920664,1.30953780985511
2144,0.424528952342847,26.4016432194648,26.449284,1694.61,26449.284,35.7298406,35.1588649980341,1.14959386181737
2178,0.219246135038831,15.2590268173441,13.677276,938.67,13677.276,20.3293434,20.2098467133767,0.971584143524735
2180,0.28411604078316,9.72067164635436,5.762594,548.41,5762.594,11.1897862666667,11.3697428103699,0.698370104677186
2183,0.482790245348329,58.320742299713,68.374324,3285.41,68374.324,81.6815099333333,82.786321712911,1.64501179654927
2193,0.451908387049698,38.1583800751715,20.099258,2405.09,20099.258,33.6856305333333,33.0884300233032,1.37402747275933
2199,0.583294460802762,39.8186253818469,34.486365,2501.6,34486.365,47.1326618333334,46.5515023683726,1.34509733857256
2203,0.251510643398413,13.1446868362437,11.362491,780.25,11362.491,17.4275335666667,17.4710948192356,0.869011276312887
2204,0.495629949588535,27.5170974371662,20.870259,1859.6,20870.259,31.5611664333333,30.4835333055215,1.04943081681142
2207,0.339819772015476,25.6469102923389,14.944239,1753.65,14944.239,25.6803401,24.5703572906251,1.17664683047127
2214,0.316538395801295,24.645868191734,33.842995,1321.5,33842.995,40.4564455,41.2689146394375,0.979647220728549
2228,0.445928953318781,20.7892930814387,22.071767,982.87,22071.767,28.1127519666667,29.479271155246,1.06431710384567
2236,0.273993877355879,22.9715523002403,18.45617,1561.7,18456.17,27.8493363333333,26.9017342130745,1.33334953855695
2238,0.207472143821776,18.4318782690726,17.836062,1023.38,17836.062,24.5099191333333,24.9363380634125,1.24170328781995
2242,0.412359209364687,42.7271493383269,26.58638,2769.43,26586.38,41.4064636666667,40.3431582948813,1.63060265650121
2291,0.448778106569226,47.9362173455379,30.12987,2977.79,30129.87,45.6721313333333,45.1471103771168,1.71982286207211
2293,0.809691771546042,41.8848623593992,27.014589,2227.5,27014.589,38.9918801,40.4674374314138,1.67345791270086
2294,0.316350337529635,12.4302409537801,5.662312,926.27,5662.312,13.0518091333333,12.1194554956718,0.803150107035793
2324,0.24938465618719,18.4810258218474,14.183559,783.45,14183.559,19.9830281,21.6643211047727,1.04190791826389
2327,2.00899447560306,13.1540891737044,14.309994,446.45,14309.994,18.3556529333333,20.1267622438484,0.434505638156444
2339,0.207192140148216,12.037677504426,5.475626,658.75,5475.626,11.5016050666667,11.8297434263721,0.878016815039115
2380,0.270150445937675,23.6527297721081,24.244851,1075.96,24244.851,30.5494925666667,32.3227121293535,1.24802242933184
2392,0.329443106988185,21.3568017527662,15.890179,992.92,15890.179,22.6012477666667,24.0917696433575,1.30351691446933
2437,0.521650559439538,36.388901343944,32.506957,2076.8,32506.957,43.1563946333333,43.7068207166226,1.52076973354755
2448,0.284857008836105,17.7761439165107,15.389755,1224.61,15389.755,23.3479311666667,22.5313841141183,0.987644473590395
2466,0.280458494401152,8.1205490657364,5.727706,587.37,5727.706,11.3596804,10.8423056103783,0.793295131271539
2489,0.228372369025321,9.19057379877053,11.59583,583.45,11595.83,16.6207386666667,16.4553248776189,1.02669676724729
2504,0.559287648802375,27.0016349698191,17.528528,1485.58,17528.528,26.6211718666667,27.3161820406439,1.24170328781995
2507,0.350859707204103,28.4427394907524,18.792681,1699.04,18792.681,28.8617862333333,28.9006621421333,1.52076973354755
2512,0.292844922567987,21.1377386335576,18.667853,1538.89,18667.853,27.9219993666667,26.5237666764029,1.37974070934718
2521,0.261678271453184,6.17184983202129,3.132577,370.4,3132.577,7.90305263333333,7.9025927479266,0.546740938212135
2523,0.492087791471786,29.6333482610078,32.528851,1625.11,32528.851,40.8423675666667,41.6323038609124,1.41908947179422
2526,0.390407002738763,9.31783281076967,5.269765,638.8,5269.765,11.2132551666667,10.8013166713386,0.995577488368498
2527,0.803389292996121,31.3168573308397,42.483542,1792.44,42483.542,50.6661278,51.1134135725603,1.18994269690731
2533,1.15085209075747,14.2262244667123,10.642135,1027.39,10642.135,18.0561031666667,17.1580510846808,0.930220996476805
2535,0.333764997074898,7.03738396596138,5.179311,478.43,5179.311,10.3032682333333,10.012968929448,0.687013736379663
2539,0.51436435406111,6.26142462120766,3.055119,440.49,3055.119,8.1954721,7.86064873257437,0.588323415235634
2549,0.326902294571578,4.37849621161405,2.384424,244.84,2384.424,6.58098826666667,6.67331542560036,0.452247806763302
2550,0.357385079287605,12.1570933589384,14.960885,790.92,14960.885,20.7212165,20.4034954412709,1.00344778861613
2552,0.261810371778907,22.179586483861,26.934877,1724.78,26934.877,36.3227526333333,34.2870611099969,1.17664683047127
2573,0.369520655264957,19.2136787547435,16.495083,1164.75,16495.083,24.0334497,23.9718151139705,1.22896753281684
2579,0.868342638847634,28.3529896000424,39.999606,1479.27,39999.606,46.8125404,47.9590721760131,0.930220996476805
2581,0.185169172943742,20.2194827468137,23.731793,1279.8,23731.793,31.1409137,30.7966533515123,1.26056568348512
2585,0.184686709716173,17.6416634913588,16.654349,1225.35,16654.349,24.4898891,23.6278297823212,1.07168270802085
2597,0.519492804907832,23.0804044413669,11.312676,958.23,11312.676,18.3022634,20.5063337768237,1.06431710384567
2609,0.386104983010187,22.0677848413674,10.181102,1136.18,10181.102,18.2032551333333,19.1740051008239,1.29139091217287
2610,0.413497993336864,36.3699335169774,17.669957,1954.08,17669.957,29.1690413,30.347640690263,1.76942162792342
2613,1.2501329725016,45.704586480961,44.112217,2330.2,44112.217,54.9103619666667,57.0394171090979,1.59154063420605
2622,0.187666247219021,14.2700435770374,8.022416,883.9,8022.416,14.9569910666667,14.8138879088816,1.04190791826389
2624,0.501510705734854,19.4753401878282,10.566423,1365.93,10566.423,19.7370857,18.7171361582267,0.793295131271539
2641,0.621401597975719,32.9829140970158,20.863299,1545.54,20863.299,29.9322591,32.1716724700749,1.52076973354755
2648,0.289689805426511,10.9561860560133,9.414667,603.74,9414.667,14.7625236333333,15.0396179773641,0.752585841462099
2664,1.70170081727537,14.6745118571534,7.195328,333.12,7195.328,11.3669152,14.1948938757175,0.546740938212135
2676,0.569996194244789,36.8452054564363,18.027783,2573.65,18027.783,32.6921963666667,30.8170183914953,1.49993628729502
2687,0.39961854535787,20.2255457054681,15.919362,1696.94,15919.362,26.2649491333333,23.7673449686951,1.02669676724729
2695,0.403991381124931,18.741759362504,9.578337,1025.57,9578.337,17.0892816333333,17.6004487023763,1.04190791826389
2703,0.246538456534756,19.5405258993176,12.863409,1140.73,12863.409,20.6408397666667,20.8046311287885,1.18331343810106
2707,0.449294507804983,16.3665272814293,12.489849,1157.75,12489.849,20.3925724333333,19.4844875572431,1.00344778861613
2732,0.281950331180532,22.022189640354,15.739461,1290.01,15739.461,24.0005665666667,24.1623936885097,1.17664683047127
2736,0.567898799508952,23.4231466902212,7.712906,1622.52,7712.906,18.4946354,17.3727908739686,1.07168270802085
2744,0.778633746526896,12.9350876382488,16.418641,823.55,16418.641,22.2017852333333,21.9566540678571,0.88693091987139
2745,0.367744526669479,6.22888001587898,2.515534,329.18,2515.534,7.13474393333333,7.36493340492248,0.354772367948556
2746,0.527256881161972,34.1134351580792,23.168914,2595.96,23168.914,37.4344826,34.5971874990046,1.42462200533674
2756,0.316254754009434,2.76932457245167,1.762282,264.77,1762.282,6.12403213333333,5.61454441746002,0.485792071762367
2766,0.34497028963319,23.7194223802694,20.529123,1662.25,20529.123,30.2345023666667,28.9992316378835,1.23535182270088
2770,0.431923375456813,5.51469250623425,3.509319,390.67,3509.319,8.34684876666667,8.03794177693262,0.742059646953489
2782,0.912508958831988,22.2733582085135,17.390467,1370.97,17390.467,25.9047653,25.7261613446392,1.24802242933184
2785,2.03477534492675,36.2698737213661,24.319418,2125.12,24319.418,36.0372628666667,36.3011370536235,1.57664289010909
2809,1.25335806384294,39.9573516644942,38.035476,2160.36,38035.476,48.5637884,49.7887074159932,1.56160302751183
2821,0.320855893021424,20.0827131241389,10.293644,943.41,10293.644,17.3085646,18.659920668483,1.09348187642427
2828,0.361332076354886,5.17905127697536,3.295731,267.61,3295.731,7.51880956666667,7.74166379586236,0.78331617892563
2857,0.46450677508845,35.3342524177014,31.685186,2218.33,31685.186,43.1480390666667,42.6402856494874,1.33334953855695
2864,0.536812267656001,4.38717633230047,2.791815,253.82,2791.815,6.99403683333333,7.04265816301315,0.485792071762367
2884,0.472734912467632,17.0166954616511,21.917016,967.75,21917.016,27.8953560666667,28.1704899931118,0.904495613526603
2896,0.802508678272613,10.9376212119822,6.929106,731.99,6929.106,13.1881437333333,12.7968579757145,0.859911431036055
2902,0.335686927195593,3.24231929200308,2.063276,309.45,2063.276,6.6257734,6.03206738052096,0.532158551922834
2912,0.335193603730155,24.2935751923462,13.277244,1228.84,13277.244,21.4685262666667,22.6505279096273,1.24170328781995
2934,0.369448071579729,7.92824113811114,3.290788,489.7,3290.788,8.66182586666667,8.58946395281445,0.675466464631567
2948,0.363058932759302,25.7625406476512,15.712236,1630.96,15712.236,25.7376390666667,25.2974000007719,1.22254990392435
2949,0.364508535613002,26.7923543178658,17.990488,1488.59,17990.488,27.0524875333333,27.6670690385384,1.24802242933184
2955,0.255971598735539,31.08797720051,30.978503,1719.94,30978.503,39.9370093666667,40.6879256321581,1.3567434202899
2956,0.313677952989899,22.519006912608,21.220766,1283.13,21220.766,28.8981944,29.2495815429085,1.21609840821084
2966,0.199885010973134,13.7766127646975,17.216124,939.47,17216.124,23.5184399333333,22.9352615570562,1.16319899647185
2970,0.351865149601331,12.3157519674299,12.492362,913.36,12492.362,19.1321524666667,18.2310089099033,1.01900604647056
2974,0.291723310516406,15.9529029045058,13.970176,1089.23,13970.176,21.3708467333333,20.6885583003968,1.19653522767009
2977,0.578130204863914,50.9810919659741,23.894633,3181.75,23894.633,41.1142113666667,40.479308209452,1.76942162792342
3000,0.198072184934972,20.9227603193217,15.865713,1115.97,15865.713,23.2149867,23.9351973989897,1.327436651158
3001,11.0413180889849,39.5170715868949,27.515478,1317.38,27515.478,34.7403935333333,40.1842223919374,0.639574981878148
3004,0.114243741516852,18.0182062573729,26.675086,1120.4,26675.086,32.9663107333333,32.7632213397856,0.979647220728549
3011,0.160963255196707,16.5824925859094,14.661542,982.71,14661.542,21.4427228,21.5059605016319,0.971584143524735
3015,0.431060986655992,20.7025615720431,25.141103,1307.41,25141.103,32.5519443666667,32.2147867873334,0.869011276312887
3048,0.218903024317417,14.994778666282,12.675025,1067.13,12675.025,20.0910275,19.2259038865474,1.15641643721483
3067,0.332453513634815,13.1648920471794,13.345098,846.96,13345.098,19.5565482,19.2617047346256,1.02669676724729
3084,0.268357733318393,11.5677549848526,8.708579,575.62,8708.579,13.9817577666667,14.5937251453043,0.773208449924192
3109,0.442738169610382,50.8615362857591,66.364254,2668.34,66364.254,76.6842519333333,78.6649048485853,1.26056568348512
3117,0.512538880898729,35.1398372085698,30.886689,1659.86,30886.689,39.5439634333333,41.8613696346567,1.37974070934718
3120,0.452090289785903,27.6994479829776,12.07011,1333.93,12070.11,20.9250706666667,22.6199278747231,1.19653522767009
3160,0.399644732123158,24.6424570415156,20.184389,1423.01,20184.389,28.6881684333333,28.9751117828699,1.18331343810106
3164,0.304202279727929,21.3711172065126,15.227672,1082.95,15227.672,22.4701464666667,23.4999511340189,1.14959386181737
3176,0.323101775807653,14.437108361499,7.767986,1078.79,7767.986,15.7349357333333,14.6366909920647,0.752585841462099
3183,0.370945840529308,13.7761594306404,10.515809,777.37,10515.809,16.6506397666667,16.9048375234985,0.720546085529427
3188,0.415701821437248,15.2817128460675,8.820009,779.33,8820.009,15.1345464333333,15.8453390822809,0.841416550206566
3206,0.421010346611717,28.7614629196681,15.411875,1769.98,15411.875,26.1855841666667,25.9567410050971,1.22254990392435
3232,0.422965447833348,35.5822830416135,16.969666,1827.02,16969.666,27.8823027333333,29.4732071429002,1.71065040807318
3242,0.253097559381777,12.748326824059,9.926043,881.99,9926.043,16.6603870333333,16.0554200154583,0.822505898274634
3251,0.218396536839178,11.5514085521921,7.371914,509.41,7371.914,12.4366742666667,13.3856592511796,0.946983083561294
3264,0.318921300426134,17.9292564681078,10.50206,1300.46,10502.06,19.3408973333333,18.1799235051134,0.946983083561294
3270,0.193008582475749,11.8462632464774,7.32983,720.76,7329.83,13.4907736666667,13.439188606408,1.01900604647056
3286,0.369093317886413,22.2216685732332,18.740148,1419.1,18740.148,27.3681498666667,26.9248504577023,1.26056568348512
3314,0.237277400272502,6.17419858522016,2.669792,297.18,2669.792,7.1082428,7.48681436141825,0.663718325578999
3320,0.225287046097648,11.5439304183057,7.124761,726.25,7124.761,13.3345765666667,13.1609033296748,0.762966826213102
3349,0.239778837911231,9.50980472873603,5.21577,574.38,5215.77,10.831823,10.8122324659082,0.88693091987139
3353,0.243543530224141,17.1886656863333,14.188009,1234.84,14188.009,22.3192147666667,21.2676944627633,1.00344778861613
3366,0.781104258098011,25.8296302795019,15.214187,1455.13,15214.187,24.3809399666667,24.8699536866456,1.29139091217287
3367,0.406978658972372,26.1979887369037,15.023471,2125.66,15023.471,27.6737005666667,24.8125004084401,1.18331343810106
3379,0.405138942349654,17.834803851288,15.44842,967.75,15448.42,22.0736196666667,22.6023671938993,0.987644473590395
3385,0.470679498114856,25.8044708083519,17.5243,1375.65,17524.3,26.049395,26.9412559505891,1.10065232621424
3388,0.181813966938575,9.73438977605929,8.1745,515.86,8174.5,13.1923266666667,13.5447108305784,0.762966826213102
3392,0.234664653338778,15.7438240338239,14.023313,1070.79,14023.313,21.3233967,20.6715671504854,0.987644473590395
3393,0.433310098497999,39.851406199802,37.10991,2673.53,37109.91,50.3821573333333,48.9228549219386,1.32149730749067
3410,0.432750926010912,22.8236831790932,12.842685,1454.19,12842.685,22.2417315,21.8037582855189,1.12887876219315
3412,0.455554012910481,47.4316378967199,39.904279,2670.84,39904.279,52.8831911,53.7876588479832,1.52076973354755
3449,0.287319648818717,15.949277666559,8.280788,1109.01,8280.788,16.3525942,15.5669852766333,1.08626409539111
3451,0.533569641937028,30.8222915011833,13.911474,2138.87,13911.474,26.7411549333333,25.2452369653668,1.48941028856371
3468,0.180223081642372,6.17940849304338,3.326143,435.38,3326.143,8.41299203333334,8.07914533284345,0.709544735897112
3472,0.481154327120772,32.1098255910859,13.939222,2280.59,13939.222,27.4983481333333,25.6693457332366,1.33334953855695
3488,0.310515874907466,28.6411150445108,23.165744,1713.13,23165.744,32.8703412666667,32.8979152637983,1.3567434202899
3491,0.260060664060079,15.2614933607584,6.264244,1162.19,6264.244,14.8124679333333,13.5388825418351,0.921725649612629
3493,0.491708421114176,42.9175540716109,34.275874,2439.37,34275.874,46.6216982666667,47.3227283621994,1.45196849268573
3496,0.276065277417515,22.6213239758227,25.97652,1139.06,25976.52,32.4340113333333,33.561478432505,1.04943081681142
3519,0.962502255498056,34.1388235046217,22.651102,2092.87,22651.102,34.3691534666667,34.1390270864327,1.22896753281684
3527,0.212277524736243,3.59418436740986,1.44609,171.15,1446.09,5.355756,5.58567815389706,0.434505638156444
3530,0.31852435219131,14.7968567479901,4.205334,840.73,4205.334,11.2985722666667,11.5418261918769,1.04190791826389
3534,0.326678858956218,22.6884011314089,13.969615,1276.55,13969.615,22.3381618333333,22.7760578507367,1.15641643721483
3541,0.620706934316823,14.2895933533588,14.981564,634.8,14981.564,19.9332076,21.0831815395412,0.913151271160121
3613,0.26439870719342,8.77635619270504,7.330847,683.77,7330.847,13.3005739666667,12.4884327197386,0.841416550206566
3621,0.371488379031153,7.12191192276713,4.154092,441.28,4154.092,9.18862946666667,9.11647549605781,0.832014952887892
3623,0.265391567518827,6.93763713412848,3.916591,455.76,3916.591,9.0496919,8.84559941157983,0.850714252903992
3633,0.274131176898662,5.82105454887847,3.50199,407.37,3501.99,8.426536,8.12631791015233,0.812885615301491
3639,0.253507528674013,5.95653274117023,3.834144,399.51,3834.144,8.6848646,8.46725474976277,0.78331617892563
3651,0.183215271147388,2.30345169978704,1.386515,200.67,1386.515,5.4546585,5.13193352693398,0.469319728814691
3652,0.228448224704301,16.8188075140913,15.608342,948.18,15608.342,22.1164378,22.4313381293683,1.01900604647056
3660,0.501077311581367,24.7441919272669,20.415054,833.94,20415.054,25.8522386,29.2142480974528,1.05690016955527
3687,0.266919114836795,22.1777033114926,23.200767,1045.09,23200.767,29.4503219666667,30.9257783265627,1.14959386181737
3704,0.525614558899157,34.9036568807733,27.267037,1627.85,27267.037,36.1208916333333,38.5304669330397,1.27298534973709
3705,0.31732636143648,12.5910202276754,5.2688,844.53,5268.8,12.275325,11.8151362705794,0.841416550206566
3717,0.512205994910047,34.3742542350317,26.158443,1945.72,26158.443,36.7654853666667,37.3686175128598,1.39109679149038
3725,0.162488144519752,10.8468936948108,9.413332,638.98,9413.332,14.9433954666667,15.0045358453914,0.955253835210168
3729,0.421130467203347,28.5759556281621,22.770498,1310.35,22770.498,30.4335898666667,32.5219944447302,1.12887876219315
3730,0.434385720595358,24.6048261996488,14.490083,1636.75,14490.083,24.6676163666667,23.8385708218911,1.08626409539111
3738,0.441408083687279,20.640047056166,11.051575,1019.11,11051.575,18.3818191666667,19.5148320874114,0.971584143524735
3769,0.445538754652999,26.8248739743761,23.683611,1544.8,23683.611,32.4667165666667,32.8009608320566,1.06431710384567
3775,0.457941691132107,39.0953751127388,25.427086,2141.19,25427.086,37.1171924,38.173943684949,1.47880936885539
3777,0.345552513748182,20.5848138352952,10.421726,1372.45,10421.726,19.6405450666667,18.9308456889415,0.921725649612629
3798,0.37400449387724,22.7571205643996,20.252956,1285.64,20252.956,28.0401337333333,28.4523677749639,1.15641643721483
3814,0.503221985961494,31.0829828458002,13.326554,1912.75,13326.554,25.0464402666667,24.7996232821981,1.19653522767009
3820,0.41954029790234,30.6016604122677,20.772029,2125.2,20772.029,32.8450261,31.351340827803,1.2791499637563
3821,0.286899104820097,10.3626733545404,4.592878,741.65,4592.878,11.1354485333333,10.5160189399075,0.895756320522712
3846,0.115219007487242,6.36308995832626,3.021452,379.05,3021.452,7.8477318,7.86186468708114,0.532158551922834
3862,0.412721303397084,20.9808337949009,19.244895,1462.84,19244.895,28.0484121666667,26.9944639764193,0.869011276312887
3884,0.476612507449685,25.3582014863005,18.722634,1295.42,18722.634,26.7133739333333,27.8814130607531,1.33923632011028
3894,0.314517672127084,14.6275738928823,8.397323,1055.68,8397.323,16.1819373666667,15.2621386067935,0.938639457629381
3895,0.33663351465953,23.2334258906059,17.759121,1485.04,17759.121,26.8259155666667,26.3555709260878,1.1148548791057
3899,0.6416971653343,44.9684105921111,35.574523,3343.23,35574.523,52.4604257,49.1272779835544,1.48411929390698
3918,0.545740595951423,31.9467515968218,23.585761,1959.66,23585.761,34.5220949,34.3006778950148,1.47348030875271
3937,0.420839004058294,33.6069240297344,38.632802,1793.91,38632.802,47.2080568,48.3576682492177,1.20961250378808
3948,0.316690872674134,17.2534923275496,6.50518,1022.87,6505.18,14.3094903333333,14.3732446215404,1.14273055354081
3950,0.220024336217064,10.6932001532896,3.092819,585.52,3092.819,8.97872376666667,9.26842914751978,0.850714252903992
3960,0.313622092648103,16.8107833519398,10.123743,1276.6,10123.743,18.8771353666667,17.4927115391013,0.88693091987139
3968,0.274813829913512,16.9954262489149,7.17666,1089.08,7176.66,15.2559073333333,14.8975761371636,0.938639457629381
3976,0.646658812270126,31.94975682569,20.634123,2017.53,20634.123,32.1646157,31.6451353159639,1.20961250378808
3991,3.9038715744093,113.516272077095,118.333757,4528.4,118333.757,133.067114633333,144.860425643899,1.54641689984838
3995,0.414832178634358,15.3072864131464,14.309888,889.24,14309.888,20.6433058666667,20.7941579880754,0.995577488368498
3997,0.597029168029601,41.2363675838597,32.14201,2362.22,32142.01,44.3026123333333,44.8810829509965,1.56663235785126
4008,0.20024775717723,12.6551717759675,9.666106,844.3,9666.106,16.2317120666667,15.7925986505499,0.832014952887892
4011,0.526079824093769,41.1547166731033,34.029378,2770.92,34029.378,48.1128602,46.554402368662,1.37974070934718
4014,0.236556209748334,8.84216125160692,4.022814,383.4,4022.814,8.7714326,9.53160258799815,0.698370104677186
4038,0.341205953305732,10.9212978085796,4.139897,608.8,4139.897,10.0413739666667,10.2815096206597,0.869011276312887
4048,0.279491747231009,16.443606990275,13.44797,1100.4,13447.97,20.958573,20.3706911669852,0.930220996476805
4056,0.311371601566983,16.0494084645997,13.02163,985.89,13021.63,19.983232,19.8647836240259,0.895756320522712
4067,0.460184331098376,32.2675451170824,27.088943,2346.14,27088.943,39.6717720333333,37.5529876862955,1.20309163416092
4070,0.256841987983178,19.3512877552493,16.534064,1164.5,16534.064,24.0672409333333,24.0495568041273,1.07899803327132
4084,0.266116472315152,13.2049424252889,9.656537,691.11,9656.537,15.4316183,15.9544154518396,0.921725649612629
4102,0.23316015034779,2.33373413016279,1.381302,104.43,1381.302,4.9527268,5.13662938035047,0.416007476443946
4118,0.757127271571491,49.8643273626754,42.787254,3144.68,42787.254,57.9260419333334,57.1364700824294,1.37402747275933
4126,0.536548929166391,43.7856245974168,33.081753,3074.92,33081.753,48.8306643666667,46.5171213251992,1.53108015490348
4127,0.603954751242193,34.7637583591933,20.6803,1683.65,20680.3,30.4811283333333,32.5590350913499,1.29139091217287
4130,0.436550751443488,20.0665581024733,14.652358,1132.73,14652.358,22.2095605333333,22.5777552117667,1.19653522767009
4133,0.236393453692642,14.9685296365025,15.806327,757.04,15806.327,21.3070676333333,22.0359384873158,0.904495613526603
4135,0.317468621764684,17.8141808840304,12.299659,841.2,12299.659,18.5858931,19.7620891740494,0.938639457629381
4153,0.228402239442596,3.58200844289932,1.75636,566.01,1756.36,7.675109,5.86114661729879,0.803150107035793
4202,1.13262536308043,32.0035766944001,20.994259,1762.58,20994.259,31.1714964333333,31.985941875264,1.03433030556419
4215,0.396456342643904,24.501018581084,11.483462,1590.61,11483.462,21.7232674666667,21.100431560136,1.15641643721483
4225,0.373298897916373,26.338896878582,18.894228,1261.54,18894.228,26.6927618666667,28.3398632323604,1.10065232621424
4232,0.94380996078469,11.4787132814672,14.809894,543.59,14809.894,19.3074529333333,20.0573057172548,0.698370104677186
4234,0.152988490555757,22.0030561531493,23.775555,1282.58,23775.555,31.1946628333333,31.3889469074763,1.33923632011028
4235,1.11047859564911,9.81031695051957,7.023762,481.76,7023.762,11.9804791333333,12.5325840546611,0.709544735897112
4252,3.5097579429323,54.5554062194677,47.574865,2026.39,47574.865,56.4570601666667,62.899554428035,1.39109679149038
4265,1.29253063601216,40.085838706548,24.981603,1862.42,24981.603,35.2759460333333,38.0800526990299,1.51558822024382
4267,0.433695996252629,10.0435399000338,11.543672,621.14,11543.672,16.7685281333333,16.6728021690105,0.822505898274634
4284,0.207692145386795,12.479345161175,9.878463,728.62,9878.463,15.8251533666667,15.9292136999642,1.14959386181737
4296,0.326970028303726,23.5576819668948,28.54929,1279.69,28549.29,35.4760926666667,36.1672424097374,1.23535182270088
4300,0.44891361773425,14.7461635525875,14.711731,869.23,14711.731,20.9015795666667,20.9818686013021,1.01900604647056
4319,0.848496224953755,31.9503143633725,44.754676,1507.63,44754.676,51.2386300666667,53.3538058526455,1.12188873360875
4322,0.551829043814704,29.5464900635584,32.195835,1563.14,32195.835,40.2224748333334,41.3056634197031,1.36829038101015
4324,0.570564515080727,28.0896905866952,26.214775,1601.65,26214.775,35.0384891666667,35.4711015818755,1.33334953855695
4335,0.305257796307938,11.6191517475478,11.35756,763.88,11357.56,17.3385173333333,16.9937410417398,0.869011276312887
4346,0.0828663106992227,12.0198629856171,16.743732,661.36,16743.732,21.6563854666667,21.9655163255413,1.01125683859793
4373,0.384547344598653,17.6200130091105,17.535656,954.13,17535.656,23.8817620666667,24.4142944328242,0.88693091987139
4377,0.309072403628258,21.5640250642274,15.531436,1125.63,15531.436,22.9640474,23.8331401699105,1.19653522767009
4389,0.449320486170354,34.0847817229778,33.111809,1960.34,33111.809,43.0990514333333,43.5369104341231,1.33334953855695
4399,0.315519853801409,18.9429350437272,12.607584,1292.6,12607.584,21.1952589333333,20.3891354635554,1.12188873360875
4403,0.392705760110814,19.5137358895734,12.556736,1202.54,12556.736,20.6841857333333,20.5203205257678,1.12188873360875
4429,1.91285052705286,29.5590796606155,30.072643,1120.98,30072.643,36.0271087,39.3986933947908,0.752585841462099
4443,0.220850069606165,15.513525785071,9.243368,909.47,9243.368,16.1879595333333,16.298224193372,1.00344778861613
4465,0.367119540529492,24.0465266931492,25.015744,1336.18,25015.744,32.5877662666667,33.1385928748763,1.26679073706464
4469,0.234342940517749,13.8232798269668,11.217841,863.72,11217.841,17.7286102333333,17.5512736463597,1.07168270802085
4473,0.373069787621828,16.9180527066456,13.379767,1379.13,13379.767,22.3372953,20.4563866390601,0.938639457629381
4477,0.336404554883101,20.3379963277362,11.962518,1395.16,11962.518,21.1445928666667,20.2410450615982,1.00344778861613
4478,0.580657526896418,25.8016507189975,25.920257,1368.86,25920.257,33.5706746333333,34.4967430228892,1.1148548791057
4487,0.511734235991997,24.1619691938404,14.316235,1963.68,14316.235,26.2002915,23.5448219500905,1.36829038101015
4496,0.647841193183755,22.0404963001453,8.87639600000001,1192.97,8876.39600000001,17.3224347333333,17.991310253045,1.06431710384567
4508,0.3543451410671,16.5412164643134,12.650229,1160.18,12650.229,20.5494694333333,19.6829832039371,0.869011276312887
4549,0.356824895151147,21.0924067779996,19.774945,1284.5,19774.945,27.6040338333333,27.5060966011799,1.25430973577016
4565,0.259798721443078,18.4900149327222,12.248931,859.23,12248.931,18.6333929,19.9259425291439,1.14273055354081
4575,0.277038162703144,20.3784426793744,16.760705,1079.04,16760.705,23.8296745,24.5719517306061,1.16319899647185
4591,2.78795033648288,43.6969843952698,36.607982,2157.66,36607.982,47.2650938,49.6632489625337,1.26056568348512
4607,0.479959243858942,23.7174588123149,13.98632,1458.82,13986.32,23.2949246666667,23.1101002318176,1.24802242933184
4668,0.275650436578376,3.16807927516002,1.56962,337.25,1569.62,6.32511633333333,5.56476257529961,0.517165152782097
4686,0.134293179655854,6.70025023098444,4.791797,445.33,4791.797,9.78348896666667,9.55969487160517,0.793295131271539
4703,0.392827308443541,24.0217261259155,22.846639,1538.87,22846.639,31.6828034333333,31.1787101990338,1.2791499637563
4726,0.457514080586375,25.9452152388152,20.915638,1093.92,20915.638,27.6459942,30.0370909240327,1.21609840821084
4733,0.208745951616826,5.89870297442838,8.023727,374.17,8023.727,12.3245659666667,12.2199522220728,0.675466464631567
4744,0.325279729395255,20.0839879914121,16.995807,984,16995.807,23.5502263,24.6922625773377,1.01125683859793
4752,0.203453355822667,14.3669315561996,15.145865,884.04,15145.865,21.3688185,21.2550272824219,0.971584143524735
4756,0.278290181640716,25.5059198173769,14.663636,1432.96,14663.636,23.7708990666667,24.2741075433868,1.40236091701094
4765,0.572774965425004,39.0950696122909,31.702063,1878.65,31702.063,41.4082150333333,43.8213282798102,1.30351691446933
4766,0.41479081445881,28.4336633811961,20.10453,1477.18,20104.53,28.8961736666667,30.0785126481708,1.15641643721483
4799,0.292961683100074,15.7888446737767,10.52847,799.81,10528.47,16.7779746666667,17.5401648488708,0.913151271160121
4803,0.365965843038308,17.6489865743846,8.584709,1330.78,8584.709,17.7719347666667,16.3674239380592,0.971584143524735
4823,0.365352506562918,25.3203563841032,20.15245,1892.91,20152.45,31.08724,29.156515479072,1.16319899647185
4836,0.611363085318733,29.3566164070707,13.013733,2302.18,13013.733,26.7769563666667,23.9829107861919,1.36252913276466
4842,0.150881440811361,11.3993590090389,7.595317,1021.11,7595.317,15.2815203,13.5395865928021,0.995577488368498
4848,0.433359354684671,16.6481184823313,11.66086,1437.4,11660.86,21.0913406666667,18.8256907295227,0.850714252903992
4871,0.974073818585142,30.9593703739422,27.220445,1901.94,27220.445,37.4950905,37.2658053159221,1.21609840821084
4875,0.421053887879483,30.7375466634049,30.253539,2468.05,30253.539,43.1497767666667,39.9268245656555,1.21609840821084
4881,0.513388139811295,19.6240786613098,9.828714,862.67,9828.714,16.4729709333333,18.099306985006,1.12887876219315
4891,0.174513080428444,4.79327848874699,4.036858,225.75,4036.858,7.9695472,8.28908853151157,0.614483766408419
4915,0.577809308060658,28.0280865280114,14.209069,2668.04,14209.069,29.7430354333333,24.6468689236835,1.26056568348512
4945,0.422814663470454,30.6029855334533,27.084606,1750.44,27084.606,36.5900854,37.0330709153705,1.13582577399142
4949,0.434163413047708,25.068780178789,23.217667,1499.93,23217.667,31.8155386333333,31.8372221554246,1.29139091217287
4956,0.700155812680457,17.7467402883931,16.013541,1187.91,16013.541,23.7197219,23.0836763894019,0.913151271160121
4960,0.24623660832131,42.5480219636284,57.861669,2591.3,57861.669,68.6338854333334,68.4353889087248,1.5259336524262
4973,0.21957440449575,16.6147810983907,13.136952,1093.91,13136.952,20.6451251333333,20.1438389405011,1.00344778861613
4987,0.454452991971785,31.5596339716751,22.273066,2191.97,22273.066,34.5409377333333,32.9992459312193,1.37402747275933
5020,1.22410070000446,21.9430991864228,25.186002,2364.09,25186.002,38.0518668,32.6397625477911,1.07899803327132
5034,0.417636785140493,14.5116299443154,6.54556,1123.81,6545.56,14.8673556666667,13.5596092827378,0.995577488368498
5037,0.991958127656692,14.6558178413239,10.456153,852.460000000001,10456.153,16.9849143666667,17.1238412308104,1.00344778861613
5069,0.179641175940922,10.5948741254007,8.155759,706.82,8155.759,14.1620864333333,13.7945940788742,0.812885615301491
5075,0.64693669928898,20.8697065196284,11.337299,905,11337.299,18.0494024333333,19.8431781210848,1.1699422355508
5080,0.298172035674068,18.9440068339191,21.476945,1226.18,21476.945,28.8345138333334,28.3718926185149,1.31553114922171
5089,0.255114752522641,3.96644722222102,4.715542,203.43,4715.542,8.4650428,8.64358643888852,0.560944366804377
5104,0.646238018049007,20.1428711339077,21.49872,1179.1,21498.72,28.6108646666667,28.7631380515114,1.25430973577016
5107,0.413713944829196,25.3082361853747,37.627291,1407.08,37627.291,44.3044752333333,44.8801151174662,1.37974070934718
5108,0.373901637770025,18.7915266627494,13.551006,1392,13551.006,22.5579054,21.1912786654523,1.00344778861613
5121,0.157811610516944,13.422738931564,13.264372,900.07,13264.372,19.7582964666667,19.2689838687848,1.07168270802085
5134,0.386788283928815,24.1048354070133,29.96927,1477.7,29969.27,37.7771263333333,37.6148419761741,1.28528501077007
5141,0.118436853468937,18.2490711025455,21.985911,1066.78,21985.911,28.4690165666667,28.6145319417891,1.23535182270088
5163,0.311655175864701,31.4752129122727,35.6058,1733.99,35605.8,44.1741683333333,44.9725360028045,1.36252913276466
5168,0.513207471120706,27.9987393990691,31.124301,1467.72,31124.301,38.7650909,39.8614801137114,1.18994269690731
5182,0.403196183305806,14.2788482398686,11.118925,824.01,11118.925,17.4344175,17.6034754543593,0.979647220728549
5200,0.309438757585379,16.4323210391974,17.694821,1044.07,17694.821,24.4897005666667,24.1893584221512,0.971584143524735
5203,0.488750921090884,29.1990522477672,14.572419,1674.25,14572.419,24.9354687666667,25.3368832968078,1.33923632011028
5217,0.447527837663216,25.393328376883,19.193877,1773.34,19193.877,29.6067459666667,28.3164210968337,1.1148548791057
5219,0.206479263514883,11.5834072745208,14.547037,657.02,14547.037,19.6569366333333,19.8531895551014,1.01125683859793
5232,0.547063399652757,11.8831296675629,8.204553,846.23,8204.553,14.9262860333333,14.2378678969445,1.05690016955527
5242,2.95538420104943,34.793004025871,31.902539,1652.46,31902.539,40.4199951,42.66811634802,1.14959386181737
5270,0.150829071835851,17.0845505101959,18.1514,959.81,18151.4,24.4652783333333,24.8024706581607,1.05690016955527
5319,0.528267198181973,28.0674467787721,16.230296,1521.24,16230.296,25.6370064,26.4781749014193,1.57664289010909
5338,0.27590519819596,19.6694476832309,13.297214,1020.4,13297.214,20.4095592666667,21.2350213818016,1.10065232621424
5370,0.287309689812613,17.9111561416677,7.578172,1484.35,7578.172,17.6594964666667,15.542813203917,1.01900604647056
5385,0.444258422544792,31.8992456083601,27.869821,1385.1,27869.821,35.4091889,38.1416050385916,1.29139091217287
5392,2.90659744012739,81.6812435665708,75.994842,3011.98,75994.842,87.1272544666667,96.886543305637,1.6592958139475
5402,0.453523245071909,21.4146431207192,24.047306,1113.15,24047.306,30.5638504,31.4511147674229,1.1148548791057
5415,0.356103317894599,19.437382141595,11.881129,893.09,11881.129,18.4773144333333,19.8886045638945,0.869011276312887
5449,0.475581562361762,25.8266285834184,19.391887,1319.41,19391.887,27.4396499666667,28.6289531608597,1.09348187642427
5462,0.414250065263578,27.9461380769642,24.952882,1425.5,24952.882,32.9926771333334,34.2908966038589,1.27298534973709
5471,1.15483069495553,14.6972969259401,7.910236,617.03,7910.236,13.4772007333333,14.8453744470414,0.663718325578999
5477,0.14128733946714,14.9102456226635,14.103282,887.93,14103.282,20.4505921333333,20.4851299430257,1.04190791826389
5480,0.360999470852308,29.1689765290058,25.427684,2029.56,25427.684,36.5409756,35.0972983239918,1.09348187642427
5482,0.305039141836519,7.99556283599958,5.157738,542.72,5157.738,10.6160175333333,10.2905886791599,0.675466464631567
5484,0.293609763028203,14.1500013675928,11.486985,745.93,11486.985,17.3622581666667,17.8947869239538,0.987644473590395
5497,0.51211019786093,32.259939862331,16.191668,1705.44,16191.668,26.5539412,27.7430825573226,1.53620941602105
5501,0.432330574949725,24.5059064171829,16.917601,1020.27,16917.601,23.6672359,25.9926718893267,1.12887876219315
5503,0.318969974639146,13.6851870956362,9.957195,654.74,9957.195,15.5142988333333,16.3738834996472,0.971584143524735
5513,0.679095858961893,23.3897191956351,23.048312,1126.24,23048.312,29.7323874666667,31.1642937506469,1.12887876219315
5523,0.452702700786321,35.5031419216619,27.250675,2148.93,27250.675,38.7984125,38.7015814957152,1.36252913276466
5534,0.379553629078729,30.5573068322362,16.364001,2272.9,16364.001,29.6409175666667,27.3703660179932,1.25430973577016
5557,0.438341023624569,6.93742945253877,3.957187,284.46,3957.187,8.2011783,8.88207143028702,0.675466464631567
5561,0.328718564317327,23.5805327350713,13.656175,1330.65,13656.175,22.3355825,22.7705226478721,1.1148548791057
5562,0.192746829255105,7.95526677996147,4.834911,468.31,4834.911,9.94102156666667,9.98755260178806,0.687013736379663
5570,0.289377939613315,15.6230037663739,7.284448,956.93,7284.448,14.6701415333333,14.5691343675759,0.752585841462099
5573,0.635835248426919,10.9513766736084,6.041673,623.14,6041.673,11.8270623666667,12.0024324688186,0.904495613526603
5600,0.227572948452518,15.9628023712556,10.609806,932.58,10609.806,17.5371554,17.6672941350893,1.00344778861613
5636,0.392726256237994,30.5241667453286,18.237445,2242.28,18237.445,31.1688138333333,29.0461921910519,1.25430973577016
5649,0.346918645386767,21.1136576345031,13.025391,1024.03,13025.391,20.1836735666667,21.438085766696,1.07168270802085
5659,0.151414191592863,9.84143551466969,7.307211,485.73,7307.211,12.2560949,12.7973349095476,0.869011276312887
5686,0.334655645795271,15.4117946779099,14.930701,1082.34,14930.701,22.1997209,21.3852872501521,0.938639457629381
5701,0.178247356943635,6.1509145218125,2.511836,330.56,2511.836,7.13854573333333,7.33743590176187,0.627154867885082
5747,0.355391809311273,23.5898933642723,15.974152,1388.17,15974.152,24.7189484666667,24.8596037429244,1.24170328781995
5767,0.341419812171876,17.575301780769,7.758568,1166.75,7758.568,16.1809195333333,15.6010547520384,1.1699422355508
5770,0.448307720539244,6.8016800918145,3.504274,401.27,3504.274,8.39707493333333,8.4323674284625,0.832014952887892
5786,2.66717208328362,60.7104172019411,41.03414,2491.64,41034.14,52.9741993333334,58.9209553326018,1.54132160790803
5800,0.364971862536108,20.7488495046786,20.997242,1042.71,20997.242,27.4548528,28.4996611464504,1.12188873360875
5811,0.654132044375847,18.2365237710395,7.576432,857.22,7576.432,14.4177588,15.6421111690222,0.979647220728549
5841,0.409833109857879,7.00326130570275,3.815548,443.85,3815.548,8.8972182,8.77500420476785,0.574796930908684
5853,0.290150951501558,18.8740255119516,15.174862,1143.1,15174.862,22.7333924666667,22.678323708705,1.20961250378808
5867,0.247782322964302,20.8784168915539,26.598308,1209.28,26598.308,33.3564238666667,33.5807864363817,1.07899803327132
5876,0.279403126763493,25.6433656686746,20.576803,1951.91,20576.803,31.7739910333333,29.6385660572891,1.29746807944364
5896,0.385044297911515,3.97088924630466,2.011678,247.97,2011.678,6.26168853333333,6.21148586635445,0.501723894308066
5897,14.2564977777102,39.1164379451378,25.537266,1126.14,25537.266,31.9719294,38.2796351629927,0.177386183974278
5901,0.804326513690827,18.4313084506077,20.356979,1228.27,20356.979,27.8373427666667,27.2049867196884,1.01125683859793
5903,0.143124606893354,5.2109474266546,2.288266,315.01,2288.266,6.85699106666667,6.84483310226293,0.773208449924192
5905,0.624297980545084,9.5993767751503,7.342688,576.92,7342.688,12.7591725333333,12.7542260002966,0.895756320522712
5920,0.1284883185686,6.90090769222846,3.771705,417.38,3771.705,8.72099783333333,8.70381588459082,0.930220996476805
5935,1.4328759636245,52.8239513887417,36.114322,2855.28,36114.322,50.4251698,52.0483147305099,1.56663235785126
5945,0.121408073107274,5.11543276677802,6.256032,267.89,6256.032,10.1845271333333,10.3862129577012,0.78331617892563
5971,0.308542634465255,8.31112198598351,8.881297,507.83,8881.297,13.7869556333333,13.7396151156549,0.878016815039115
5991,0.320957881789326,10.7423305098144,12.939219,936.58,12939.219,19.6542937666667,18.1454195580425,1.03433030556419
6004,0.280367309956997,21.9469287515715,14.737121,1343.79,14737.121,23.3763239,23.2369568129872,1.51038893143764
6023,0.164064537064896,7.98581914721132,8.206106,470.45,8206.106,12.9861537333333,13.0310993356355,0.793295131271539
6028,3.17912231744202,34.0866963707901,32.716083,1810.39,32716.083,41.9681563666667,43.1813505749449,0.946983083561294
6044,0.335398195677169,2.22302214472653,1.430568,183.95,1430.568,5.40791953333333,5.14664806486523,0.434505638156444
6050,0.234147065924768,20.0832798337048,25.50656,1171.25,25506.56,32.1773623333333,32.3517207484485,1.12887876219315
6059,0.436908278225723,16.5042954625404,9.029499,1053.89,9029.499,16.7416474333333,16.4128806933875,1.1077763638629
6075,0.209567694407506,16.8953770257859,13.928274,883.78,13928.274,20.2716432666667,20.9430134779936,0.913151271160121
6089,0.300328455183398,14.6701446390785,11.172636,951.67,11172.636,18.1423340666667,17.7731172381143,1.07168270802085
6095,0.12488920925098,15.0562800029052,20.922042,948.39,20922.042,26.8998528,26.6672846009006,1.04190791826389
6117,0.182066172891694,21.6039337178201,23.667241,1202.04,23667.241,30.6810569,31.1677363525242,1.27298534973709
6164,0.418750332438986,21.1936683949294,17.636331,1236.59,17636.331,25.4317462333333,25.6127351024281,1.06431710384567
6275,0.304192278297914,28.0161894049664,22.444601,1641.74,22444.601,31.8524642333333,32.0551596155396,1.39674020935437
6286,0.301630925249989,20.0837528985946,18.124093,1211.29,18124.093,25.7400153666667,25.7076470985643,0.859911431036055
6289,0.305691798251005,13.1563478431696,4.162839,583.57,4162.839,9.93166676666667,10.9950229313826,0.946983083561294
6309,0.307180381504825,18.3122254234212,15.667437,1228.83,15667.437,23.6196483,22.9474831812606,0.96345358934212
6312,0.463834845267093,32.4298228638874,31.24341,1492.31,31243.41,38.9993373333333,41.3423140878051,1.20961250378808
6322,0.550468480863084,26.7822135422791,21.26795,2122.53,21267.95,33.27756,30.6136411981065,0.987644473590395
6326,0.32378667600073,18.5787892734324,7.594769,897.65,7594.769,14.6431504333333,15.764716774764,1.06431710384567
6330,0.12655243007171,8.14268560743112,5.852875,471.03,5852.875,10.8712425,10.9618200383036,0.731381973051195
6333,0.750837367682362,3.53035093519688,2.162638,113,2162.638,5.70020753333333,6.21078298991103,0.177386183974278
6350,0.349961330909557,26.8281949267518,15.278513,1729.67,15278.513,25.8572900333333,25.237402127293,1.39674020935437
6368,0.370492383349443,31.186218858399,14.894012,1713.5,14894.012,25.4276941333333,26.2423386461037,1.54641689984838
6389,1.04411306407674,16.9674323614913,4.241442,527.63,4241.442,9.71338613333333,12.2472018320623,0.812885615301491
6398,0.366027582597422,29.5163312719934,29.183859,1444.28,29183.859,36.8975864333333,38.585535794318,1.31553114922171
6406,0.242478910752975,20.0491969745883,18.75351,1474.29,18753.51,27.665324,26.2634100621224,0.979647220728549
6424,0.16745438782583,4.62038794344055,2.443237,353.61,2443.237,7.1958983,6.80123356246657,0.720546085529427
6464,0.31991384634875,20.3337730311883,12.210904,1199.76,12210.904,20.3585736,20.4632832396684,1.12887876219315
6465,0.308825197691689,17.2756540688734,16.182055,989.74,16182.055,22.8475061666667,23.0893022613508,1.14959386181737
6470,0.473911782751527,22.2629150304204,11.123265,1382.71,11123.265,20.3249401666667,20.0824421594303,1.1699422355508
6475,0.172715319322448,8.36267978190992,7.256338,558.42,7256.338,12.5858742,12.2931349323921,0.904495613526603
6485,0.296963491942138,28.7727607176077,22.317905,1752.65,22317.905,32.3114728333333,32.1756703224584,1.18331343810106
6489,0.141555898309828,12.9013202841682,12.129696,835.99,12129.696,18.4060080666667,18.0861356880921,0.762966826213102
6492,0.372034626487887,25.0325851569562,26.361405,1644.79,26361.405,35.3933461666667,34.6553658986564,1.327436651158
6505,0.224296890464741,9.73597120649456,10.663601,571.31,10663.601,15.7190092333333,15.7853919740133,0.913151271160121
6508,0.691532649370083,27.9366002178508,19.912132,2087.15,19912.132,31.8745271333333,29.7512648675338,0.822505898274634
6511,0.180910466103693,9.69494758721354,10.876731,615.6,10876.731,16.1396579,15.9644916520362,0.752585841462099
6515,0.469972174070917,12.4762599455767,2.936557,807.39,2936.557,9.9844163,9.68054188312877,0.639574981878148
6522,0.447316701299571,21.5399964195378,8.407733,1185.28,8407.733,16.8609063666667,17.4143585900567,1.20961250378808
6524,0.355060768741753,13.9579669215523,8.037818,600.11,8037.818,13.5046045333333,14.7310059456812,0.904495613526603
6539,0.330917097853654,20.8128936216767,12.590518,1062.19,12590.518,19.9894478666667,20.9534632227198,0.971584143524735
6541,0.228630328561736,9.30422950805744,3.159165,666.91,3159.165,9.45895016666667,8.89755964749781,0.614483766408419
6546,0.418441102964471,16.1292040478538,11.915098,1084.5,11915.098,19.4968382,18.8936414548347,0.762966826213102
6558,0.166345306612224,14.9175740090287,18.426047,988.67,18426.047,24.8615706333333,24.3778902427989,1.13582577399142
6560,0.318212371280817,18.0725633955591,13.634723,1060.95,13634.723,20.9228257,21.0437453526233,1.14959386181737
6566,0.57746799759465,34.6433643883641,19.527352,1919.62,19527.352,30.6626534666667,31.4840597603929,1.29746807944364
6572,0.495807353470887,27.4591398578625,35.283875,1818.23,35283.875,44.3196758333333,43.4378208559374,1.24170328781995
6596,3.24152133376,38.5378914516038,27.591461,1419.72,27591.461,35.3375349,39.9490612499972,0.822505898274634
6600,0.144416201627239,25.9373550536319,39.18157,1762.89,39181.57,47.541678,46.4739930666259,1.19653522767009
6601,0.396360005372082,19.1817398263222,18.840054,1015.66,18840.054,25.3736252666667,26.0723879461599,1.37974070934718
6604,0.633154813957279,35.190522826039,14.534317,2407.84,14534.317,28.6913919666667,27.1599473760721,1.37402747275933
6607,0.312668825539042,10.7421952815038,13.126803,778.69,13126.803,19.0073543666667,18.3142032372662,0.930220996476805
6611,0.293527083201412,23.1014702279969,34.042642,1483.46,34042.642,41.4729211333333,40.9698335706791,1.34509733857256
6621,0.409898308477955,16.2749678009587,26.067809,893.08,26067.809,31.2452747666667,31.6762681182972,1.01125683859793
6643,0.473738977365926,31.4498455395223,17.303863,2227.17,17303.863,30.2505217,28.4929288172519,1.23535182270088
6648,0.789022196673503,13.4266634661007,16.770588,838.69,16770.588,22.5967608666667,22.4257948744912,0.904495613526603
6663,0.310506037614739,18.9670612815997,10.497341,1279.09,10497.341,19.2262385666667,18.4973958972959,1.03433030556419
6674,0.652988348556929,32.2673159579885,23.479035,1984.02,23479.035,34.5519015,34.3039994469764,1.23535182270088
6678,0.339019361063156,2.30407863514211,1.466219,136.71,1466.219,5.1959321,5.20386147689405,0.416007476443946
6693,0.416436612923511,12.0398744692277,15.723021,819.01,15723.021,21.5522705666667,21.0530799854606,0.832014952887892
6701,0.345464382833595,15.2130989863593,13.865583,971.49,13865.583,20.6683897,20.3650853857714,1.23535182270088
6709,0.655477793652657,16.5373243298614,16.871048,863.23,16871.048,22.8139648666667,23.480513742257,0.946983083561294
6738,0.645776098771092,9.61052249032284,6.202359,745.94,6202.359,12.6061464333333,11.7313850720001,0.869011276312887
6754,0.285832284108333,7.70936726430088,5.67803,401.33,5678.03,10.3537653333333,10.6701308519333,0.675466464631567
6761,0.59215927593517,10.1527253109478,7.301791,516.92,7301.791,12.4123652333333,12.8889567463938,0.869011276312887
6779,0.294104808649428,13.2722248941574,16.500778,990.14,16500.778,23.1364235333333,22.1350899171888,1.12188873360875
6793,0.238235913325546,9.26660635033519,7.939067,561.77,7939.067,13.2176386333333,13.1878082686039,0.841416550206566
6827,0.567686590891215,39.3219617208249,56.652286,2568.67,56652.286,67.4285190666667,66.3468655334557,1.23535182270088
6833,0.219106826668495,20.2932983472731,25.201548,1379.49,25201.548,32.9787582,32.1423156876547,1.36252913276466
6854,0.189509332664262,6.63762062900303,3.542112,388.38,3542.112,8.3645308,8.41556319499094,0.938639457629381
6877,0.462012586191873,26.4138067964438,27.33059,1434.03,27330.59,35.176686,35.9558111068976,1.02669676724729
6897,0.44162300581705,23.3416392977952,15.023077,1720.21,15023.077,25.5785209666667,23.9266774823165,1.14273055354081
6898,0.745899125281703,10.4098387024541,6.651008,550.09,6651.008,11.9980388666667,12.3829571977608,0.841416550206566
6901,0.402773435905767,10.532882171496,10.44937,846.53,10449.37,16.9481713333333,15.8396264731638,1.10065232621424
6909,0.336694587203819,3.38048113640451,2.104797,277.75,2104.797,6.49935896666667,6.1122664522854,0.517165152782097
6926,0.572310951749226,8.16621181110009,5.115888,536.63,5115.888,10.5468875333333,10.305824861441,0.793295131271539
6934,0.748240608341209,27.4580935824537,34.750514,1721.13,34750.514,43.3379676,42.9574716105607,1.26056568348512
6958,1.02234906254005,19.3073394665571,12.286381,1246.53,12286.381,20.6681479,20.2130181346327,1.18994269690731
6982,0.41095653016062,8.69369951264427,8.259878,509.77,8259.878,13.2377018666667,13.2989370489197,0.841416550206566
6984,0.543868524059471,11.6123525061229,8.869911,699.12,8869.911,14.7650399,14.7527491768981,0.987644473590395
6993,0.195078732234334,1.44640540019901,0.998395,171.08,998.395,4.95246883333333,4.51694117406169,0.517165152782097
6995,0.352174244714489,31.3995960894577,20.155519,1624.67,20155.519,29.7040954333333,31.0438418877319,1.51038893143764
7035,0.532023311004601,11.3835592783892,7.781869,823.9,7781.869,14.4304987666667,13.7025854763007,1.15641643721483
7037,0.354693960781905,16.2108903794739,20.612337,1037.08,20612.337,27.0793499666667,26.7464793176369,1.08626409539111
7046,0.219115087617157,20.3585084059077,25.2712,1311.46,25271.2,32.6899566666667,32.2252176058314,1.37402747275933
7050,0.231986568921792,12.1641421860348,11.453066,778.44,11453.066,17.4996994,17.2486434776708,0.913151271160121
7068,0.77404032179009,16.753973259708,16.111897,880.18,16111.897,22.2183039666667,22.8644390105095,0.96345358934212
7069,0.225853197412535,19.8537835697132,28.514419,1122.4,28514.419,34.6320437666667,34.9876500066111,1.01125683859793
7083,0.22290696819636,19.8489523128756,25.06018,1347.56,25060.18,32.6865553333333,31.8773372169914,1.1077763638629
7123,0.13709864380888,16.5785132106272,18.16,1108.12,18160,25.2392866666667,24.6533390952944,1.06431710384567
7150,0.455637092159295,44.9857205448987,36.7155210000001,2666.9,36715.521,49.9929522333334,50.1595422689186,1.87308387333366
7162,0.315700785205151,19.9179711900831,13.712386,998.86,13712.386,20.6719240666667,21.6857184689257,1.12887876219315
7166,0.380149034867362,22.0133636267124,9.828599,850.66,9828.599,16.4108157666667,18.8398818242808,1.07899803327132
7174,0.353548211016074,16.1391108057017,11.127065,808.36,11127.065,17.3608851666667,18.1874828497675,0.841416550206566
7194,0.391312490220607,20.6964593194725,12.492466,915.68,12492.466,19.1442327333333,20.8291217890365,1.1077763638629
7206,0.323943294642477,22.4284564019221,19.116686,1444.21,19116.686,27.8367690666667,27.3278388845959,1.1148548791057
7213,0.0897958799547518,6.18426325138284,8.30944,447.15,8309.44,12.958771,12.5656176079287,0.434505638156444
7216,0.365490156242251,18.1498041785421,18.547217,919.63,18547.217,24.6139169666667,25.488934595348,0.938639457629381
7220,0.466206529580071,32.3272753915038,31.689499,1713.3,31689.499,40.5425991,41.7120044713662,1.13582577399142
7228,0.403573707277946,18.4860936043193,13.831666,1179.66,13831.666,21.7134094,21.349188417339,1.09348187642427
7231,0.328406343447822,22.5644039318324,18.692961,1223.84,18692.961,26.3168382333333,26.988630118868,1.21609840821084
7232,0.785673285724164,44.3995430727353,26.718997,1960.56,26718.997,37.3466573,40.980955652548,1.54132160790803
7242,0.478839331739462,20.5329014579513,17.62108,1070.5,17621.08,24.5598886666667,25.3941714519649,0.955253835210168
7244,0.175029145911922,12.4839435137278,6.41302,801.62,6413.02,13.0834213333333,12.8117404892556,0.878016815039115
7254,0.530045457071278,27.4999602563892,27.302582,2174.49,27302.582,38.9771888,36.2673114794807,1.13582577399142
7263,0.445315796611902,27.2830340031408,20.645298,1746.81,20645.298,30.7759532,30.2085087409736,1.30953780985511
7289,0.355996356068104,23.6061510892953,19.055951,1340.92,19055.951,27.2484425666667,27.6382627376815,1.10065232621424
7295,0.326462702680209,21.0570569963867,12.512091,1524.72,12512.091,22.3086019,20.9585695688799,1.14959386181737
7305,0.496308814235623,24.8384720518364,16.394893,1282,16394.893,24.5490703666667,25.6253300360693,1.33923632011028
7345,0.407484392164015,28.8936639655878,13.023819,1996.24,13023.819,25.2053437666667,23.8484729293322,1.3567434202899
7346,0.49838274828993,37.6822234095375,24.584271,2097.85,24584.271,36.1347355666667,36.9773331569566,1.4573762152871
7349,0.406514565279088,23.4494114655734,14.209575,1524.03,14209.575,23.8327725,23.2279350543277,1.13582577399142
7362,0.420162992169505,6.61632117829907,3.966318,347.89,3966.318,8.53711786666667,8.79074576527271,0.452247806763302
7372,0.232293927097909,4.13890274386281,1.489491,293.35,1489.491,6.02618356666667,5.79360175059747,0.469319728814691
7378,0.426083291418145,23.3723641658175,14.653554,1571.64,14653.554,24.4783386,23.6036314914034,1.10065232621424
7388,0.407000539582174,28.1648494794584,34.129994,1541.64,34129.994,41.8521346,42.6180979386321,0.96345358934212
7392,0.181793785269808,16.6593654499302,13.427472,927.07,13427.472,20.0445864666667,20.4191280894784,1.1148548791057
7396,0.249181743881513,21.4469754509152,16.449055,1569.93,16449.055,26.0854545,24.6227118897837,1.13582577399142
7413,0.288531827924921,9.30935570570345,6.408999,629.49,6408.999,12.1904641,11.8239993687681,0.663718325578999
7420,0.450483844502028,28.8786695677201,17.912586,1637.66,17912.586,27.7525707333333,28.2437149659932,1.10065232621424
7441,0.656710195415716,27.2049078285668,11.089799,1669.65,11089.799,21.7773441,21.5843405268557,1.18994269690731
7452,0.34001456584675,18.4384273948424,15.295713,1692.54,15295.713,25.6809317,22.6520541924011,0.971584143524735
7460,0.222724137593916,24.9301100950106,23.21492,1219.2,23214.92,30.362628,31.7917621294533,1.36252913276466
7474,0.74829965095983,16.4652859852788,9.460796,747.75,9460.796,15.5480914,16.7889550554364,1.14273055354081
7488,0.327580397028233,25.2912507129796,16.560935,1114.01,16560.935,23.8305598333333,25.9151292210237,1.09348187642427
7496,0.414073626093094,17.6643873071829,12.774437,1306.32,12774.437,21.4163133,20.1429533652267,1.04943081681142
7497,0.500369994577188,16.878458566159,8.388786,985.21,8388.786,15.8101590666667,15.9522295555093,1.08626409539111
7505,0.328739440792671,12.9808338082002,4.081609,686.38,4081.609,10.3897447666667,10.867506580542,0.913151271160121
7521,0.467446977148497,43.4012345058802,30.483114,3079.36,30483.114,46.5148292666667,44.0591852968228,1.60630021407159
7535,0.116025617382337,8.34041745781136,5.388185,517.45,5388.185,10.6928581666667,10.6048959119215,0.709544735897112
7540,0.442942613374685,18.1770771778171,10.932874,1601.19,10932.874,21.2824016,18.6444805251233,1.02669676724729
7542,0.514570104253885,40.0588028331003,33.119824,1815.54,33119.824,42.3581316,45.3960704782611,1.33334953855695
7547,0.348371681486954,29.7591874535079,22.971649,2642.91,22971.649,37.4995191,33.0698322105874,1.26056568348512
7565,2.43250757577448,31.354753646701,21.687471,1119.15,21687.471,28.4709989,32.4086975304773,1.12188873360875
7593,0.596867385179817,19.2748820971363,10.62428,736.48,10624.28,16.5369986666667,18.7070654501123,0.869011276312887
7600,0.456039011697462,20.2800396891067,8.873534,1797.14,8873.534,20.4414039333333,17.4429929036231,1.2791499637563
7603,0.84120090714031,35.7787732227793,44.403995,2378.9,44403.995,55.4245788333333,54.2250151990616,1.10065232621424
7607,0.230176431448413,7.69448637700808,5.210072,488.88,5210.072,10.3849448,10.2443555768725,0.762966826213102
7612,0.612432922284352,19.5883972923799,16.189932,1353.98,16189.932,24.7365021333333,23.8133419606378,1.04190791826389
7623,0.329090995958438,20.8988260604092,22.793487,1309.3,22793.487,30.4488549666667,30.1627743787269,1.21609840821084
7624,0.098398802468231,6.87562001580179,6.404629,471.85,6404.629,11.3720577666667,11.0656083048986,0.560944366804377
7631,0.316603689311274,35.486729479572,24.515507,2161.92,24515.507,36.4038763,36.2348424386673,1.60139546914369
7657,0.405626703331106,13.9988039981246,15.3793,1002.19,15379.3,22.1893516666667,21.3509992394186,1.19653522767009
7663,0.17472423112261,6.13715339128251,6.60833,327.33,6608.33,10.808702,11.0200145512976,0.773208449924192
7677,0.491725353234093,28.4219690630784,16.74238,2134.8,16742.38,29.267942,27.0489524095543,1.26679073706464
7699,0.434013251262937,22.3600840887427,10.360857,897.68,10360.857,17.1327846333333,19.4263973675102,1.18331343810106
7708,0.41486964246222,34.8471264330516,41.139838,1985.43,41139.838,50.4539092,50.998463394246,1.15641643721483
7745,0.245989671944132,14.2986044290188,16.39748,893.95,16397.48,22.5464736666667,22.3602993729958,0.921725649612629
7759,0.389912370218985,33.8020159526478,17.379427,1923.33,17379.427,28.7486893,29.2901092453208,1.51558822024382
7765,0.360199842255885,13.3310967675863,7.297839,748.77,7297.839,13.6067001,13.8706950979518,0.78331617892563
7767,0.334812874139164,13.3433842864555,8.073316,1033.05,8073.316,15.7734094,14.5724335288012,0.832014952887892
7776,0.309813360736079,15.7857418540772,10.039581,819.69,10039.581,16.4406879,17.0992028747639,1.01900604647056
7797,0.513389681171851,27.9415814058237,23.297498,1755.31,23297.498,33.2068498666667,32.7996384358054,0.987644473590395
7806,0.367086067423701,26.6585684692798,22.446525,1495.25,22446.525,31.0973308333333,31.6360287254767,1.07899803327132
7808,0.115412426479326,6.3597938583178,3.021842,418.73,3021.842,8.05309613333333,7.86119389607852,0.532158551922834
7820,0.37694127341481,24.0256760527188,11.562502,1326.72,11562.502,20.4309718,21.0242113763428,1.15641643721483
7827,0.139328817187049,5.44774332707519,3.802629,332.53,3802.629,8.31043776666667,8.28116653139331,0.627154867885082
7834,0.35728338177378,43.2263879153222,52.314769,2424.15,52314.769,62.7780671,63.6534723537499,1.46813190522838
7837,0.81217825727163,24.4503658040079,20.201325,1238.68,20201.325,27.7510391666667,28.9308058992425,1.08626409539111
7864,0.242532588383145,17.047343033279,12.172593,1173.47,12172.593,20.1882620333333,19.4100100403165,1.08626409539111
7883,1.3240719993589,28.1551639551178,18.494533,1244.84,18494.533,26.2467530333333,28.5431805260865,1.24802242933184
7886,0.404377680471246,24.5343870192598,19.702786,1899.33,19702.786,30.7157124,28.5081673759705,1.06431710384567
7905,0.363501686470081,29.3180310033307,18.441387,1680.19,18441.387,28.4482299666667,28.8558379110325,1.20309163416092
7911,0.34963945934437,13.990145181833,5.717221,814.01,5717.221,12.5212172333333,12.6524439063682,0.859911431036055
7928,0.220408643610368,20.5046965834642,18.873887,1467,18873.887,27.7359983,26.5129542408739,0.979647220728549
7956,0.184356593068287,20.4468532957277,16.420072,1277.37,16420.072,24.5478098,24.2865893216756,1.06431710384567
7962,0.458318106734489,35.7902784209963,34.702184,1917.84,34702.184,44.3108056,45.4969519105088,1.40236091701094
7970,0.827285652083526,30.7050679523936,23.171563,1814.47,23171.563,33.3991683666667,33.542977765242,1.41908947179422
7977,0.485846052708305,34.7190632895359,27.489304,2991.98,27489.304,43.3689369333333,38.6732832197561,1.3567434202899
7983,0.103258338823827,10.5028010852842,13.464357,653.78,13464.357,18.6657846333333,18.5437896364381,0.979647220728549
7984,0.688717734172213,24.6718510879487,29.314613,1502.41,29314.613,37.3156033666667,37.2014255372641,1.31553114922171
8007,0.491459473415664,22.2769307800647,24.812997,1362.49,24812.997,32.5412289666667,32.40754584182,1.47880936885539
8010,0.335782848652543,19.7434824965486,16.930665,1189.63,16930.665,24.5540201666667,24.5280780739301,1.19653522767009
8011,0.26731056449084,4.3325926226305,1.906571,245.85,1906.571,6.1561389,6.22901761301546,0.588323415235634
8016,0.173063375765745,12.5122952907765,14.112309,660.13,14112.309,19.2817497666667,19.7498896401407,0.96345358934212
8019,1.5874044573623,41.8037358545568,49.060749,2116.84,49060.749,58.2616807666667,60.2838322149126,1.48941028856371
8032,0.24124506927301,10.7870074380085,5.0832,647.63,5083.2,11.0909683333333,11.0888523057826,0.88693091987139
8040,0.460271125486695,18.2004703236934,17.073542,1013.64,17073.542,23.7733278,24.178333600345,1.02669676724729
8041,0.557098547405357,14.5590197942567,17.421416,1051.64,17421.416,24.2827477333333,23.3625705362196,1.03433030556419
8064,0.191267784250917,20.1834195755752,27.167455,1164.86,27167.455,33.6391528333333,33.8775695684283,1.06431710384567
8086,0.137454499495324,16.6071651946803,18.168202,1115.19,18168.202,25.2831968,24.6696030103509,1.06431710384567
8092,0.183641465457499,25.1461091653159,31.947684,1504.85,31947.684,39.6979739333333,39.7182094412479,1.29139091217287
8095,0.224451566560846,16.2999652538344,16.893186,1015.16,16893.186,23.6188607333333,23.4268566286887,1.05690016955527
8101,0.303902256980413,20.1153436455742,13.512257,1718.84,13512.257,24.2117046333333,21.566787830128,1.24170328781995
8121,0.391629160474597,23.175872528389,14.186053,853.73,14186.053,20.3483860333333,23.1219681838006,1.16319899647185
8133,0.382598799735042,21.5907758608809,12.685365,1049.77,12685.365,20.0106401666667,21.2799690168731,1.14273055354081
8139,0.372135899282557,39.8287915655608,44.913831,2797.17,44913.831,58.0444929,55.9393732853239,1.5964756557685
8168,0.511199315012086,23.8872233379089,16.449924,1454.25,16449.924,25.4885566,25.3799708347518,0.930220996476805
8180,0.406745662690107,7.91517965888844,5.71043,444.07,5710.43,10.6037486666667,10.7630926942554,0.675466464631567
8188,0.397575172315721,10.7685484982747,8.467554,676.39,8467.554,14.2854802666667,14.1290486344652,0.955253835210168
8192,2.54223184025012,20.4752305650356,18.408137,954.55,18408.137,24.6691649666667,26.0846447751611,0.878016815039115
8202,0.384268468406407,12.3375827802062,8.136955,442.03,8136.955,12.7770811666667,14.3179101618639,0.773208449924192
8203,0.501316476265892,31.7089570000544,12.604895,2738.05,12604.895,28.6609971666667,24.3441821700169,1.2791499637563
8205,0.375110520878448,18.8079030289057,11.968046,1063.04,11968.046,19.4336147333333,19.7716913389608,0.904495613526603
8211,1.03827342279142,28.3620910025072,18.650276,1320.2,18650.276,26.7762817333333,28.7474966107772,1.24802242933184
8224,0.276939807969916,5.97357261087716,4.355037,233.59,4355.037,8.29641496666667,8.94134080937192,0.452247806763302
8232,0.279827264590697,13.3958572063129,9.322343,575.61,9322.343,14.5340937,15.712824433957,0.946983083561294
8267,0.392334689221821,27.6802274935072,13.896679,1949.54,13896.679,25.7496344333333,24.2578816229872,1.31553114922171
8298,0.186660120416123,10.9204976023836,6.978722,642.65,6978.722,12.7712081333333,12.8362040567389,0.709544735897112
8316,0.521144896709974,28.5749508005218,22.504902,1414.73,22504.902,30.7338501333333,32.2826465481618,1.05690016955527
8317,0.375352217005695,19.7648660518724,13.395423,1346.75,13395.423,22.1840890333333,21.3529891760805,0.841416550206566
8327,0.341847773187683,29.2448222233342,22.102621,2031.97,22102.621,33.5608705666667,32.1282537892336,1.26056568348512
8352,0.146651501514461,11.110407451259,8.07927,742.33,8079.27,14.2767146666667,13.8855693098903,0.859911431036055
8355,0.409635872953413,30.8366359953839,42.59779,1638.23,42597.79,49.9721993333333,51.067368158569,1.17664683047127
8357,0.411788966669915,21.2512896532854,17.706197,1240.23,17706.197,25.5134323,25.6934770925185,1.22254990392435
8360,0.351080236024006,22.375349433717,18.971137,1469,18971.137,27.8338566333333,27.1803816244523,0.955253835210168
8383,0.301903648182745,15.6513716041998,6.478318,938.15,6478.318,13.8475945333333,13.8524113973019,0.946983083561294
8391,0.609672165483064,28.7904096651676,18.190004,1791.81,18190.004,28.7986886,28.466030596202,1.16319899647185
8398,0.337246886764549,27.4265086875165,18.38047,1679.57,18380.47,28.3902013333333,28.2146406931301,1.15641643721483
8407,0.488823749097368,35.7413382163566,18.649382,2020.72,18649.382,30.3948304666667,31.0342586470705,1.48941028856371
8408,0.246181156392311,3.05348086201887,1.602941,241.07,1602.941,5.85817523333333,5.55922596722585,0.452247806763302
8410,0.503589015474675,17.7930912881526,10.253924,879.97,10253.924,16.9450432666667,17.9143898993273,1.16319899647185
8425,0.464476795990788,23.6990899211239,13.34531,1650.45,13345.31,23.708104,22.5274968755484,1.1699422355508
8448,0.331845500476423,19.8489495453462,10.219832,1596.33,10219.832,20.6155538,18.5210231590573,0.895756320522712
8454,0.334910385358784,25.6990662775187,13.605796,1697.07,13605.796,24.1834114,23.3819269460308,1.22254990392435
8475,0.18162600511513,12.6211681028238,7.018946,761.45,7018.946,13.4212097333333,13.3996135118754,0.971584143524735
8478,0.554466026850586,29.7838650626781,19.872335,2225.15,19872.335,32.5517098333334,30.2880996694302,1.19653522767009
8497,0.31095917334921,21.1235967804878,12.45486,1278.13,12454.86,20.9830456666667,20.9276890019512,1.26056568348512
8510,0.39659492512561,28.1704602641656,19.857087,1557.84,19857.087,29.0902183,29.7742209818913,1.08626409539111
8513,0.330666569573719,20.3232015350755,15.460572,1166.37,15460.572,23.1107598,23.3847072758734,1.07899803327132
8518,0.175380427920169,8.82155377447341,6.072025,432.64,6072.025,10.8701291666667,11.3695041700868,0.752585841462099
8534,0.486764612962554,31.4837971650068,27.313969,2351.64,27313.969,39.9027121,37.5125492211521,1.36829038101015
8549,0.23051090218003,16.539695616916,15.113185,1097.53,15113.185,22.4424381666667,21.899172141244,1.04190791826389
8557,0.474171098065823,24.631746394981,15.753197,1509.42,15753.197,25.1465473,24.9837186824441,1.1077763638629
8588,0.260321684144388,14.8719278096788,9.06043,1010.14,9060.43,16.5434436666667,15.9346846210004,0.878016815039115
8608,0.401733802030139,33.6090777205673,27.399395,2753.06,27399.395,42.0535988333333,38.2482695933759,1.18331343810106
8614,0.293325579042217,12.6951708372947,4.070008,676.66,4070.008,10.3290838666667,10.7685101595613,0.938639457629381
8626,0.354378374978502,31.6416514500245,27.174771,2140.93,27174.771,38.6887655666667,37.4362058495076,1.26056568348512
8634,0.366916395262894,27.3939551210915,22.221909,1908.06,22221.909,33.0280281,31.6618441875384,1.14273055354081
8668,0.45044084198359,24.6944268520995,11.691552,1525.05,11691.552,21.5718218,21.3476691241509,1.12887876219315
8676,0.243490197876608,24.1569265931995,25.098806,1397.71,25098.806,32.9804270666667,33.2475726438918,1.21609840821084
8679,0.573121709290162,39.0626495496762,33.229383,2561.36,33229.383,46.3101380333334,45.1858660603997,1.52076973354755
8680,0.672677671858964,27.4457584900367,19.275701,1756.24,19275.701,29.5920375666667,29.0263160319114,1.1699422355508
8687,0.387959776369528,26.9938245881228,19.645653,1351.28,19645.653,27.8327010333333,29.2191733223181,1.17664683047127
8688,0.222786223302434,9.6847913965246,3.565549,669.84,3565.549,9.8398341,9.38127943292263,0.752585841462099
8702,0.540406946430156,29.916088142709,22.271457,1751.28,22271.457,32.2625913,32.4882986242398,1.07899803327132
8707,0.221538387991301,24.489011195683,23.538071,1199.11,23538.071,30.5496655666667,31.9458573706617,1.15641643721483
8715,0.768423168725743,31.5324095695861,22.214444,2028.01,22214.444,33.6410512666667,32.9380465665717,1.29139091217287
8741,0.495957924647532,32.5667447974836,20.413967,2256.29,20413.967,33.2000686333333,31.6382611872199,1.15641643721483
8753,0.383049197474181,18.0761480206502,14.585917,1084.13,14585.917,21.8986636333333,21.9009311864016,1.12188873360875
8761,0.34577714572831,25.5802630011577,13.460213,1154.84,13460.213,21.2508650333333,23.2140732303589,1.21609840821084
8765,0.337232958694669,22.915721753627,11.211456,1403.53,11211.456,20.5118820666667,20.3641841436244,1.29746807944364
8774,0.867768893863473,40.4569874414467,45.166434,3074.14,45166.434,59.7028472666667,56.3614567068485,1.20309163416092
8780,0.391604488869483,36.0003491817475,30.269993,2018.73,30269.993,40.8430987,41.5731019463417,1.41353528425177
8787,0.479789535538194,26.1659062922577,18.870579,1842.14,18870.579,29.6712444333333,28.2649520505999,1.36829038101015
8789,3.0345001369376,96.3027257936069,65.413387,5174.28,65413.387,88.7758283,91.8958932960181,2.04186831605437
8821,0.283347167672688,8.41448219141355,4.497489,435.49,4497.489,9.46777176666667,9.8262295793382,0.627154867885082
8843,0.403478786017205,13.0351693962735,13.877763,702.95,13877.763,19.2918950333333,19.7008892128448,0.913151271160121
8845,0.380455460039038,27.7513486103201,31.153347,1576.47,31153.347,39.3531073,39.8109303691992,1.25430973577016
8854,0.313227237518348,16.113812166193,10.971032,906.19,10971.032,17.7259104666667,18.0392105715198,0.930220996476805
8871,0.563076966196654,28.2333040843219,13.443403,1669.75,13443.403,23.8961043666667,24.0213869661398,1.12887876219315
8874,0.460256059804099,26.08817633023,13.546785,1168.04,13546.785,21.3969798333333,23.4494411623713,1.20309163416092
8875,0.3234531935532,19.7118185818833,12.316061,931.14,12316.061,19.0653449,20.3651186603838,1.01900604647056
8878,0.54826611218819,35.215542697411,26.917765,2350.82,26917.765,39.5418918333333,38.3128067361974,1.09348187642427
8889,0.485511086736453,26.2598480805231,16.424993,1717.51,16424.993,26.8262953666667,26.0930466049622,0.938639457629381
8891,0.378104140914363,21.730251868401,14.335583,1363.57,14335.583,23.1171363666667,22.8084027792043,1.08626409539111
8898,0.541675880853883,23.5820347825105,34.029108,1221.71,34029.108,40.1083655333333,41.1066279825782,1.20961250378808
8904,0.40960648860558,29.4611749428668,26.139559,1695.74,26139.559,35.4569264333333,35.8285673322887,1.1699422355508
8908,0.2333586675056,9.45297705971929,3.308886,640.62,3308.886,9.4578674,9.07842028851298,0.904495613526603
8918,0.282130659808895,3.78622345953168,5.050999,235.55,5050.999,8.93290743333333,8.88962837245482,0.376292920731049
8919,0.394531710786393,29.1729570382218,17.435356,1738.48,17435.356,27.8439670666667,27.9054370818487,1.12887876219315
8923,2.18872190430125,26.8294452026205,16.963427,891.8,16963.427,23.0447176333333,26.7542123128124,0.859911431036055
8936,0.297887226899666,18.3310040177469,13.674184,1010.69,13674.184,20.6986639333333,21.1593768455015,1.12188873360875
8946,0.409167940099635,22.6031877667173,10.847005,1301.71,10847.005,19.6578061666667,19.9392927076824,1.09348187642427
8984,0.518246699684622,38.1996982210665,30.937996,2247.07,30937.996,42.6240580666667,42.8561028485306,1.33923632011028
8998,0.378187573011962,27.6508212694226,20.275828,1739.84,20275.828,30.4074185333333,29.989999793521,1.35093292926313
9011,0.394331737029388,42.5166835432586,47.138348,3678.95,47138.348,64.6024215333333,58.7746850984102,1.57664289010909
9013,0.321977990077318,9.09456547461549,8.887932,565.13,8887.932,14.0889771333333,13.9884540971308,0.869011276312887
9052,0.194128052494597,21.5984031332301,15.852201,1103.56,15852.201,23.1387075666667,24.1324858713013,1.31553114922171
9053,0.295690314570755,15.6239051170454,17.379375,941.48,17379.375,23.6757508333333,23.6548480862841,0.938639457629381
9057,0.189514381874448,12.4981372584137,13.602679,570.81,13602.679,18.3615961,19.2868336501082,0.841416550206566
9078,0.460093508535593,13.0550590741217,9.575408,900.29,9575.408,16.4393655333333,15.8349355129777,1.08626409539111
9090,0.138015454782205,16.2695537852789,18.029311,1018.03,18029.311,24.6562015666667,24.4399415734365,1.04943081681142
9099,0.677839639132758,41.94062069754,26.693865,2867.12,26693.865,42.0079318333333,40.1960709162374,1.56663235785126
9100,0.389380918919586,28.7509036140721,22.905542,1673.46,22905.542,32.4311978,32.6977679203623,1.13582577399142
9101,0.359264578502898,13.6302482387243,8.666492,915.13,8666.492,15.6980144666667,15.1952197540045,0.971584143524735
9104,0.254073020003827,23.5746576239548,25.955405,1627.87,25955.405,34.9405261666667,33.838008363426,1.36252913276466
9119,0.231910058280002,11.9311787761297,6.939108,742,6939.108,13.2488638666667,13.1138626206002,1.01125683859793
9122,0.141279596310775,12.7300483495054,13.313146,781.29,13313.146,19.1884964,19.0981463883467,0.96345358934212
9123,0.482383923297512,22.2349680213197,14.343191,1103.35,14343.191,21.7795135666667,22.9717119866091,1.1699422355508
9140,1.53569576428692,28.0560526812366,25.371344,1627.34,25371.344,34.4121329333333,34.7015859311834,1.23535182270088
9144,0.364844445839941,8.46143539689325,4.928261,545.8,4928.261,10.4254015666667,10.2284798730369,0.812885615301491
9163,0.264333575599658,24.9130421278268,21.721729,1546.39,21721.729,30.7092377666667,30.4425991596263,1.15641643721483
9193,0.246206687824274,15.8543447882097,17.333569,891.21,17333.569,23.3747971,23.685058984345,1.1148548791057
9196,0.401312103078503,29.8828245987989,23.701768,1733.99,23701.768,33.4605395333333,33.7652668256277,1.14959386181737
9216,0.448974444454059,32.8388503805827,18.036271,2455.1,18036.271,32.0873272333333,29.5826875179806,1.27298534973709
9219,0.251395927671262,16.0703156643866,15.366867,1243.33,15366.867,23.4240519666667,21.9819781559598,1.03433030556419
9243,0.125859272430112,3.10870857938087,1.174358,171.98,1174.358,5.11548553333333,5.19062185960807,0.434505638156444
9257,0.243557584643064,9.43830761257901,12.273565,613.72,12273.565,17.3870951666667,17.1420838598995,0.904495613526603
9259,0.390051752388907,17.3953704999748,20.644958,936.82,20644.958,26.5906988666667,27.1430270549922,1.04943081681142
9268,0.241722199403518,6.67109281181288,4.186244,352.16,4186.244,8.75711293333333,9.00565837166199,0.651758457234666
9273,0.334871456808217,20.9976593166449,14.326787,1878.12,14326.787,25.7677283,22.5733826881599,1.10065232621424
9279,0.285496910189849,23.2034354715567,26.529392,1218.03,26529.392,33.3396078,34.2395177961826,1.33923632011028
9311,0.430808400514566,22.1677115508458,20.758222,1448.74,20758.222,29.3375564666667,28.7243903807622,0.946983083561294
9323,0.309434635290989,25.6259073290297,26.109955,1138.14,26109.955,32.5493495,34.6129907719992,1.04943081681142
9347,0.493742570303384,23.0624413427049,11.487498,1311.32,11487.498,20.2839015333333,20.6581050162385,1.01900604647056
9392,0.355700252317067,36.0294453766085,39.135229,1996.53,39135.229,48.7071111,49.5608341667486,1.46813190522838
9468,0.362192259220923,15.0609007168607,11.608751,1051.53,11608.751,19.0507809,18.2867551222268,0.803150107035793
9477,0.280123687881041,21.9179446285532,15.717959,1729.59,15717.959,26.2523781,24.1107259348515,1.1699422355508
9494,0.801766923282973,31.8339603919587,22.021898,1903.31,22021.898,32.8234765333333,32.8582359215072,1.20309163416092
9496,0.239838204742352,19.4999359201443,15.730867,1446.56,15730.867,24.8016736333333,23.3727604352447,1.12887876219315
9521,0.309731921603599,13.5369180491915,10.254858,857.09,10254.858,16.8276705333333,16.5958167952494,0.663718325578999
9522,0.359749959692148,29.1187124724187,18.85902,1849.03,18859.02,29.6964396666667,29.1699188664498,1.28528501077007
9527,6.44392803016222,62.1435693190627,40.890157,2250.85,40890.157,51.6005329666667,59.2356477889094,1.09348187642427
9542,0.203923198609727,5.5856172144797,4.084451,419.87,4084.451,9.01533423333333,8.57754723648871,0.663718325578999
9555,0.417883754572922,31.9199019270559,17.809962,2291.55,17809.962,31.0386408,29.0941353973873,1.4573762152871
9559,0.586980838084473,29.6721099622249,31.47661,1533.5,31476.61,39.4220323333333,40.6973030882897,1.39674020935437
9574,0.110157651114557,9.64573214823342,10.542358,577.36,10542.358,15.6411488666667,15.6482991659524,0.96345358934212
9591,0.276407105683819,14.3723387458243,9.336514,729.6,9336.514,15.3424626,16.0282876112055,0.921725649612629
9595,0.308027070150614,22.3768340913664,17.224435,1453.44,17224.435,26.1814315,25.6088100683236,1.14959386181737
9619,0.137380815077687,4.14607656876582,2.695405,232.22,2695.405,6.79566783333333,6.8811482363174,0.627154867885082
9622,0.368306100781665,24.6664315615782,13.737678,1477.47,13737.678,23.1675052,23.1805039840893,1.21609840821084
9632,0.343653956618811,23.1959347947253,15.947689,1990.33,15947.689,27.8062917666667,24.7136598863648,1.24170328781995
9645,0.389990872394872,30.8571683614276,24.202743,2106.89,24202.743,35.8380670333333,34.5181908920426,1.32149730749067
9649,0.280205631677178,15.3948310580149,11.450974,926.02,11450.974,18.2603132666667,18.2482742279846,0.904495613526603
9672,0.658123455321252,34.7111237875414,30.411943,2601.42,30411.943,43.9814187,41.3011970741378,1.20309163416092
9674,0.337976157802478,20.333305948413,16.210996,1121.22,16210.996,23.5528664,24.063221244008,0.895756320522712
9677,0.203894227169753,15.762540833325,16.044635,1030.35,16044.635,22.9336465,22.4965591583308,0.904495613526603
9680,0.522024759195822,29.4979997032519,17.024334,1804.18,17024.334,27.8134972666667,27.6362805080081,1.26679073706464
9682,0.528061475774631,34.9665805904863,21.314325,2078.8,21314.325,33.0933591666667,33.1925324830508,1.24802242933184
9683,0.521155680450919,29.3609537448914,16.848858,1714.98,16848.858,27.1947022,27.4358678609163,1.24170328781995
9731,1.39785706495492,45.8904694483484,41.230415,2388.38,41230.415,52.6173368333334,54.503419028988,1.34509733857256
9759,0.232190143797234,13.9701390496881,10.88263,1084.39,10882.63,18.5670486666667,17.2951101054033,0.878016815039115
9760,0.70824805754685,19.6273845744569,15.114404,897.72,15114.404,21.4111836,22.8574528180816,0.979647220728549
9779,0.334766434433401,17.2059582005536,18.01458,1054.74,18014.58,24.832612,24.7169690421716,1.22254990392435
9822,0.304239944873301,21.4215322917584,20.143299,1508.67,20143.299,29.0937641,27.9396441104451,0.895756320522712
9838,0.402244479984057,41.898606831521,45.128456,2113.32,45128.456,54.7044304,56.7741785177715,1.41908947179422
9846,0.380329196192075,18.0259898465028,10.071288,1615.28,10071.288,20.5797725333333,17.8222160524159,1.00344778861613
9852,0.628191762352841,34.7561291170796,17.864185,2252.33,17864.185,30.8848048333334,30.0221665262947,1.32149730749067
9854,0.285634201774622,22.1243594331593,20.836061,1312.11,20836.061,28.7016899,28.7810063242794,0.88693091987139
9856,0.297657995388247,22.4663515265483,23.922595,1061.32,23922.595,30.1838221666667,31.66490447323,1.01900604647056
9864,0.330368206300937,9.29972399966072,9.483559,701.86,9483.559,15.3314797666667,14.5881175398948,0.913151271160121
9885,0.255684400557117,20.2345039951305,12.29002,1541.21,12290.02,22.1939363333333,20.5037142384905,1.39109679149038
9887,0.527626402938195,21.922794752414,7.001694,1284.69,7001.694,16.1090896,16.2675909732483,1.01125683859793
9889,0.47399132660542,8.98268556880821,5.790786,876.57,5790.786,12.9106524,11.1663399263305,0.88693091987139
9894,0.576157564832605,44.4425106214264,47.501353,2615.52,47501.353,59.4347377,59.6983959926422,1.35093292926313
9899,0.37887208144546,16.9739590206537,23.160975,1045.99,23160.975,29.4191591666667,29.2768047964026,1.10065232621424
9920,1.06472573578953,30.8051569336513,14.10952,2177.89,14109.52,27.1209996666667,25.4181666494319,1.17664683047127
9923,0.201726687582007,12.6988453581255,16.144918,891.42,16144.918,22.3060962,21.6370682610189,0.995577488368498
9933,0.254742233849506,15.7027468151044,7.203668,918.14,7203.668,14.3970245333333,14.5211527126824,1.03433030556419
9934,0.3534282491022,15.6212654764202,13.289503,980.57,13289.503,20.1968310333333,19.9731449976903,0.96345358934212
9942,0.301517273650759,17.9800784422441,13.817603,1192.53,13817.603,21.7672477,21.1796670170957,1.05690016955527
9949,0.254684596919913,14.846486389658,9.100252,792.89,9100.252,15.4568251333333,15.962637580794,0.938639457629381
9969,0.458972603128267,24.6868489944687,11.023432,1479.67,11023.432,20.7360504666667,20.7440119882853,1.28528501077007
9978,0.333258038931896,11.3938186074034,13.217117,703.35,13217.117,18.6993803,18.5974890682951,1.07168270802085
9984,0.11561289626739,7.35544738662466,6.415381,435.74,6415.381,11.1951662333333,11.2240315898536,0.663718325578999
10001,0.429990480607509,37.7461898574483,18.134904,2153.5,18134.904,30.6178302666667,31.192732455809,1.7515482239531
10013,0.134509623213592,5.82571084687175,2.437328,426.66,2437.328,7.5680052,7.16956556253024,0.651758457234666
10023,0.345527808435962,29.5761043353266,34.340258,1452.85,34340.258,41.5826238666667,43.2448245439512,1.34509733857256
10027,0.0550422001065584,1.61107808434403,0.966497,116.43,966.497,4.6414023,4.53928150614665,0.501723894308066
10044,0.277330677433786,20.9664506797828,15.806351,1121.72,15806.351,23.1912692333333,23.8953156107327,1.1699422355508
10064,0.30895937335196,7.79223028261623,4.18075,500.66,4180.75,9.51941833333333,9.34826638761103,0.731381973051195
10066,0.480842541890626,24.8926929999508,24.520424,1329.85,24520.424,32.1092732666667,32.9551164299847,1.01900604647056
10069,0.206958707563809,5.48058339151817,2.910305,257.45,2910.305,7.11943283333333,7.48825535137063,0.731381973051195
10138,0.358609404119617,23.6766172843527,15.963065,1567.18,15963.065,25.6338551666667,24.8765098581493,1.26056568348512
10141,0.222630205248573,16.3277009259231,16.693509,883.9,16693.509,22.7609747666667,23.2557453870362,1.1699422355508
10153,0.28801492151507,26.3004561975444,29.08317,1516.75,29083.17,37.1813946666667,37.4979944212388,1.20309163416092
10163,0.260002301054849,5.46727545803594,3.638206,231.29,3638.206,7.63938373333333,8.13924079199114,0.709544735897112
10165,0.454922440820087,43.7560769815005,28.348861,3044.36,28348.861,44.4131682333334,42.2483587642652,1.72894665480774
10169,0.507544497027137,24.2934919662918,14.240101,934.41,14240.101,20.8138759,23.5170734095505,1.17664683047127
10170,0.682523257402764,22.66969764009,24.554616,1093.03,24554.616,30.9164760666667,32.2967606684279,1.29746807944364
10181,0.329628092174927,18.1314083043241,14.546839,1295.16,14546.839,22.9538151,21.8828916743405,0.995577488368498
10182,0.501658148325562,26.0500027191647,16.297675,2053.08,16297.675,28.4454875,25.9134083429411,1.12887876219315
10185,0.330872251614776,30.7181336596953,20.256438,1833.05,20256.438,30.8715525333333,30.9234156345055,1.33923632011028
10199,0.196248434849803,8.4850324786711,3.841578,668.49,3841.578,10.0812852,9.25778026838804,0.663718325578999
10212,0.612490642101095,23.0988907170049,19.905538,950.68,19905.538,25.9968308666667,28.2456403222715,0.904495613526603
10217,0.940889766341479,44.7673947352838,31.885119,2703.59,31885.119,45.8351554333333,45.744499467938,1.62577123060298
10219,0.279609109526822,2.91579202549809,1.513273,143.11,1513.273,5.27134736666667,5.43584122790441,0.469319728814691
10261,0.323995249567579,25.2179306841388,16.441259,1244.45,16441.259,24.3967914333333,25.784691612083,1.19653522767009
10265,0.331722359970223,17.4676668745028,8.733915,1017.09,8733.915,16.2854885,16.4455002310959,1.13582577399142
10293,0.379332973442628,20.1095870525619,19.539703,910.91,19539.703,25.4621010333333,26.9897046862942,0.869011276312887
10294,0.264457150323007,18.731065696343,19.399497,1123.91,19399.497,26.4364156333333,26.4361776658663,0.930220996476805
10298,3.85898193157569,51.616697409621,52.541684,2038.67,52541.684,60.9906439333334,66.4586917969825,1.37402747275933
10305,0.56839141266505,52.2360773443782,33.465269,2830.28,33465.269,47.9118554333333,49.4819260767572,1.83489695469537
10307,0.279762045556035,15.2811656667738,8.526084,899.95,8526.084,15.4932172666667,15.5806369566999,1.18994269690731
10317,0.0854217565662155,6.79045030991758,7.551001,372.73,7551.001,11.8916725666667,12.0709404960745,0.869011276312887
10318,0.437457044867477,12.3647052508686,11.855136,769.95,11855.136,17.8176974,17.6726810277693,1.09348187642427
10331,0.276153439660424,13.4692213017235,7.042344,976.6,7042.344,14.5538762666667,13.6835682035343,0.96345358934212
10334,0.375121734058377,26.4552451177755,33.537592,1635.49,33537.592,41.8038644666667,41.5549587865104,1.37402747275933
10340,0.546133895034741,38.0751697243501,38.85035,2239.5,38850.35,49.706065,49.9386176145486,1.1148548791057
10354,1.08589839043501,34.5036002063177,24.22636,1850.72,24226.36,34.5357773333333,35.6698400639585,1.05690016955527
10356,0.26342050623776,23.6308997574134,24.96655,1490.21,24966.55,33.3393133333333,32.9654739247981,1.28528501077007
10366,0.233073204123129,15.8274112640256,10.102924,1101.97,10102.924,17.9561432666667,17.1691290918479,1.06431710384567
10378,0.211596744298881,15.0681911421737,15.753475,748.76,15753.475,21.2167208333333,22.0192667540739,1.14959386181737
10392,0.440429087776082,33.1650210386024,21.999676,1988.14,21999.676,33.2417650666667,33.2508649219667,1.35093292926313
10402,0.393677353550431,26.4342688485518,16.098234,2281.62,16098.234,29.4467806,25.8530339430511,1.22254990392435
10407,0.255218144696126,22.1510485696724,18.301713,1255.34,18301.713,26.1274650333333,26.5083667565985,1.30953780985511
10411,0.400528516683039,22.8122512964098,13.287751,1283.92,13287.751,21.7625625666667,22.200773801887,1.37402747275933
10417,1.68439733879824,52.6840926909756,40.536834,2529.49,40536.834,52.7221822666667,55.9852193342024,1.6592958139475
10422,0.254113006705798,12.1085437704911,5.898546,814.92,5898.546,12.6891114,12.2323399688523,1.02669676724729
10423,0.293199561223092,7.06972323970146,2.932112,441.43,2932.112,8.08962246666667,8.00051500430745,0.841416550206566
10424,0.260783516582946,4.90639665082926,2.191668,399.54,2191.668,7.2067912,6.66348416175707,0.574796930908684
10460,0.637264047103996,57.7085143801557,66.9135900000001,3094.33,66913.5900000001,79.3796026666667,81.2818704578483,1.66875056747515
10469,0.245759101967714,5.62682801608384,2.061832,410.01,2061.832,7.1440338,6.76996548498599,0.354772367948556
10479,0.340054725461429,21.3470367574998,13.875139,1315.2,13875.139,22.4528251,22.275206494825,1.09348187642427
10482,0.321588122451172,29.504446540317,23.100498,1909.61,23100.498,33.8267665333333,33.1068266274983,1.34509733857256
10485,0.483412872831266,31.4366021648532,24.365396,1548.51,24365.396,33.0994914,34.8442030711045,1.43562311083189
10488,0.235664099088764,15.6879407822719,13.734148,1161.12,13734.148,21.5298532,20.3939948425043,1.00344778861613
10509,0.195962612392689,11.8914203895634,9.792766,803.6,9792.766,16.1354227333333,15.6698297207647,0.832014952887892
10518,1.2738020388749,19.5133833490707,20.020912,1007.14,20020.912,26.3923774666667,27.2379696382119,1.20309163416092
10519,0.268027879544081,13.3377632988264,9.979019,943.36,9979.019,17.0251437666667,16.2858237226362,0.938639457629381
10520,0.359975036256997,27.7973035920648,27.84353,1626.37,27843.53,36.6320886666667,36.8463411135401,1.18994269690731
10536,0.32408860674733,30.3642524764712,20.21229,1917,20212.29,31.265561,30.7739792677061,1.32149730749067
10568,0.488178070376917,27.6165474270958,21.957544,2001.14,21957.544,33.2710129333333,31.4929193023997,1.19653522767009
10580,0.469408140896292,29.7169941375888,30.20447,1650.04,30204.47,38.8792296666667,39.5662911826525,1.51038893143764
10583,0.707613326796112,22.9305452372927,12.648423,1265.37,12648.423,21.0913257,21.6620497235607,1.07899803327132
10597,0.231512271374391,11.493118553013,6.324867,714.52,6324.867,12.5540669666667,12.425247051434,1.01900604647056
10606,0.564755242997007,32.3032418000633,22.571398,1562.24,22571.398,31.5558315333333,33.4982631580196,1.28528501077007
10610,0.494292708927711,41.2382520359327,24.902523,2672.32,24902.523,39.3892573666667,38.3661288311391,1.61119002816518
10619,0.297110567929526,18.5694038260461,13.096763,1360.26,13096.763,21.9850967,20.7136018860743,0.803150107035793
10620,0.351828644079154,17.6753309295288,7.45158,1098.79,7451.58,15.5535036666667,15.3557745881539,0.987644473590395
10621,0.945722231708735,46.9105539023159,42.508298,2591.51,42508.298,54.8169365333333,55.9697399097179,1.30351691446933
10654,0.260751229488946,5.41027406033749,1.860455,232.87,1860.455,6.04757116666667,6.52159445870462,0.517165152782097
10660,2.36745515558094,50.6059921086059,38.434792,1929.02,38434.792,47.7279161333333,53.4491703536678,1.43562311083189
10663,0.49676585494695,54.657658385457,36.329039,4071.02,36329.039,56.8997384333333,52.8100091994917,1.60630021407159
10674,0.246886541073034,14.7444833245685,15.038217,1019.82,15038.217,21.9734653,21.2751851306162,0.762966826213102
10688,0.395155789975167,29.6985544848583,22.116521,1989.61,22116.521,33.3545205666667,32.2814207903061,1.40795918644407
10707,0.371690988295698,21.6604729118986,13.693252,1267.33,13693.252,22.0417984666667,22.2086734026886,1.08626409539111
10711,0.507049098980144,21.4214134458949,15.265361,938.21,15265.361,21.7562432333333,23.5494630682274,1.32149730749067
10715,0.385701427366317,32.9658083154285,20.178328,1714.3,20178.328,30.1877118666667,31.5498957777828,1.53108015490348
10722,0.605136781162254,40.3744169596475,32.330683,2445.39,32330.683,44.9021297,44.7836839574907,1.54132160790803
10723,0.415452106559093,29.8917752229326,20.342096,1681.3,20342.096,30.1646030666667,30.7443367191091,1.2791499637563
10726,0.225745501978471,15.3773807002904,13.879535,937.62,13879.535,20.5059515,20.42856951709,1.20961250378808
10761,1.4684899854417,26.8166950265025,20.526766,1522.77,20526.766,29.5117344,29.9572648582158,1.14959386181737
10762,0.227556620663422,11.8340165796758,8.705405,631.49,8705.405,14.2675628333333,14.6734096396995,1.02669676724729
10777,0.22445734008412,20.5828146538669,18.974299,1307.8,18974.299,27.0038357666667,26.6275416426987,0.979647220728549
10781,0.393083115972357,11.1199854362133,7.887019,803.4,7887.019,14.4192171,13.7155125852261,1.31553114922171
10803,0.786808686817791,24.1591761410069,15.124236,1634.17,15124.236,25.2250240666667,24.2711570037122,1.15641643721483
10812,0.670232468371425,12.0337066323968,8.253944,770.65,8253.944,14.5802412666667,14.328998656043,1.01900604647056
10820,0.196616547284449,7.84383784012052,3.595356,529.12,3595.356,9.13960706666667,8.83741013043736,0.532158551922834
10823,0.492679469391968,11.8476387884629,10.556981,639.53,10556.981,15.9755212333333,16.3440509244235,1.03433030556419
10835,0.410460607220496,25.1106069973157,18.299603,1595.06,18299.603,27.8807860333333,27.4239308691679,1.03433030556419
10842,0.335965173070974,26.6923055813607,23.638748,1372.45,23638.748,31.5358648666667,32.7194879302218,1.32149730749067
10843,0.471289569234266,37.3228645452293,15.257614,1978.35,15257.614,27.1233276,28.4719406090211,1.61606504695553
10844,1.87137052981675,26.8281443303848,20.505941,934.42,20505.941,26.4531835666667,29.9420716424193,0.955253835210168
10857,0.398268472696232,7.3241704231261,3.632655,418.43,3632.655,8.60127783333333,8.70988233116909,0.687013736379663
10863,0.582033025339673,21.5650406807175,21.270514,1522.55,21270.514,30.1799709333333,28.9986252110224,1.43013313618773
10885,0.317322251349068,19.48115625564,19.082314,1750.75,19082.314,29.3896242666667,26.3832410392484,0.930220996476805
10887,0.243838812731817,19.0204288498795,28.616055,946.78,28616.055,33.8161461666667,34.8207824434627,1.1148548791057
10889,0.447967964153474,29.1316171837889,30.047148,1974.32,30047.148,40.4130865333333,39.2432345269746,1.06431710384567
10905,0.46348749909899,21.3135555922249,15.124444,1322.01,15124.444,23.6123846,23.3892018335897,1.23535182270088
10924,0.286147574113214,17.6789495719483,25.950909,1254.3,25950.909,33.0063681,32.006292467304,1.23535182270088
10928,0.347231744752189,21.7144303493538,12.057748,1177.66,12057.748,20.1065498666667,20.7534466082997,1.08626409539111
10948,0.282720243347247,19.0932846009981,14.534119,1483.07,14534.119,23.9132354333333,22.1696253263094,1.02669676724729
10952,0.496081032715886,25.4620554932798,19.275437,1843.32,19275.437,30.0417133,28.4111305029168,1.09348187642427
10978,0.411332277147886,33.1221498781388,28.795121,1857.13,28795.121,38.6807805666667,39.353475362223,1.33334953855695
10982,0.491648227791808,20.5911605750065,30.008384,1134.09,30008.384,36.0370106,36.560805378252,1.22254990392435
11005,0.250746189890006,17.8993548195401,20.127743,1016.06,20127.743,26.5346120333333,26.8337686940574,1.30953780985511
11010,0.260198156674035,15.6961096310218,17.372787,1002.67,17372.787,23.9859699666667,23.6713022856168,0.971584143524735
11011,0.246443095044882,9.96186384676216,14.070056,598.42,14070.056,18.9248870666667,18.9212281924963,0.793295131271539
11034,0.304965155854138,21.2067565164893,22.290158,1335.66,22290.158,30.1320522,29.8052367201117,1.20309163416092
11043,0.400191339115712,4.89905558550429,3.1537,898.71,3153.7,10.651665,7.52703723150633,0.793295131271539
11051,0.472590208311268,23.2675611771642,13.249955,2162.43,13249.955,26.2675145,22.3079034649209,1.06431710384567
11063,0.524704801609045,43.4639986844352,21.345349,3495.98,21345.349,40.4433774333333,35.8546536921749,1.55655744718968
11071,1.00041355855364,46.9133008113151,37.989487,2240.74,37989.487,48.9376949666666,51.9036615515076,1.69679875979549
11075,0.357834124311403,15.936606761744,13.042227,1095.44,13042.227,20.5677776333333,19.8483523961406,0.78331617892563
11076,0.25246148603315,15.8156380998101,7.319867,879.76,7319.867,14.3033069666667,14.6607281109411,1.08626409539111
11089,0.353309885698143,20.4484013644629,13.732135,1278.65,13732.135,22.1352798333333,21.8679259229835,1.13582577399142
11091,0.454089092508115,33.8270134005878,32.563221,2025.58,32563.221,42.9423955666667,42.9632730541822,1.37974070934718
11150,0.227772197846652,18.3097787111755,13.918304,1304.72,13918.304,22.4375269333333,21.3725050004644,1.08626409539111
11151,0.380824080123927,25.395664084707,14.82771,1317.44,14827.71,23.3217123333333,24.3875948662592,1.20961250378808
11156,0.165553669362784,2.26822088963531,1.150395,135.57,1150.395,4.9058005,4.90850397578695,0.376292920731049
11162,0.817338007904796,29.7553131517001,20.077058,2889.2,20077.058,36.1668855333333,30.463499277027,1.29139091217287
11166,0.441836494486786,23.8319522721284,21.329097,1652.08,21329.097,30.9019339666667,29.7540925043598,0.995577488368498
11213,0.312655129216041,18.7540315762389,14.667839,1469.02,14667.839,23.9609917666667,22.1848048886341,1.07168270802085
11231,0.461513557565747,35.1230444226245,26.344149,2688.25,26344.149,40.7690257666667,37.7678778710136,1.33923632011028
11250,9.75113989236141,26.6653088808319,17.370682,920.49,17370.682,23.5594788,27.0698595530579,0.177386183974278
11262,0.30749018439951,21.4766998651486,17.479797,1630.25,17479.797,27.3247756333333,25.5595942581961,1.20309163416092
11263,0.34506387921526,21.976261452494,12.934234,1508.82,12934.234,22.6063806,21.6234516502731,1.08626409539111
11265,0.279761463780839,18.5478763458253,15.635383,1305.34,15635.383,23.9861013666667,22.9916863672058,1.01125683859793
11266,0.24253868232273,16.3196115273401,15.204145,755.72,15204.145,20.7582838333333,21.9128100734754,0.979647220728549
11281,0.170661053204682,5.07185264355813,2.489105,297.38,2489.105,6.94665783333333,6.98246881950302,0.532158551922834
11298,0.277289667891767,17.4874494914045,9.587864,1190.2,9587.864,17.9484442666667,17.2201869423354,0.822505898274634
11308,0.327892074592048,18.6121088696106,12.93892,983.52,12938.92,19.896548,20.5847817495793,0.955253835210168
11311,0.343648239389109,25.5172637469371,13.795257,1925.8,13795.257,25.5356979666667,23.4960830615505,1.30953780985511
11328,0.424891870795204,27.4203179854065,17.211902,2566.63,17211.902,31.9216334666667,27.161010375476,1.22254990392435
11336,0.511244688853608,24.6177861480133,16.655577,2024.05,16655.577,28.6176109666667,25.7915330058841,0.955253835210168
11340,0.381918482194744,16.008983136788,8.074235,1076.67,8074.235,15.9996065,15.3995962724043,1.01900604647056
11376,0.525313622545734,30.8935960544554,20.944405,1934.68,20944.405,32.0158111666667,31.5969792768812,1.13582577399142
11393,0.37547404016044,26.5346057172885,15.737495,1701.91,15737.495,26.1269471666667,25.5594732723595,1.22254990392435
11405,0.423145090587727,20.9095678756867,21.263173,1790.39,21263.173,31.5572040333333,28.7888217414629,0.96345358934212
11416,0.223017047413682,13.7205222429879,8.587964,627.8,8587.964,14.1428009333333,15.1525294953263,1.04943081681142
11425,0.337463880218686,25.1759074405446,22.183624,2031.84,22183.624,33.6331016,30.9397929065688,1.29139091217287
11432,0.415538451496436,23.0664460362213,20.248091,1636.05,20248.091,29.8462069,28.5438801712286,1.09348187642427
11442,0.265124865054345,20.1611800002659,19.543367,1167.48,19543.367,26.7910103,27.0089961000824,1.23535182270088
11446,0.261147286841183,19.687158172037,23.531391,1141.06,23531.391,30.2437285666667,30.4512709333315,1.19653522767009
11447,0.460186353869598,31.7848376760433,20.523844,2790.59,20523.844,36.0595079333333,31.4947592795734,1.46276394610239
11462,0.253047262156594,12.1986866866056,10.371134,1243.85,10371.134,18.9305789333333,16.2856134728477,0.803150107035793
11463,0.349162577048109,26.1906867375316,23.884312,1278.45,23884.312,31.2712058,32.7849936886348,1.1699422355508
11486,0.241333713309948,11.2989209278557,4.064906,787.9,4064.906,10.8992320666667,10.3310808876353,0.971584143524735
11488,0.549448635703413,42.8964128618576,31.091484,3887.65,31091.484,51.2385272666667,44.4502235871759,1.60630021407159
11491,0.429276572147712,27.2699367636734,15.623114,1676.94,15623.114,25.8949926,25.6844829967387,1.24802242933184
11496,0.33663351465953,23.2334258906059,17.759121,1485.04,17759.121,26.8259155666667,26.3555709260878,1.1148548791057
11498,0.342346898186205,21.0304492012266,17.459489,1751.6,17459.489,27.9334734333333,25.4029793523803,1.1148548791057
11503,0.445402152062136,30.7947185604337,20.40652,2880.19,20406.52,36.4168496666667,31.0822307537344,1.35093292926313
11511,0.466346481540946,27.5424038177571,22.323257,1785.97,22323.257,32.4884429666667,31.7990764835047,1.16319899647185
11516,0.501528334661275,40.2137074033014,27.551191,2744.24,27551.191,42.1446452333333,40.4323211950234,1.60630021407159
11547,0.176790576334125,10.4519414529739,11.798875,681.61,11798.875,17.3106391666667,17.0290893504219,0.878016815039115
11548,0.516877329388043,22.9364320320771,14.002975,1839.24,14002.975,25.2754175,22.8829714299439,1.18994269690731
11569,0.395267964795977,13.4315585831831,6.739623,891.83,6739.623,13.8434490333333,13.3994438607868,1.06431710384567
11590,0.452691985235238,24.3158062225359,19.532511,1075.04,19532.511,26.3036332333333,28.2871598289861,1.31553114922171
11598,0.43001665952881,29.0856940016121,29.937606,1800.11,29937.606,39.4144137333333,39.1304105404998,1.07168270802085
11607,0.329991492827715,21.2071913032779,16.357191,1739.36,16357.191,26.8781652333333,24.4657012040161,1.20961250378808
11633,0.368370029748102,26.1066249842736,14.025034,1319.6,14025.034,22.6104639333333,23.8855843451248,1.10065232621424
11636,0.489810482880963,50.2218955035768,53.451371,3061.23,53451.371,67.0925889,66.8450215061088,1.48411929390698
11641,0.359801542738949,30.4846885492242,23.695084,2156.62,23695.084,35.6381122666667,33.9458290502595,1.29139091217287
11666,0.270906190597899,14.3613532082352,9.315486,675.76,9315.486,15.0453640666667,16.0059568945529,0.96345358934212
11696,0.243402736673221,2.05072431145765,1.554763,207.96,1554.763,5.6437467,5.20501123655187,0.434505638156444
11724,0.628070811479003,24.7856618601828,10.349832,1718.28,10349.832,21.3626288,20.1684039766567,0.995577488368498
11742,0.356639818812003,18.3954997148981,12.52831,1087.16,12528.31,20.0624723333333,20.1480839116184,1.01900604647056
11746,0.455834751717141,21.4692249229386,15.13624,1406.23,15136.24,24.0581376666667,23.448075726111,1.17664683047127
11778,0.185057402691738,8.67231676150102,5.567893,538.68,5567.893,10.9642837,10.8695218960653,0.709544735897112
11790,0.208986199699542,11.770171630752,8.87301,895.54,8873.01,15.7826656666667,14.8044622055331,0.946983083561294
11800,0.244981322922842,17.9447312783769,12.905054,1012.71,12905.054,20.0168836,20.3474152962968,1.04943081681142
11805,0.239081294127403,16.5848140644404,10.192604,910.58,10192.604,17.0480069333333,17.4846359599765,1.22254990392435
11830,0.252020670136829,10.4460381988972,11.6465,604.12,11646.5,16.7731366666667,16.8901218416581,1.01900604647056
11855,0.110962842723959,11.3464330983801,13.046943,648.05,13046.943,18.2605070333333,18.4296429604978,0.995577488368498
11869,0.0912098620586161,3.85527075329075,3.240348,213.29,3240.348,7.18831153333333,7.28144713352013,0.639574981878148
11879,0.363118533218143,9.08690621954814,3.976013,428.52,3976.013,8.9624317,9.56535262805992,0.822505898274634
11881,0.484320107966891,29.4755628802713,20.862877,1953.63,20862.877,32.0403443,31.0840137928841,1.26056568348512
11885,0.353833161044327,24.1859199974515,21.772945,1610.9,21772.945,31.0886338333333,30.26328569921,1.06431710384567
11924,0.21037754137946,16.9814486263504,11.236631,1045.63,11236.631,18.6853895666667,18.5472169741686,1.1077763638629
11926,3.04192641750341,23.1583008105217,15.324728,993.86,15324.728,22.0971985333333,24.1413284512617,0.822505898274634
11935,0.350628968883298,12.6081256546349,4.621494,1130.24,4621.494,13.1689179333333,11.2378635529368,1.00344778861613
11952,0.632525226451768,27.05302526223,18.546178,867.26,18546.178,24.3424035333333,28.2479980312913,1.1148548791057
11959,0.315858013356744,22.3113407603111,18.943423,922.11,18943.423,24.9833157,27.1355963356964,1.25430973577016
11971,0.235559428202706,14.3869188005986,12.482732,639.12,12482.732,17.7065788,18.8644036281856,0.979647220728549
11993,0.167183986679891,11.724588854441,10.189278,711.2,10189.278,16.0148835333333,15.9749727448767,0.878016815039115
11999,4.37327688231458,57.3414258112367,29.422542,1373.57,29422.542,36.7470661333333,47.4261298014834,0.850714252903992
12004,0.475748160322085,18.6475107942462,11.694895,873.51,11694.895,18.2085405,19.4761338462163,1.10065232621424
12039,0.236372798694762,7.24276709263942,3.522185,401.86,3522.185,8.41624316666667,8.58522429871822,0.762966826213102
12040,0.264710073490514,17.3306223321318,15.15871,915.78,15158.71,21.544369,22.1853319229609,1.06431710384567
12063,0.545827896182316,46.0011544586199,20.675437,2678,20675.437,35.6142266333333,36.0382511821722,1.61606504695553
12074,0.200884753609882,9.92553932212153,6.7797,759.69,6779.7,13.196795,12.3486471898577,0.803150107035793
12083,0.30599446384532,24.3535727592566,21.248842,1730.84,21248.842,31.2366311333333,29.8435653553696,1.07168270802085
12100,0.342488336450454,27.3185584283197,18.09728,1653.21,18097.28,27.999137,27.9263051127791,1.33334953855695
12106,0.442132975883691,34.0011438758635,26.212272,2011.39,26212.272,37.1532264666667,37.3013994015177,1.33334953855695
12107,0.317569256633034,34.7885423340535,32.127447,2183.89,32127.447,43.3681339666667,42.8691504235566,1.33334953855695
12110,0.366962052884335,12.4847514193295,8.565039,998.79,8565.039,16.0389501,14.7488080399921,0.720546085529427
12112,1.85618398243611,26.6252730988765,19.908772,1342.78,19908.772,28.0255914666667,29.3417294606517,1.24802242933184
12118,0.373037097027353,28.3281438991135,26.071895,1710.3,26071.895,35.4712555,35.4164301087252,1.12887876219315
12128,0.682816115429118,20.5965872015739,26.924333,1088.95,26924.333,33.0281413666667,33.7868417324879,0.812885615301491
12148,0.541203887063735,41.2843533195049,42.87978,2564.25,42879.78,55.010427,54.5599515290465,1.2791499637563
12195,0.211008048560909,7.85168340354436,8.009707,363.61,8009.707,12.2573879666667,12.8127581550988,0.762966826213102
12206,0.431374921256373,24.2081380606625,17.866159,1812.94,17866.159,28.6163997666667,26.7540658988054,1.14273055354081
12212,0.398142280385751,19.8489928471367,18.023094,1186.48,18023.094,25.5209312666667,25.5439723826124,0.850714252903992
12219,0.59771058458666,40.2540664469291,20.985836,2650.97,20985.836,35.7539307333333,34.536012998548,1.7649702457069
12235,0.502592752804401,31.2196917276332,13.308481,1889.16,13308.481,24.9082929,24.8257373355663,1.18331343810106
12238,0.380503600221102,22.044665063907,14.909185,1442.91,14909.185,24.0433015,23.4221126698112,1.01125683859793
12245,2.07512709038525,29.3431874344202,21.711598,1463.72,21711.598,30.2729915333333,31.8068263046703,0.895756320522712
12250,0.511322000753307,25.7228792113844,17.862531,1679.59,17862.531,27.9241595666667,27.2203704555292,1.06431710384567
12251,0.534250140515649,33.6018782182286,32.691746,2618.14,32691.746,46.1196280666667,43.0091536476509,1.24170328781995
12255,0.421296820532006,31.5039747045537,32.027139,2722,32027.139,46.0580917666667,41.7606572584116,1.33334953855695
12266,0.268298795804386,16.2127307045238,9.108439,1218.73,9108.439,17.6643667666667,16.3935416184024,0.841416550206566
12271,0.469919559143771,21.0400504904815,5.493178,1719.82,5493.178,16.9995968666667,14.6362758520493,1.02669676724729
12277,0.475628126088109,25.8215971281244,14.423102,1316.23,14423.102,22.9513134666667,24.1554869097186,1.20309163416092
12283,0.224960723714259,14.2267044651649,12.052327,1093.55,12052.327,19.6671026333333,18.4273726842011,0.904495613526603
12295,0.33516301394139,19.3147770260605,15.925802,1108.42,15925.802,23.2300584666667,23.4908026780788,0.995577488368498
12313,0.334463536688664,25.3606765243857,24.317942,1664.93,24317.942,33.6582861333333,32.9179575225596,1.04943081681142
12320,0.368567251365809,23.9922570441514,20.538176,1392.28,20538.176,28.8478050666667,29.0919580836869,1.28528501077007
12322,0.310359607708349,28.583658738558,23.104065,2056.33,23104.065,34.5880301666667,32.824592708953,1.24802242933184
12329,0.573211134384634,30.4312904267791,14.203358,2175.36,14203.358,27.1923822,25.3867222323015,1.19653522767009
12330,0.481387215324987,22.4675613367301,11.196009,1434.1,11196.009,20.6559247666667,20.2113521143863,0.971584143524735
12336,0.271539957699103,13.9442375473701,13.206616,852.96,13206.616,19.4629144,19.3786680396847,0.812885615301491
12346,0.291750424477753,19.4532962690983,14.931684,975.34,14931.684,21.6477722666667,22.6390374434205,0.995577488368498
12359,0.192774767673769,24.1418292646957,31.235613,1356.11,31235.613,38.2886200333333,38.7660187720557,1.1077763638629
12367,0.552599741944458,34.7460346314435,17.601924,2962.29,17601.924,34.3168966,29.7830023357475,1.35093292926313
12384,0.447480573370043,35.972404195509,23.731953,1779.72,23731.953,33.7239777,35.6802030006078,1.60139546914369
12395,0.361782163498193,30.9069416754448,33.834437,1764.51,33834.437,42.7376283,43.2021452193879,1.26056568348512
12412,0.395274621849972,26.1679310915055,24.554187,1790.18,24554.187,34.5180316333334,33.3808269383667,1.06431710384567
12415,0.603108126736515,33.9804268493035,19.606973,1698.6,19606.973,29.5923757,31.3502080232841,1.29139091217287
12420,0.297356330696523,28.457266369572,22.065821,1553.26,22065.821,31.0544155666667,31.8509914745673,1.18331343810106
12449,0.518292466278368,23.7678639966972,15.469131,1076.6,15469.131,22.6546512333333,24.4602557389761,1.32149730749067
12461,0.314478114508747,11.5248171014697,12.118135,491.43,12118.135,16.6153765,17.6490148014556,0.60154581708046
12466,0.170381673048033,3.70012358120919,1.400776,192.96,1400.776,5.4276584,5.57773671017485,0.546740938212135
12477,0.2736207378586,20.9995016059371,11.292872,1152.44,11292.872,19.2878581333333,19.8434302978405,1.23535182270088
12493,2.44845046522076,27.963590392105,26.538775,1359.03,26538.775,34.0765525,35.7236105215525,1.20309163416092
12524,0.378938710042027,24.4939352866166,19.980908,1250.83,19980.908,27.6154388666667,28.7459371388511,1.17664683047127
12539,0.629435841073263,13.1859843017676,8.421641,854.79,8421.641,15.1658919,14.837132033548,0.96345358934212
12564,0.623384357123736,43.2467970064184,34.935415,2767.67,34935.415,48.9115018333333,48.0183805719897,1.38543038589542
12567,0.392665371515964,16.1680629315149,21.519498,921.27,21519.498,27.2974432,27.5496477087696,1.07168270802085
12574,0.450229627768198,22.0803990966119,18.00145,1657.71,18001.45,27.93614,26.2162287199497,1.18994269690731
12597,0.588567387666444,35.8327107284482,23.914594,2260.2,23914.594,36.3708346,35.8012749258189,1.21609840821084
12623,0.245080267166779,22.2064144015594,25.554639,1326.63,25554.639,33.0234301,33.0531635644834,1.327436651158
12667,0.243653379668678,17.5905824619905,17.269513,979.95,17269.513,23.7756367,24.1656422632171,1.15641643721483
12676,0.397737634506404,22.389032153684,12.670546,1018.34,12670.546,19.8349147333333,21.514091367642,1.14959386181737
12688,0.633483380040953,49.8799532596434,66.463264,3100.05,66463.264,79.0038626,78.4497231104895,1.26679073706464
12693,0.442972017648206,51.4961978779698,63.539961,2697.35,63539.961,74.2922732333333,76.3197862421706,1.2791499637563
12694,0.324483208848906,16.6378370081648,6.616175,920.72,6616.175,13.8816108333333,14.2822869725311,1.02669676724729
12698,0.352258684293693,15.8814495848474,11.134897,990.52,11134.897,18.3090939666667,18.1146566713027,0.832014952887892
12701,0.246008076736753,22.2487212105935,18.768816,1103.67,18768.816,25.7642294,26.959037975284,1.24170328781995
12716,0.284576305949604,17.8597462975574,13.872868,943.11,13872.868,20.5283162,21.1921025522428,1.12887876219315
12741,0.487991127447187,35.6947574813706,18.65391,2072.63,18653.91,30.6671073333333,31.0238938192249,1.49468255385948
12743,0.40712927657626,28.2116062729042,27.025334,2138.23,27025.334,38.5403222666667,36.2383985446003,1.24170328781995
12749,0.253729127505395,9.93298773136558,8.881984,519.6,8881.984,13.8483856,14.2430117967233,0.614483766408419
12758,1.4724618588389,50.4186587448033,26.480702,2555.9,26480.702,40.2081151333334,42.632416010889,1.47348030875271
12774,0.362634904848775,33.4597054320672,41.538502,1930.01,41538.502,50.5263701333333,50.9271604839408,1.21609840821084
12783,0.417066199660511,38.2659481043148,35.580935,2329.95,35580.935,47.2309165,47.0552854123376,1.43013313618773
12806,0.269035072533496,15.6151434696666,13.063938,832.01,13063.938,19.2262625333333,19.7682386755966,0.904495613526603
12807,0.322691225816963,10.6482062653797,12.607746,613.65,12607.746,17.6874964,17.8179153422677,0.921725649612629
12820,0.195969429680434,4.96251665179681,1.910426,295.97,1910.426,6.41856173333333,6.42776356205701,0.546740938212135
12821,1.38126634079022,31.0234579147131,23.432886,1542.93,23432.886,32.2314024,33.8768693535611,1.1699422355508
12829,0.641790533535622,26.4621955457221,21.81064,1365.78,21810.64,29.856106,31.0028566191739,1.18994269690731
12857,0.361318892197239,23.0303390434458,17.940399,1761.47,17940.399,28.4172874333333,26.4557642034682,1.06431710384567
12860,0.344966188614274,25.6435337025367,13.790109,1853.38,13790.109,25.1568947666667,23.5305935477864,1.29746807944364
12865,0.634073929902142,33.9772597382217,29.950485,1906.42,29950.485,39.9752731666667,40.6583870188487,1.20309163416092
12889,0.351912823864756,16.7968896640456,12.381343,1012.35,12381.343,19.5436837,19.5202444958541,0.921725649612629
12902,0.450232602773603,21.695507592356,12.240729,1294.47,12240.729,20.8747511,20.9122634536304,1.06431710384567
12913,0.301982262546133,23.1626473831244,16.987162,1415.59,16987.162,25.7723274666667,25.6388664887686,1.16319899647185
12917,0.736925497356695,45.5931001716087,66.299684,2732.35,66299.684,76.9568572666667,76.9735766531987,1.62092540393562
12968,0.142865928605858,2.98547491654228,1.852948,183.14,1852.948,5.78387653333333,5.76315042412811,0.469319728814691
12975,0.442455970084976,22.046946382406,18.328641,1808.57,18328.641,29.0100552333333,26.5003302785459,0.878016815039115
12982,0.1880708070789,14.3717593151532,7.521765,1088.37,7521.765,15.5628335,14.3948338876975,1.1077763638629
12984,0.326544994458741,14.3811664823661,7.772113,969.88,7772.113,15.1759483666667,14.6230633095335,0.841416550206566
12987,0.306550220323609,21.5806464310759,16.694503,1283.75,16694.503,24.8277610333333,24.8850530936335,1.01125683859793
12990,0.212478417600704,13.1886818500089,11.024379,707.72,11024.379,16.7484944333333,17.1804324735027,1.01125683859793
13003,0.466896376848089,29.3217646198404,29.122772,2318.21,29122.772,41.3579131333333,38.4702418321505,1.22254990392435
13004,0.395559805561653,19.1406328490831,10.206235,1092.62,10206.235,18.0008148333333,18.2892076832158,0.921725649612629
13018,0.27231912239236,13.2253145405943,7.447906,756.44,7447.906,13.7813887333333,13.9729629075842,0.832014952887892
13059,0.815735211090737,28.3811677605929,25.662542,1277.75,25662.542,32.8679961333333,35.0644498057838,0.878016815039115
13064,0.417968909151694,30.63858348687,21.515267,1911.82,21515.267,32.4114769666667,32.0317011809297,1.327436651158
13082,0.671559607185916,17.4091661028552,15.247969,793.13,15247.969,20.9910104333333,22.2900135918851,1.00344778861613
13096,0.509778654903624,30.407705653335,34.790512,1554.94,34790.512,42.5153174666667,43.9078495525338,1.30953780985511
13098,0.363467787772203,14.9099303002769,14.559693,951.21,14559.693,21.1883087,20.8958020930858,0.651758457234666
13103,0.404865417694709,28.3592374273513,19.25182,1765.36,19251.82,29.6176646666667,29.2880016024789,1.36829038101015
13116,0.305685799048532,17.5983332665918,24.169036,1206.98,24169.036,31.1581957333333,30.3776157126435,1.17664683047127
13122,0.505728826527504,62.366208097309,55.917913,4194.77,55917.913,75.1691000333333,72.8296462101658,2.00689557723226
13123,0.411411581653249,25.9409264315568,20.204056,1514.85,20204.056,29.1803754,29.3953375937826,1.41908947179422
13154,0.202846440207303,19.1611693465911,22.390582,1018.03,22390.582,28.5813454666667,29.2614862974432,1.27298534973709
13157,0.133590594166718,3.0594582525308,1.415492,226.34,1415.492,5.61336613333333,5.39237485828455,0.434505638156444
13179,0.239888548790235,12.7766662058937,6.452886,955.18,6452.886,13.9126940666667,12.9383639238271,1.15641643721483
13182,0.432791942002787,18.7761642987696,7.935919,1134.87,7935.919,16.1758221,16.1329380326186,1.13582577399142
13189,0.17647942216685,5.57135566238908,1.715675,279.01,1715.675,6.15565916666667,6.44122775534061,0.627154867885082
13207,0.354909732346653,8.24038600457121,4.442174,552.35,4442.174,10.0217649333333,9.72247626141707,1.00344778861613
13214,0.271688742026714,22.2030686018594,22.244523,1569.34,22244.523,31.2983273666667,30.0730219665764,1.14273055354081
13216,0.592361252778404,37.2736700536873,25.183802,2128.59,25183.802,36.8331368,37.3902595166431,1.46813190522838
13278,0.575582997325107,37.8928720159017,24.37423,2400.35,24374.23,37.5086153333334,36.8535973249295,1.46276394610239
13290,0.415808684997952,27.5197952495051,31.858467,1640.16,31858.467,40.3167803,40.3737568273466,1.29139091217287
13291,0.302138558171159,8.45233109174623,1.4378,556.27,1437.8,7.33808166666667,7.08424263844133,0.627154867885082
13320,0.313047629747666,20.6082623178828,14.601311,1427.59,14601.311,23.6870615666667,22.6997412185437,1.26679073706464
13327,0.458877713840767,17.4211590109049,14.048951,1156.91,14048.951,21.7914242333333,21.2146151933805,1.01125683859793
13360,0.478375073244304,27.2950676350803,34.678389,2102.88,34678.389,45.2454301,42.8420210668749,1.00344778861613
13363,0.627157512089843,42.2750884457018,31.067308,2964.42,31067.308,46.4467472,44.2358546181676,1.327436651158
13383,0.703063331230993,45.5956666036929,34.023302,2998.04,34023.302,49.2808451333333,47.9256284471448,1.47880936885539
13396,0.267226976411135,16.5158105491229,12.698311,1193.4,12698.311,20.7643799,19.7183811702281,0.869011276312887
13406,0.369852321896347,21.6994804575821,11.275658,1136.3,11275.658,19.1889755333333,20.0449311418505,1.16319899647185
13435,0.570720824569037,41.9722000523448,23.8958,2462.33,23895.8,37.3982583333333,37.6876020162269,1.62092540393562
13488,0.390691322141428,22.4036366427776,20.665773,1392.78,20665.773,28.9652257,28.7143230592611,0.971584143524735
13500,0.353115971509498,27.3101322104276,22.137159,1998.72,22137.159,33.4201631,31.5595840852326,1.12887876219315
13533,0.458477739278977,24.5264567458624,15.79217,1466.55,15792.17,24.960128,24.9861545912173,1.12887876219315
13548,0.453573016167111,24.1355526096213,11.811562,1351.52,11811.562,20.7832591333333,21.2824271089826,1.20309163416092
13549,0.561770827095517,35.8147317289808,29.610172,2689.97,29610.172,43.7173331333333,40.921721635984,1.3567434202899
13566,0.423374424356386,39.1858968737718,36.347836,3041.02,36347.836,51.5949890666667,48.0306804308693,1.42462200533674
13580,0.527163451791582,18.4467501751442,13.956016,1035.13,13956.016,21.0785860666667,21.4489069542947,0.995577488368498
13598,0.438369869186695,36.8551603290445,25.48015,2684.72,25480.15,39.9731883333333,37.5272347020038,1.61606504695553
13601,0.690768152971717,24.4466111155667,24.15192,1124.23,24151.92,30.7152496666667,32.4851774458257,0.987644473590395
13609,0.413857509666421,28.8931409673005,14.809635,1876.08,14809.635,26.1917515,25.4555451998632,1.327436651158
13623,0.283016384933923,24.1664038463227,18.542626,1667.62,18542.626,28.4744000666667,27.34994859236,1.29746807944364
13631,0.808751770525659,20.7739825892187,28.665539,1011.63,28665.539,34.1957401,35.4089197026578,1.12188873360875
13633,0.501671527657679,13.756490925249,12.447312,1033.81,12447.312,19.7139324666667,18.6370929868272,0.762966826213102
13666,0.224598730633152,7.55209583761548,7.041067,716.61,7041.067,13.2094453,11.8481100096608,0.416007476443946
13669,0.254004812592355,3.59490160217193,1.438778,279.18,1438.778,5.9073302,5.5793196966733,0.560944366804377
13684,0.2250721032579,2.41533466603933,1.729275,190.96,1729.275,5.71297416666667,5.47510124647219,0.560944366804377
13687,0.22284478878716,18.4712244895558,17.812294,1082.3,17812.294,24.7929479333333,24.9271441917623,0.979647220728549
13690,0.583569128133651,9.51848234630175,6.722895,697.11,6722.895,12.8223405,12.1713350273535,0.895756320522712
13697,0.374769912793672,25.9476335358158,17.129684,2432.87,17129.684,31.1565439333333,26.6304819961029,1.29746807944364
13714,0.214439632278771,18.0228898124263,16.797265,988.29,16797.265,23.3937035,23.8746343418522,1.30351691446933
13717,0.426913825948496,29.0914612585809,17.020498,1755.01,17020.498,27.5559998666667,27.5068011901601,1.36252913276466
13720,0.251533702228731,29.9671030103885,38.188257,1600.11,38188.257,45.8066663,46.8292332332204,1.46813190522838
13750,0.239066370427841,13.156129475486,17.025303,765.53,17025.303,22.4480110333333,22.5711728374007,0.96345358934212
13761,0.45122859205636,26.6599477418503,18.387422,1446.35,18387.422,27.1914881333333,27.9832635999736,1.26056568348512
13787,1.51824622866839,45.5201678983465,60.250866,2387.63,60250.866,69.7318677333334,71.5070314484874,1.36829038101015
13793,0.32654910265983,20.4970719746231,12.49786,934.19,12497.86,19.2447223333333,20.7721663121332,1.01900604647056
13827,0.608631417520558,16.2672646946007,13.692801,818.7,13692.801,19.7234709,20.5363729553262,0.979647220728549
13831,0.252266479274031,14.9299338428628,14.668094,924.2,14668.094,21.1463179333333,20.9995640912875,1.14959386181737
13856,0.329853817400671,18.564499373175,12.2885,895.32,12288.5,18.85547,19.9846448056843,1.04943081681142
13890,0.214961740842291,9.03674490497365,3.830062,533.87,3830.062,9.37538413333333,9.41844672054183,0.752585841462099
13896,0.240805123345843,16.2576214883223,12.231514,891.23,12231.514,18.7830509333333,19.2182252613799,1.1148548791057
13910,1.30254373618914,9.16157887893326,4.700911,44.15,4700.911,7.62892823333333,10.2409093524693,0.416007476443946
13914,0.520758075760959,36.9294670162895,14.619065,1941.49,14619.065,26.3581901666667,27.7752932750498,1.52076973354755
13966,0.931693199041274,24.9569139148244,30.021103,1518.12,30021.103,38.0326127,37.9256360135956,1.08626409539111
13979,0.396789876791731,18.0024392406231,11.830964,966.83,11830.964,18.8131559333333,19.3986237645932,0.930220996476805
14028,0.430045275499032,24.6611238250845,28.246227,2466.89,28246.227,41.3372026333333,36.2365526857762,1.30953780985511
14047,0.117294124967393,5.62500965584492,3.297193,322.37,3297.193,7.80305203333333,7.88122669331193,0.627154867885082
14069,0.254744008089807,15.6088220656063,14.174966,1091.51,14174.966,21.5669377333333,20.7662042403379,0.773208449924192
14077,0.378822039024588,29.2666373678424,21.335839,1597.7,21335.839,30.6270384333333,31.4449126840311,1.36829038101015
14081,0.216625393856869,13.6513013401036,13.166355,1006.08,13166.355,20.2177995,19.2516229154321,0.930220996476805
14082,0.780945773598899,47.7884393331779,28.832281,2540.86,28832.281,42.2468295666667,43.9334690932851,1.63060265650121
14100,0.534849639744054,26.6422119403477,14.019681,1259.38,14019.681,22.2945095666667,24.0467986015078,1.19653522767009
14126,0.355688359015419,20.8804912448145,11.390617,1264.01,11390.617,19.9522736333333,19.8945075858925,1.15641643721483
14133,0.555606881985065,27.5221218880332,20.279282,1980.61,20279.282,31.6545054666667,29.9532115852903,1.03433030556419
14139,0.785780436099743,36.5983794530126,20.62756,2824.37,20627.56,36.3273823333333,33.0803016304339,1.3567434202899
14147,0.317146968985594,12.8125984597038,6.580781,707.33,6580.781,12.7472412333333,13.0646084225082,0.803150107035793
14150,0.218794774699465,12.7627482981565,12.172174,1074.34,12172.174,19.6757132666667,18.0814085724285,0.987644473590395
14194,0.275596867537986,24.1130090858094,13.27032,1559.23,13270.32,23.1693096666667,22.5883208166009,1.14959386181737
14195,0.51673720525527,26.4135628165669,18.262864,1885.66,18262.864,29.3491542666667,27.7947820731357,1.07168270802085
14207,0.20966727914952,12.78024192951,13.402106,911.11,13402.106,19.9392970666667,19.1937703981481,0.921725649612629
14209,0.467432536148282,17.9252645696738,8.471965,1073.79,8471.965,16.3426835,16.3516005165989,0.869011276312887
14231,0.213269583658994,14.5067232396629,12.634829,745.92,12634.829,18.3952661,19.0384303042955,0.971584143524735
14235,1.7709355543605,34.7881839911362,38.005064,2711.29,38005.064,51.3828892666667,48.1588946372522,1.01125683859793
14240,0.248334051007498,12.5447880420074,9.672416,625.52,9672.416,15.1070277333333,15.7640586930223,0.878016815039115
14241,0.440165504918713,28.270750425454,27.75609,1729.78,27756.09,37.0876776666667,36.9144136318907,1.41908947179422
14243,0.383601772041938,34.523952031254,14.976446,1873.31,14976.446,26.3275697333333,27.3512265296887,1.29139091217287
14268,0.348343982015193,19.0425253247117,8.413018,1295.1,8413.018,17.4330662,16.6448990506606,1.06431710384567
14340,0.116212922418477,5.55959274570815,5.576858,308.74,5576.858,9.78432886666667,9.91264595116953,0.588323415235634
14341,0.334636916267275,10.6378269930659,10.95439,682.19,10954.39,16.5535993333333,16.3266773678504,1.01125683859793
14372,0.244877557778393,24.374767631773,31.524262,1409.52,31524.262,38.8243558,39.0980137658496,1.20309163416092
14376,0.207171946132629,17.7580466682477,17.455709,1090.25,17455.709,24.5130964333333,24.3851325671568,1.20309163416092
14386,0.304648001926597,14.2326294753743,10.986538,1107.04,10986.538,18.7775908666667,17.469999337366,1.14959386181737
14396,0.500619070870311,14.4847815421119,14.123917,979.72,14123.917,20.9434119666667,20.3718075780547,1.24170328781995
14408,0.394345428368607,27.5557235892113,22.965684,1695.49,22965.684,32.5991472666667,32.3813899126555,1.14273055354081
14419,0.157137178543365,41.066098304204,58.527775,2932.29,58527.775,70.9951625,68.5754879743033,1.41908947179422
14423,0.347885806257771,3.94382323770641,2.460329,318.89,2460.329,7.03189443333333,6.60688130368899,0.614483766408419
14427,0.653354166892386,31.9257612500396,20.461379,1609.3,20461.379,29.8999577666667,31.4822270875123,1.30351691446933
14455,0.326101904693202,22.133113465805,19.115165,1665.37,19115.165,28.9780601666667,27.2349136743995,0.859911431036055
14471,0.555881568823071,12.2252097381879,11.846119,1020.14,11846.119,19.1022304333333,17.6213221188383,0.938639457629381
14478,3.88046489568748,33.5106291790099,24.836579,1112.13,24836.579,31.2689261,35.9112161454931,0.627154867885082
14491,3.33746470317589,49.4399683997041,46.437067,2164.09,46437.067,56.1444919666667,60.2897505039083,1.28528501077007
14500,2.03703263385314,20.6193052580981,13.121261,1931.91,13121.261,24.9606699,21.3711195300104,0.78331617892563
14502,0.34266227809992,5.42757802796208,3.453883,635.19,3453.883,9.5603097,7.96104388866824,0.869011276312887
14520,0.488526636671601,6.53985662005724,4.590328,493.83,4590.328,9.8527502,9.32865075221774,0.720546085529427
14523,0.306544433861633,10.1111761820623,12.687044,650.17,12687.044,17.9475512666667,17.7228042164393,0.96345358934212
14527,0.246992442044473,15.7793957804768,22.975444,968.29,22975.444,28.8507312666667,28.7395122919478,1.20961250378808
14532,0.230847901669032,18.8214994486471,18.753089,1063.43,18753.089,25.5421684333333,25.8824449290806,0.96345358934212
14538,0.400774498011283,31.0369561104683,37.806863,1921.31,37806.863,47.1229450333333,46.8176330942452,1.44109217105885
14549,0.146590274962518,6.58425072664612,3.903322,280.49,3903.322,8.13218813333333,8.7241075252603,0.614483766408419
14560,0.316786779670327,30.9692337190032,35.609245,1801.97,35609.245,44.5284988333334,44.818782952891,1.3567434202899
14563,0.339088048002989,20.5081879114914,16.153918,920.01,16153.918,22.4619112,24.0660644525623,1.00344778861613
14569,0.486163433187962,19.709488289325,20.365832,1761.67,20365.832,30.6012104666667,27.6091901696908,1.02669676724729
14572,0.495263122248478,28.0399076086712,21.393245,1376.65,21393.245,29.5366121666667,31.1162918586881,1.09348187642427
14573,0.440448735960556,38.982237440831,39.370704,2028.39,39370.704,49.0836486,50.6881272066576,1.49468255385948
14581,0.425717266761752,28.7426443410648,23.710901,1641.91,23710.901,32.9930125666667,33.4200306457301,1.16319899647185
14594,0.702653228488515,19.243924715663,12.134248,1184.67,12134.248,20.2116182,20.0564398618556,1.20309163416092
14614,0.382233351362681,5.26488188684526,3.35035,414.54,3350.35,8.327105,7.81742838492203,0.720546085529427
14644,0.360504730221494,24.6201678714369,20.72022,1619.44,20720.22,30.1853046666667,29.4504500401454,1.23535182270088
14668,2.09069641722352,53.0807247611096,52.643341,2559.07,52643.341,63.7708685666667,67.004031575944,1.40236091701094
14670,0.336899514830022,21.0450457188439,14.860297,1760.12,14860.297,25.6382206333333,23.0682314728416,1.25430973577016
14673,1.4256473304526,30.2529429290963,22.221092,1350.73,22221.092,30.1477544666667,32.5473951080198,1.07168270802085
14674,0.384516752224617,23.8352772653612,13.646357,1220.69,13646.357,21.7586196333333,22.840657252262,1.1077763638629
14690,0.652466241811823,30.50590318966,12.729348,2114.61,12729.348,25.5518982,24.0832431887946,1.47880936885539
14713,0.466845969534468,38.8108776459939,27.057503,2187.12,27057.503,38.8218727,39.5531247702581,1.60630021407159
14722,0.54681001529079,17.0893700397961,11.700726,1015.05,11700.726,18.9450784,18.9983581123368,1.07899803327132
14725,0.288167450513474,12.8573824682706,15.47113,801.34,15471.13,21.2342736666667,21.0798055651639,0.971584143524735
14736,1.07751056589413,18.3603010426211,9.41713,652.4,9417.13,15.0161503333333,17.3371103232126,1.01900604647056
14756,0.277391020642174,15.9233909815711,10.18925,1095.71,10189.25,18.0014933333333,17.276576204287,0.88693091987139
14758,0.363585704486111,20.3692309375685,12.341374,1328.17,12341.374,21.1394482666667,20.5916981906462,1.01125683859793
14764,0.620966043228366,32.0458114861776,29.126286,1905.4,29126.286,39.2282240666667,39.3178589607151,1.36252913276466
14805,0.567318884252687,22.8622478376319,25.588829,1513.77,25588.829,34.0210911,33.2872429296659,1.14959386181737
14809,0.330115536885527,25.0977103260122,30.635473,1308.62,30635.473,37.5031290333333,38.5222159010638,1.3567434202899
14829,0.324054572132621,28.089200945059,32.999698,2006.91,32999.698,43.2387632,41.5773804929683,1.22896753281684
14840,0.0847496941012504,6.67208185292829,9.333213,344.51,9333.213,13.3498600333333,13.6382370744078,0.663718325578999
14846,0.326768111123247,20.3505670855613,17.095606,1670.27,17095.606,27.1857737333333,24.864721196524,0.946983083561294
14851,0.583636867692015,40.0648317861287,29.908958,2428.5,29908.958,42.6353122,42.5081600536999,1.40795918644407
14869,0.542944483365844,32.9893138116781,26.224894,2343,26224.894,38.8779046,36.9990918816202,1.15641643721483
14898,0.376914016730912,2.5870227734244,1.327431,143.88,1327.431,5.1080679,5.16666495976156,0.354772367948556
14910,0.223155521614371,20.8430874966633,15.836019,1172.43,15836.019,23.4799721,23.8837742239656,1.30953780985511
14914,0.905892192244593,26.4677280335652,24.39821,1491.26,24398.21,32.8332323333333,33.3333846904052,1.28528501077007
14918,0.63286472288004,27.7686366282601,27.017288,1525.17,27017.288,35.3656042,36.0938365547606,1.31553114922171
14945,0.290954863895611,29.8505189132271,45.04551,1628.06,45045.51,52.1226023333333,52.9646198631004,1.17664683047127
14958,0.188455871437543,27.132167766578,36.783564,1481.4,36783.564,43.9291076,44.6861796076392,1.25430973577016
14972,0.202014098697502,18.2349347088553,25.432355,1254.27,25432.355,32.5395145,31.7119492597452,1.07899803327132
14982,0.273092099614735,11.5493572439311,15.47698,746.02,15476.98,20.9537186666667,20.6795827456186,0.850714252903992
14984,5.56677221021742,56.4205394848577,38.975951,1910.66,38975.951,48.1200992333333,55.7387231403059,1.27298534973709
15000,0.228434420352277,53.7995320352764,83.664968,3125.44,83664.968,94.6165778666667,95.1463261309357,1.60630021407159
15018,0.355757393612053,26.4365391095855,18.259241,1114.98,18259.241,25.3640469,27.7986440239715,1.24170328781995
15021,0.297356121632632,30.758455869179,42.457165,1647.34,42457.165,49.8927051666667,50.9165698194455,1.25430973577016
15031,0.405396723564317,34.7727222811281,31.266359,1694.56,31266.359,40.0649497666667,42.0892670071497,1.29746807944364
15033,0.281169413318425,27.0138514605364,29.568135,1522.76,29568.135,37.6489148333333,38.1556154527663,1.29139091217287
15034,0.232031976290061,15.6934685012773,14.271904,863.78,14271.904,20.4775769333333,20.879688835396,1.03433030556419
15041,0.256554350195175,19.9215928473414,25.249547,1112.8,25249.547,31.6440589666667,32.0702860826758,1.05690016955527
15057,1.54804949891361,29.9157780560091,25.400094,1454.71,25400.094,33.5460862666667,35.3039757973628,1.24170328781995
15066,0.402903541972855,22.5590627977414,14.79741,1731.51,14797.41,25.433804,23.4809784672998,1.14959386181737
15076,0.603436500182033,37.470072999301,39.024904,1710.93,39024.904,47.1322186,49.9081362297833,1.23535182270088
15077,0.316055343758346,24.9452085317988,23.442929,1856.51,23442.929,33.8606044333333,32.0016507448576,1.1699422355508
15080,0.369402882069894,13.7526206144023,10.504202,764.33,10504.202,16.5728201333333,16.8870941904647,0.720546085529427
15116,0.214724622176793,8.14416898026635,7.1048,362.74,7104.8,11.4384766666667,12.0890123838826,0.742059646953489
15127,0.339441207924034,24.6267921734498,14.930598,1545.06,14930.598,24.5903482,24.2418437737694,1.26679073706464
15146,0.536297582010981,34.0293956362593,22.842587,1686.23,22842.587,32.4405166333333,34.2774409472404,1.37402747275933
15148,0.439315223695859,17.9565275566669,17.087231,814.9,17087.231,22.7588245666667,24.1150314425667,0.979647220728549
15149,0.317505632426214,14.2037037751339,12.851903,690.9,12851.903,18.3063627,19.1398608702915,0.822505898274634
15159,0.612082595398213,21.6348194992959,18.62128,1041.42,18621.28,25.309822,26.6359460447817,0.793295131271539
15173,0.403750793580456,18.8090354948629,17.706989,1037.68,17706.989,24.4676367666667,24.9370911034075,0.913151271160121
15185,0.373792082092628,24.6966108142013,11.41273,1382.68,11412.73,20.5853036666667,21.0974063524024,1.17664683047127
15211,0.217302156046658,15.2727508176097,13.671224,849.07,13671.224,19.8609632666667,20.208654353459,0.971584143524735
15220,0.405070150082561,16.7370032121214,10.335608,889.37,10335.608,17.0671255333333,17.6605181957576,0.904495613526603
15225,0.475242639380037,11.194027254358,12.949983,630.41,12949.983,18.0821030333333,18.295133148851,0.773208449924192
15233,0.380218289116049,23.2300192904795,12.119833,1696.45,12119.833,22.8428413666667,21.2791556800486,1.33334953855695
15234,0.301912118851917,2.55836308575976,1.384006,95.81,1384.006,4.91062373333333,5.20869795658552,0.376292920731049
15241,0.226910960747145,3.99412329361537,2.290057,275.64,2290.057,6.6551913,6.46922952102077,0.663718325578999
15253,0.377126155443617,17.6988160116546,13.159812,1016.12,13159.812,20.2637841333333,20.5004637636129,1.13582577399142
15270,0.201912718029712,15.1577012294953,11.74191,898.7,11741.91,18.3810023333333,18.4366063811436,0.96345358934212
15288,0.306078229863121,17.8223615459603,11.012342,942.96,11012.342,17.9530678,18.6060398792477,1.00344778861613
15292,0.142085969247308,10.9477417304393,13.533174,759.15,13533.174,19.2721316,18.7436565364362,0.742059646953489
15296,0.311539671643587,24.1565327489037,14.248747,1334.44,14248.747,22.8884789666667,23.4823974521601,1.31553114922171
15308,0.434125498342783,15.4317176697541,14.786229,899.99,14786.229,21.1275544333333,21.2614385776238,1.04190791826389
15321,0.505476207359349,17.674150964999,7.934477,1245.49,7934.477,16.7460609666667,15.7900160991497,1.26056568348512
15329,0.164291866158188,4.70711717890211,1.835339,295.91,1835.339,6.35067343333333,6.28101142545965,0.614483766408419
15333,0.196403967990244,3.2028173424738,1.161186,257.9,1161.186,5.54755073333333,5.20794077616688,0.469319728814691
15379,0.203637349321567,2.60810826238418,1.917257,287.9,1917.257,6.38301463333333,5.7040448613391,0.560944366804377
15424,0.224101916956081,4.69677161430741,1.791932,280.54,1791.932,6.23219546666667,6.2387380004353,0.501723894308066
15434,0.444075145101177,16.3832773288127,6.634391,879.17,6634.391,13.6833302333333,14.2197678719319,0.955253835210168
15442,1.13242069988763,29.4633999857986,34.877682,1553.02,34877.682,42.5838504666667,43.6935677955975,1.30351691446933
15443,0.106910896926026,29.3345716281816,50.70095,1742.42,50700.95,57.8033583333334,57.8945722047363,0.878016815039115
15485,0.0924363831820953,3.45285480194088,1.498478,170.11,1498.478,5.39753186666667,5.58901518860168,0.517165152782097
15510,0.355862914097131,11.0640080525521,5.207193,470.45,5207.193,10.2871320333333,11.2863161962912,0.971584143524735
15512,0.192952557338135,11.0516733077531,8.855419,484.72,8855.419,13.6442637666667,14.5658958254035,1.02669676724729
15521,0.17580349247581,3.91496633664445,2.36489,245.35,2364.89,6.56604266666667,6.51204056435978,0.560944366804377
15522,0.574400654052514,16.642949343719,7.304424,1198.28,7304.424,15.9350949333333,14.9032958965529,0.895756320522712
15535,0.403677056813275,5.26945006976497,3.353257,784.54,3353.257,10.2413879666667,7.82146082162714,0.850714252903992
15553,0.307688152046864,18.6879805003425,10.562618,916.2,10562.618,17.4100562,18.4696301551062,1.02669676724729
15559,0.475619466757632,22.6739914931566,13.164163,1057.69,13164.163,20.4824783666667,22.0466840628785,1.04190791826389
15563,0.271281031135854,1.68446578921457,0.664637,67.6,664.637,4.11743996666667,4.29035769465652,0.280472183402189
15587,0.341050252970768,46.2342901004535,30.340742,2651.31,30340.742,44.1751028,44.8092977311406,1.6781520535141
15620,0.318554306878013,21.6594825921999,20.893163,1640.72,20893.163,30.4509000333333,28.688286303582,1.25430973577016
15640,0.423077082848081,11.0348137025707,6.715995,535.92,6715.995,11.9833155,12.6351877477969,0.895756320522712
15643,0.117243750485197,3.21494586221046,1.315545,185.77,1315.545,5.31380216666667,5.35062371728524,0.485792071762367
15644,0.122404289016879,16.0228000711474,20.888508,947.91,20888.508,26.8671922,26.9367252220557,1.12887876219315
15646,0.137506440625228,6.69416158642591,3.146485,389.04,3146.485,8.0118765,8.07702659179203,0.752585841462099
15665,0.302716798208396,2.83555146174186,1.611777,153.3,1611.777,5.4126493,5.49962025313998,0.396647565635769
15669,0.150269048752837,8.95376670350205,7.269334,603.02,7269.334,12.8280039333333,12.4880682780856,0.803150107035793
15691,0.512841952718699,13.3919794390313,8.612106,501.96,8612.106,13.5143554,15.0724090260997,1.05690016955527
15695,0.536353285398319,17.1092870161622,13.894407,2668.27,13894.407,29.4610279666667,20.9788452750103,1.30953780985511
15715,1.03596616097796,33.5983076310695,27.254849,1837.46,27254.849,37.1929074333333,38.1148394656316,0.979647220728549
15722,0.315701761427821,18.9149275585095,8.454205,968.5,8454.205,15.7827011666667,16.6424120431379,0.979647220728549
15735,0.307770777989371,13.3352898711605,6.11042,641.4,6110.42,11.983278,12.8033178600598,0.88693091987139
15743,0.467323665780093,15.7674457548461,11.368062,926.97,11368.062,18.1906008,18.2891639840023,0.930220996476805
15754,0.46202304563004,43.8031446779816,22.289648,2794.15,22289.648,37.6671248666667,36.8096580501743,1.6592958139475
15759,0.494318492532093,16.9929099329367,10.029967,936.96,10029.967,17.0379303,17.4647723792104,0.913151271160121
15761,0.555417515587424,30.5166555984054,20.690379,1526.78,20690.379,29.6797044333333,31.2515043355057,1.1699422355508
15772,0.396530022205926,26.3695768212982,28.251261,1382.41,28251.261,35.7385865666667,36.7707037146024,1.03433030556419
15822,0.37217408039953,16.4215001090532,10.939892,953.12,10939.892,17.9403561333333,18.1065678338065,0.995577488368498
15829,0.321698752186053,17.3731428385145,16.376013,1075.58,16376.013,23.4655750333333,23.2940859799395,1.1148548791057
15832,0.249478074041079,19.9088875312918,12.173837,977.26,12173.837,19.1756299666667,20.2982084347005,1.39109679149038
15834,0.621980911744665,41.4386646412308,25.73317,2800.98,25733.17,40.801583,39.1758390387815,1.46813190522838
15836,0.345394339377474,29.3832891039167,20.513915,2094.38,20513.915,32.4534868333333,30.7413431222142,1.25430973577016
15838,0.758337872778632,31.3842558502927,22.284544,1605.76,22284.544,31.5225162666667,32.9552089135908,0.979647220728549
15839,0.395426766018516,27.4152405842868,14.972945,1140.81,14972.945,22.5398355,25.1443750811289,1.26679073706464
15840,0.212726463860721,21.464184652201,23.433175,1065.09,23433.175,29.7628225,30.9137547421823,1.23535182270088
15855,0.408127374771148,25.3275253604838,14.404061,1449.31,14404.061,23.6217565666667,23.98518776175,1.31553114922171
15858,0.405469157024679,30.7825914755373,21.286278,1741.13,21286.278,31.3234885333333,31.8702535574166,1.37402747275933
15859,0.230533581085314,25.2352438155346,23.267144,1299.37,23267.144,30.8238412666667,31.9333551828157,1.35093292926313
15867,0.421862887685383,33.1747647434668,34.10521,1644.87,34105.21,42.363184,44.1488660704747,1.27298534973709
15868,0.352075157459347,16.1441847261646,11.814338,636.12,11814.338,17.0895242,18.807601465111,0.88693091987139
15898,0.523094768477174,21.9709122478451,19.473282,937.39,19473.282,25.5391354666667,27.506936596832,0.987644473590395
15933,0.191575480741771,4.83312756304452,2.74983,236.01,2749.83,6.864232,7.1431165445438,0.752585841462099
15944,0.339187084923622,14.571359916316,14.162477,954.35,14162.477,20.8470376333333,20.433350874058,1.00344778861613
15946,0.229438288751405,32.6525749057343,44.646556,1749.4,44646.556,52.3904670666667,53.4741986207776,1.48411929390698
15959,0.790575232390833,65.3520279527123,87.816065,4193.27,87816.065,103.869686833333,102.463587165341,1.89396616712259
15963,0.0967317089621769,2.63080333868013,1.612811,163.63,1612.811,5.46695156666667,5.43707893499084,0.452247806763302
15971,0.379449401200385,7.04858704839572,4.112932,417.56,4112.932,9.02903213333333,9.05670078500267,0.832014952887892
15987,0.201158519109363,9.74510403723206,9.081033,559.01,9081.033,14.2311480333333,14.3639119515419,0.88693091987139
15999,0.168517848918027,3.28141280648009,1.810782,238.43,1810.782,6.03159213333333,5.81694177000883,0.469319728814691
16007,0.244043246886102,9.86383007422551,7.029548,587.22,7029.548,12.5305632,12.5543805230099,0.979647220728549
16009,1.80348986152467,47.8950793415041,31.503575,3400.84,31503.575,49.0942241666667,46.3706920958663,1.97926737809399
16011,0.588455734703454,10.7150372685484,5.59951,577.8,5599.51,11.194859,11.53122055325,0.762966826213102
16018,0.358494873886746,22.6350820834455,19.746835,1251.19,19746.835,27.4066331666667,27.9590269458681,1.30953780985511
16031,0.478798161574413,2.84550938442791,1.840803,214.62,1840.803,5.9355927,5.70883060917265,0.469319728814691
16040,0.399911066549974,18.7854513496234,18.451648,973.01,18451.648,24.8037015333333,25.5999731183833,1.20309163416092
16061,0.134685879167177,9.40540108604865,12.126402,630.92,12126.402,17.3435151333333,16.9994361366751,0.773208449924192
16065,0.169544673618056,8.27909374392439,9.425019,543.39,9425.019,14.4600321,14.2190361606166,0.812885615301491
16086,0.339613890320015,20.5930447430053,17.064336,943.8,17064.336,23.4042024,24.9117462703316,0.995577488368498
16091,0.251954431584417,21.6850572412474,15.849678,1018.7,15849.678,22.6979935333333,24.1570779447867,1.02669676724729
16097,0.378421218180675,14.7649692484659,12.919935,792.62,12919.935,18.8931448333333,19.3750819670244,0.946983083561294
16137,0.269324390752604,16.5373067435977,14.311969,883.21,14311.969,20.6140237666667,21.1773371905153,0.930220996476805
16148,0.798012773907398,38.6196707046493,31.9521,1771.94,31952.1,41.0819133333334,43.8989879184413,1.42462200533674
16152,0.348775426566467,18.7937125710917,11.61998,893.24,11619.98,18.2430553333333,19.4540328970384,1.07899803327132
16170,0.311390947382762,13.5523251352706,10.2868,876.24,10286.8,16.95536,16.6293407919339,0.675466464631567
16180,0.201905390862612,5.48873331253046,1.993655,198,1993.655,5.9872895,6.66579682688444,0.663718325578999
16184,0.651922594353855,50.7659392881785,24.540396,2264.45,24540.396,36.9560147333334,40.9937975793353,1.69679875979549
16197,0.583522042553073,35.3020524525603,24.365656,1839.78,24365.656,34.6046204,36.0427266602937,1.24802242933184
16199,0.279993444980522,21.6844211731511,15.660375,1281.81,15660.375,23.8870225,23.9865080636769,1.18331343810106
16205,0.495515354418878,36.0321336956244,18.629671,1607.54,18629.671,28.2423272333333,31.1066653456436,1.46813190522838
16214,0.304014282237147,14.0741144172387,13.093089,764.42,13093.089,18.9032834333333,19.316755569344,0.96345358934212
16219,0.378105835833983,10.8576304514335,4.030156,817.68,4030.156,11.0218204,10.1630058399444,0.878016815039115
16229,0.296889551259377,17.0870369374142,14.97368,871.06,14973.68,21.1467886666667,21.9432934505984,1.04943081681142
16238,0.80203432888479,41.3944767638567,22.71378,2462.64,22713.78,36.336042,36.4446897967956,1.46276394610239
16239,0.209761333256647,7.93827775767047,4.164787,470.02,4164.787,9.34674496666667,9.37917440487785,0.803150107035793
16244,0.668325226849554,37.46141923775,25.073601,2486.75,25073.601,38.5844492333333,37.3492808637025,1.29139091217287
16245,0.452987686176176,36.9665954315227,32.927302,2010.8,32927.302,43.1937051333333,44.264216383772,1.2791499637563
16260,0.377863281275585,24.7871154982268,17.536389,1388.08,17536.389,26.1244967666667,26.6367559044503,1.327436651158
16264,0.361186921603099,17.1918732306245,9.794728,1107.72,9794.728,17.7084752,17.3147359014936,1.12887876219315
16273,0.43203096720726,32.5790060897542,25.067281,2007.52,25067.281,36.1027395666667,35.8300447878238,1.30953780985511
16296,0.311632015661029,12.7314537647154,5.916103,1045.5,5916.103,13.8962427,12.4412433670618,0.762966826213102
16303,0.30921885908171,27.8010473893358,23.235261,1507.59,23235.261,31.8709499,32.7000595906941,1.12188873360875
16322,0.42142853115363,25.5512859659595,22.935163,1354.09,22935.163,30.8077783666667,31.7325453494474,1.31553114922171
16327,0.566443182599866,18.6169269533172,16.154973,1054.27,16154.973,23.1565373666667,23.4807230555283,1.04190791826389
16345,0.228135416025146,16.2058553237354,24.279024,900.49,24279.024,29.6736532666667,30.044936750358,0.752585841462099
16349,0.336703849848646,19.7678447257515,15.766355,1136.92,15766.355,23.2338061666667,23.487751364983,1.15641643721483
16357,0.26453660539724,24.5430351594737,14.807466,1556.19,14807.466,24.5370344,24.1050602994369,1.39674020935437
16358,0.25079830296648,13.0298472286493,15.345097,706.42,15345.097,20.6304239666667,21.0198399408813,0.762966826213102
16371,0.164374219422732,13.439833231854,14.44272,756.68,14442.72,20.0779613333333,20.3347963018748,0.841416550206566
16375,0.501275770732521,22.4939420070429,18.248406,1125.39,18248.406,25.4080804,26.5666874221833,1.09348187642427
16399,0.290603997874047,15.6329218382618,9.453195,903.33,9453.195,16.3450805,16.5240812698612,1.09348187642427
16400,0.396591000361434,22.8218788648656,23.451787,1166.48,23451.787,30.3034216333333,31.3513907481083,1.24802242933184
16401,0.377470290514405,23.0745114517072,14.96506,1372.18,14965.06,23.7281506666667,23.7916525500292,1.01125683859793
16414,0.463523665628399,14.5167414097858,11.252046,1170.87,11252.046,19.3463364,17.7970312370336,1.15641643721483
16445,0.311211357431581,14.1146997446813,7.306131,886.98,7306.131,14.3282479,14.1210748208512,0.859911431036055
16462,3.7530732054415,59.7209222758994,47.734782,2643.18,47734.782,59.7877338,64.6447897055288,1.54641689984838
16463,0.662082833665213,37.5728601175322,24.736775,1826.55,24736.775,34.8702725,37.080684136435,1.29746807944364
16468,0.380744021509145,21.6828840088095,11.207585,1051.07,11207.585,18.6873548333333,19.9785205427309,1.04190791826389
16479,0.387564827217954,25.5823146920026,15.100409,1350.45,15100.409,23.7376931,24.6908856545208,1.24802242933184
16486,0.595627864839678,28.3562512790977,12.274269,1633.66,12274.269,22.6574187666667,23.0072799965203,1.22254990392435
16487,0.274370956185963,19.9636209499516,21.985432,895.99,21985.432,27.5861704666667,29.145611294485,0.913151271160121
16494,0.325746536679183,27.8583757502307,20.177315,1290.83,20177.315,27.9988718333333,29.9656799825715,1.33923632011028
16505,0.332322144167091,24.4579769697644,16.382484,1363.57,16382.484,24.9593472666667,25.496208460627,1.13582577399142
16516,0.395202409870562,27.6061235940444,20.665662,1523.6,20665.662,29.6410291333334,30.3269941141538,1.1699422355508
16537,0.352899664116275,13.6484710737845,9.187671,837.78,9187.671,15.7674339,15.6699299328732,1.03433030556419
16543,0.454207959990264,33.7204997453701,27.008215,1769.96,27008.215,36.6221868333334,37.9307484210647,1.36252913276466
16550,0.523928048544799,41.8787378838182,52.287525,2073.74,52287.525,60.9430958333333,63.2111812439837,1.45196849268573
16563,0.248607972584782,20.8013444402827,29.544138,991.16,29544.138,34.8807175333333,36.2081409764876,0.841416550206566
16564,0.123765677565721,4.8671625948675,4.022617,293.76,4022.617,8.3081153,8.29917570440892,0.60154581708046
16565,0.735995458244573,46.3376743226595,40.921247,2864.77,40921.247,54.8004339666667,54.3638013400244,1.41353528425177
16566,0.43826012966146,19.1641396665342,8.444689,813.64,8444.689,14.9740267666667,16.7111033966256,1.14273055354081
16608,0.50710919707146,22.0158933848986,15.551466,1209.32,15551.466,23.4144727333333,23.9912463493186,0.895756320522712
16612,0.119940620042765,5.23120304448282,2.656123,336.29,2656.123,7.29800903333333,7.18218364378968,0.501723894308066
16630,7.38526367847399,23.2138357907008,15.017381,1628.17,15017.381,25.0978545666667,23.8819319951172,0.869011276312887
16642,0.213032332682325,12.0604705742954,5.690727,672.97,5690.727,11.7686659666667,12.0304001780316,1.02669676724729
16650,0.451880858209447,4.02343516373953,1.972804,170.76,1972.804,5.8277836,6.19278850075925,0.485792071762367
16678,0.065654529635764,3.71378051020341,2.022287,203.04,2022.287,6.0390983,6.14133025816306,0.560944366804377
16688,0.144664022649628,5.78479230969153,5.536888,455.74,5536.888,10.5078558666667,9.94648481600438,0.687013736379663
16693,0.0810521123108452,3.49237155128129,0.962414,165.11,962.414,4.88924093333333,5.1188077808972,0.469319728814691
16700,0.476727707904131,20.8939112324425,12.239214,869.6,12239.214,18.6782259333333,20.6624050820572,1.12188873360875
16739,0.236890255063058,5.93542256595852,2.301919,246.58,2301.919,6.51572376666667,7.08170809544714,0.663718325578999
16762,0.253259805620328,5.62561779373729,3.086945,277.19,3086.945,7.38039883333333,7.69219201605856,0.675466464631567
16773,0.210438957836767,2.09990225538331,1.223658,106.22,1223.658,4.82009553333333,4.92226189916883,0.416007476443946
16783,0.215414925150512,23.1392926781814,29.695441,1300.08,29695.441,36.6129769,37.0690776302362,1.22254990392435
16789,0.198724725295515,12.4061451248775,18.524495,756.83,18524.495,23.7523338333333,23.687950488712,0.614483766408419
16803,0.324984913527913,15.6572248133469,13.388104,801.24,13388.104,19.3590336,20.0730332921375,0.904495613526603
16812,0.333518552753851,6.31364918522097,3.629502,364.14,3629.502,8.3179418,8.3937830474185,0.469319728814691
16845,0.463044947182177,17.9796944082667,18.927774,1546.98,18927.774,28.1977266,25.7787018665627,0.930220996476805
16862,0.134085675545507,7.0083818916668,4.125933,390.81,4125.933,8.9025247,9.05593808641671,0.742059646953489
16863,0.08376857774416,5.41705176313312,4.169948,363.47,4169.948,8.80088153333333,8.60223924657127,0.614483766408419
16869,0.121014555741521,6.13671720279585,4.305567,59.3,4305.567,7.35139363333333,8.94739263286671,0.331859162789499
16870,0.247924677400547,5.4530352133212,4.695495,136.94,4695.495,8.10346883333333,9.08638641612957,0.280472183402189
16873,0.366812571300782,20.4111934290698,12.134789,1264.58,12134.789,20.6249734333333,20.4187800630116,1.26679073706464
16875,1.71300958481369,30.4670366583592,24.724621,1572.44,24724.621,33.5464322333333,34.8669402640913,1.18994269690731
16896,0.624484779932304,6.73863411145477,9.15836,308.36,9158.36,13.0057173333333,13.501500574551,0.762966826213102
16904,0.473325648933822,29.3470309724031,24.362995,1413.96,24362.995,32.4021555,34.194275101445,1.40236091701094
16906,0.228380289279135,5.9277567354429,7.138234,492.96,7138.234,12.1413706,11.4320151879873,0.416007476443946
16912,12.4104651633366,48.281388564426,24.839574,1778.03,24839.574,34.7121049333333,40.4928470549721,0.250861947154033
16913,0.156495125038548,14.0572775320829,9.062388,870.96,9062.388,15.8261092,15.6839052349457,0.987644473590395
16918,2.18871860147629,26.7931614912644,16.948951,886.88,16948.951,23.0062692333333,26.729935962292,0.850714252903992
16919,0.350958019627146,23.0567895108323,14.679811,1716.96,14679.811,25.2527899,23.529434648358,1.20961250378808
16924,0.142394019775363,3.69014516047733,1.306807,331.72,1306.807,6.06001296666667,5.49007129974797,0.588323415235634
16925,0.19681331563289,5.43474378899153,2.09098,378.26,2090.98,7.00622533333334,6.73665257458737,0.546740938212135
16926,0.249667308253168,15.909026478773,8.219073,1113.2,8219.073,16.3186990333333,15.4989639084196,1.12887876219315
16960,0.18555009051211,11.5345646509753,11.945214,679.48,11945.214,17.4313392666667,17.4964076418023,0.913151271160121
16962,0.550282657919031,7.44717586481104,3.504033,483.62,3504.033,8.82233303333333,8.63225421809142,0.651758457234666
16967,1.08291802027958,8.32965298342981,4.269327,239.07,4269.327,8.2475893,9.59458672486324,0.546740938212135
16968,0.268930700484532,8.59402423721769,4.768417,378.97,4768.417,9.41958696666667,10.1257228135375,0.793295131271539
16972,0.222781775661625,13.2301502978237,12.092623,772.43,12092.623,18.0442490333333,18.1547072923254,0.878016815039115
16982,0.0892165762421575,3.69905730828736,1.558753,247.79,1558.753,5.85312603333333,5.71958546556908,0.517165152782097
16983,0.183817207269179,12.8952844943046,11.285752,735.51,11285.752,17.1273118,17.3247149932344,0.850714252903992
16987,0.521725654050725,25.0600379167484,8.180328,1483.6,8180.328,18.1975618666667,18.300906954192,1.05690016955527
16997,0.143699075894696,3.16271536914844,1.809389,194.84,1809.389,5.80512343333333,5.77889186443602,0.396647565635769
17011,0.554609480404663,12.8712919535592,6.575256,768.74,6575.256,13.0595537333333,13.0778309056034,0.793295131271539
17018,0.46488097436344,31.9461799125176,53.714043,1827.42,53714.043,60.9543087,61.4159544728804,0.88693091987139
17026,0.268361753454868,16.8317185994789,10.256872,966.88,10256.872,17.3967314666667,17.6190175658385,0.88693091987139
17045,0.0779658841157041,3.32822875004895,3.656436,237.12,3656.436,7.6859124,7.49254331251517,0.546740938212135
17058,0.474685053956422,4.54465202912056,3.253774,325.86,3253.774,7.7820066,7.50723872902737,0.546740938212135
17065,0.30628062487779,10.0804073146949,10.711132,904.93,10711.132,17.4854904666667,15.9349450675554,1.03433030556419
17086,0.461815585123093,14.129419192431,5.955167,1094.93,5955.167,14.1867886333333,12.9097702496536,0.88693091987139
17103,0.228137680277643,19.7566779235698,16.670216,1174.65,16670.216,24.2422194,24.2977645563066,1.31553114922171
17110,0.491943608896327,5.57303068402058,3.373154,461.59,3373.154,8.59072026666667,7.93347811204638,0.698370104677186
17139,0.461602575243423,8.26338225524376,4.463249,482.47,4463.249,9.67968576666667,9.74857259912556,0.698370104677186
17191,0.544357649663168,3.37292471949751,2.414868,176.15,2414.868,6.25348953333333,6.38898786304423,0.416007476443946
17194,0.474365575629235,36.5096936289579,27.13881,2202.8,27138.81,38.9760623333333,38.9129340249769,1.47348030875271
17200,0.202487813020924,14.9387932198943,15.610964,989.26,15610.964,22.3310442666667,21.8508934981672,1.08626409539111
17208,0.218507572367164,3.18827304028823,1.45254,473.03,1452.54,6.92127433333333,5.46565064248935,0.331859162789499
17224,0.39385167404677,41.5882864943354,45.068422,2241.36,45068.422,55.3119398,56.623948613244,1.42462200533674
17240,0.222814076630815,8.68909075087706,7.959024,482.27,7959.024,12.8248499333333,13.0267397327719,0.904495613526603
17245,0.328520431323128,17.0539879793838,9.763577,807.01,9763.577,16.1267709666667,17.243955573609,1.12887876219315
17246,0.203547588370617,15.7533446926833,10.647533,991.15,10647.533,17.8737213666667,17.6363165547318,0.930220996476805
17259,0.0973351354415314,2.60825297111644,1.302519,161.42,1302.519,5.17627043333333,5.1508255210461,0.501723894308066
17263,0.575109574640511,9.7023798769487,8.431591,323.7,8431.591,12.4308819,13.7661696618541,0.588323415235634
17266,2.63188854710835,33.5658463338375,34.84516,2178,34845.16,45.783644,44.9360563634896,1.03433030556419
17280,0.352777136469336,9.28955784849333,5.757599,538.15,5757.599,11.1322807666667,11.2316020330329,0.859911431036055
17295,0.174765915146307,8.73540218163822,6.726088,359.7,6726.088,11.0819292,11.9314538763079,0.720546085529427
17302,0.120519685649164,2.15071954437471,1.262741,188.45,1262.741,5.28012523333333,4.97318995875616,0.452247806763302
17337,0.590724734968097,4.49183233031537,3.050202,472.03,3050.202,8.35400346666667,7.30764982239776,0.560944366804377
17375,0.254779739268531,15.0219212610305,21.576517,964.31,21576.517,27.5711336333333,27.2456608909195,1.10065232621424
17380,0.279212808830719,2.85565599654117,2.044526,265.26,2044.526,6.3805834,5.89532675892776,0.574796930908684
17382,0.201333128161003,9.06097991911208,10.165249,561.08,10165.249,15.2176374333333,15.1276278749247,0.930220996476805
17392,0.385467870651388,4.27793908858499,2.722301,357.29,2722.301,7.46606923333333,6.94623201746135,0.627154867885082
17393,0.578477388958376,6.49151521574221,4.130928,327.55,4130.928,8.58017686666667,8.90020491688009,0.651758457234666
17394,0.45415414837381,5.3951043162355,3.862661,353.6,3862.661,8.47332823333333,8.318877238033,0.687013736379663
17398,0.584858676961232,12.7299002260638,7.676867,1635.31,7676.867,18.5282819666667,14.0254493700798,1.07168270802085
17424,0.202735243723673,3.81781196426025,1.843335,250.33,1843.335,6.12237316666667,6.01252320892068,0.574796930908684
17428,0.250050032910504,14.8908141603403,8.550788,915.21,8550.788,15.5942942,15.4818615897055,0.938639457629381
17440,0.120504079412098,2.99254703032022,1.657202,179.9,1657.202,5.59096513333333,5.58917137939927,0.434505638156444
17468,0.323823197142817,3.54369748303772,1.807399,178.43,1807.399,5.71854743333333,5.89520531974169,0.532158551922834
17478,0.905979523738607,47.4526335775569,45.65709,2659.34,45657.09,58.0013043333333,58.9716974090426,1.42462200533674
17487,0.0900489120736799,3.75493473240177,1.584548,221.19,1584.548,5.7389082,5.76012296704455,0.532158551922834
17508,0.375303055560087,5.70062486641543,2.669097,307.9,2669.097,7.16300396666667,7.33938100858878,0.663718325578999
17523,0.291084931307665,11.1088710864962,5.371609,696.31,5371.609,11.6020497666667,11.4481981368138,0.841416550206566
17527,0.459726716766622,8.30802884219354,3.498154,464.92,3498.154,8.72042526666667,8.89382754108,0.627154867885082
17528,0.206294950412352,16.1983366584638,14.742651,995.04,14742.651,21.5794259,21.4598702641238,0.955253835210168
17534,0.133768257398617,1.48897399982049,1.387033,118.55,1387.033,5.03083803333333,4.87991163994435,0.30724188320421
17555,0.153594381737239,3.9693176449897,2.156715,201.46,2156.715,6.15192016666667,6.34153196994681,0.469319728814691
17560,0.669903245564357,25.1314689613959,17.58608,1497.11,17586.08,26.7325403333333,26.7882273780327,1.44654055408744
17574,0.500442383374617,6.69765623378881,3.445735,320.43,3445.735,7.9267165,8.34743493247453,0.675466464631567
17591,0.333555233650619,15.3997771489115,14.387933,738.23,14387.933,19.9333280333333,20.8930706161626,0.979647220728549
17592,1.19821265357656,17.1106491598827,11.677687,720.01,11677.687,17.3999699666667,18.9842195395636,1.02669676724729
17595,0.277553340834599,14.9856038316147,12.017906,819.94,12017.906,18.2224720666667,18.6316525878005,0.841416550206566
17618,0.244537433187511,6.08006879036915,2.655234,287.81,2655.234,7.04672893333333,7.44453192501444,0.588323415235634
17649,0.168917169269375,4.17775961955696,1.333935,254.01,1333.935,5.6829265,5.66564698206266,0.452247806763302
17668,0.171328135526506,3.89253180003563,2.277714,285.4,2277.714,6.69450926666667,6.42662745801105,0.560944366804377
17678,1.45384923855121,9.36314322614508,6.299656,431.78,6299.656,11.0705537333333,11.742264800105,0.60154581708046
17683,0.258251045806155,3.15081297175071,1.641907,186.24,1641.907,5.6099563,5.62446832124272,0.452247806763302
17692,0.134813585464609,7.01167906188214,4.124802,374.17,4124.802,8.81553346666667,9.05594230918346,0.731381973051195
17721,0.22758161743358,15.8233804473101,12.930879,851.02,12930.879,19.2047277666667,19.7130390386661,0.971584143524735
17730,0.295048346705785,7.49641394517727,4.6262,430.59,4626.2,9.558295,9.65746832300495,0.651758457234666
17732,12.5365971795372,54.4391740400082,29.3943,1681.2,29394.3,38.31107,46.5010139524025,0.546740938212135
17747,0.0727798866528019,2.47112927937371,1.361228,151.05,1361.228,5.1755302,5.16115527660585,0.452247806763302
17755,0.416110675352229,19.1520629030756,15.730965,1101.92,15730.965,23.0211218333333,23.2650079999535,1.03433030556419
17756,0.372736701666799,8.93395431178533,3.782861,478.54,3782.861,9.04703156666667,9.34410073665345,0.742059646953489
17774,0.294718545358804,15.4878507752202,12.561089,1031.24,12561.089,19.8030534333333,19.2762138403183,0.859911431036055
17780,0.329532781610052,11.5350399790374,5.366646,782.01,5366.646,12.0403664,11.5758437935016,0.850714252903992
17785,0.220067811193414,9.66617156260193,6.614224,629.72,6614.224,12.3763549333333,12.1193147844066,0.752585841462099
17791,0.549240272908494,14.1579974703822,11.34758,650.92,11347.58,16.7459086666667,17.7718012158185,0.955253835210168
17799,0.451777021148486,35.3991906301163,20.239435,2114.89,20239.435,32.3124231666667,32.3592405953361,1.46813190522838
17803,0.681905362781039,37.6876827386098,28.070624,1876.26,28070.624,38.1275716,40.116743248969,1.22896753281684
17810,0.446407988231618,15.3067008158331,9.287029,677.37,9287.029,15.0280711,16.2734033529083,0.78331617892563
17836,0.125476030852532,6.92591599882872,8.299459,481.9,8299.459,13.1293297666667,12.7865470596369,0.663718325578999
17838,0.103645472735367,4.86666966505995,1.724437,268.57,1724.437,6.10960496666667,6.23066089616858,0.501723894308066
17840,0.200396928127263,8.19004815637329,3.83955,476.17,3839.55,9.08580666666667,9.16450992847572,0.742059646953489
17842,0.462301817722852,8.29564758415027,4.473715,456.74,4473.715,9.55616683333333,9.76799425108658,0.687013736379663
17859,0.576044034945068,22.5550819253675,11.19184,1098.53,11191.84,18.9183943333333,20.2347313968639,1.07899803327132
17885,0.150177935778079,3.93639632030969,3.748733,225.67,3748.733,7.70982136666667,7.764142559296,0.588323415235634
17886,0.175552397242557,3.99115275232932,1.900781,330.94,1900.781,6.59055956666667,6.11796025322209,0.574796930908684
17897,0.691249749913332,6.43380272493437,3.008664,223.67,3008.664,7.03342593333333,7.87227644472966,0.501723894308066
17904,1.28588659205157,21.6486681022362,20.608989,1135.92,20608.989,27.5870101,28.4291772116932,0.878016815039115
17914,0.280736952282925,15.0354013601424,13.99727,1008.5,13997.27,20.9781263333333,20.4285174216441,0.921725649612629
17926,0.234030636253541,18.3186528045132,20.721498,1157.97,20721.498,27.8021932,27.4981305693991,1.30953780985511
17928,0.322875917920215,16.6882519784988,15.416428,744.67,15416.428,20.8922468666667,22.2181433133346,0.987644473590395
17942,0.520904433047344,28.5325914659667,20.269226,1643.53,20269.226,29.9038750666667,30.2574067544497,1.24802242933184
17947,0.10968702650267,6.05027899572479,3.198161,291.47,3198.161,7.55427323333333,7.92393138867468,0.752585841462099
18012,0.240899737006155,18.1039627754159,12.203875,983.92,12203.875,19.2370741666667,19.7657159603789,1.03433030556419
18015,0.452252290237882,2.74613960585599,1.609462,111.36,1609.462,5.1938758,5.46981907781536,0.30724188320421
18019,0.803194531881898,14.9660284242082,14.002072,956.13,14002.072,20.7118698,20.4113336115046,0.946983083561294
18035,0.390437850199442,20.2527888652371,13.449693,1105.16,13449.693,20.9847170333333,21.5530882482235,1.18331343810106
18037,0.226301633686239,9.14823116263751,12.421686,532.8,12421.686,17.1023174,17.1854690604176,0.904495613526603
18058,0.419721769784447,30.8708365876658,14.287988,2024.48,14287.988,26.4890025333333,25.5991485421764,1.12887876219315
18062,0.427061260033116,10.8478207051599,5.616126,633.94,5616.126,11.4998700666667,11.5873378185996,0.773208449924192
18075,0.396063213792383,21.1736302652303,13.24486,1377.84,13244.86,22.209214,21.6541993822214,1.1077763638629
18081,0.251133370970799,16.8958878638694,17.476681,869.55,17476.681,23.3916879,24.1367381377995,0.955253835210168
18086,0.179731698130039,6.35030281912007,2.645226,344.48,2645.226,7.33051673333333,7.51929727392722,0.627154867885082
18099,0.360299395860679,6.03344226662074,3.263094,320.87,3263.094,7.76461293333333,7.97715170265243,0.485792071762367
18110,0.259086189298157,5.43540197399077,2.759304,653.85,2759.304,9.0315986,7.33834821193714,0.663718325578999
18111,0.362058582422196,5.75751639998924,2.811127,799.78,2811.127,9.83221096666667,7.48484438399667,0.560944366804377
18114,0.116265079293633,4.25441098991754,2.987721,291.58,2987.721,7.36544556666667,7.17781630687444,0.501723894308066
18122,0.71450630598128,8.26476872431362,3.762407,239.6,3762.407,7.79409963333333,9.11824460453722,0.651758457234666
18129,1.18253692775205,5.8198114889868,3.583918,218.08,3583.918,7.52227286666667,8.19966776158591,0.396647565635769
18153,0.185376034114261,16.9304593727799,26.93,1115.24,26930,33.1690733333333,32.6554424055618,0.687013736379663
18160,0.407008584304171,22.082420169719,9.323845,1270.89,9323.845,18.1277255,18.4070107526129,1.03433030556419
18163,0.285241768866267,24.7601604922299,16.675385,1532.7,16675.385,26.0967965,25.8534962525913,1.24802242933184
18175,0.268471204890342,7.10654265036701,7.157236,380.72,7157.236,11.5785657333333,11.8145406216138,0.663718325578999
18206,9.28279653265345,121.492338230515,65.832156,2065.47,65832.156,73.0905354,100.08156525146,0.88693091987139
18213,0.0667759011305115,2.39753129815045,1.281378,171.34,1281.378,5.20849686666667,5.06647490242664,0.60154581708046
18218,0.271797986901459,6.76501029312124,3.421536,475.88,3421.536,8.70809573333333,8.34653559086758,0.762966826213102
18227,0.0311191129303513,1.0859927327382,0.78346,67.94,783.46,4.22613733333333,4.21177174714884,0.331859162789499
18229,0.120874861452242,4.10560918365583,2.120522,234.11,2120.522,6.28803813333333,6.35120864693331,0.501723894308066
18249,0.371119534044888,43.2290951633299,28.667634,2587.68,28667.634,42.3405506,42.3718901006323,1.5964756557685
18269,0.269567321631414,5.88322784717841,3.947906,370.32,3947.906,8.6364354,8.54691603262531,0.78331617892563
18295,1.73181254730823,27.8217870355311,26.549078,1080.89,26549.078,32.6487685333333,35.6889241810146,0.78331617892563
18308,0.197687092191993,2.54165214486546,1.566877,192.26,1566.877,5.57353263333333,5.36810146490829,0.396647565635769
18321,0.238175297288648,19.9640327234735,11.68539,978.18,11685.39,18.740781,19.8757011442768,1.2791499637563
18342,0.0889207392255005,2.22540196536288,2.144791,191.77,2144.791,6.09112356666667,5.79018650926249,0.376292920731049
18352,0.751277650246474,38.5149296962925,20.946453,2589.47,20946.453,35.4007360333333,33.9614359058507,1.35093292926313
18354,0.535797552165835,31.4087610760699,17.439215,1978.22,17439.215,29.0860968333333,28.6020094335817,1.30953780985511
18367,0.486489652479835,34.3100502045422,26.337818,2083.79,26337.818,37.6402845333333,37.5101517634081,1.39674020935437
18375,0.418839762666378,13.1579998549676,8.874262,668.33,8874.262,14.6098741333333,15.23581575504,0.78331617892563
18400,0.206035404125331,10.2363862219121,10.235432,588.97,10235.432,15.4249004666667,15.5551685287928,0.88693091987139
18401,0.338489552986423,20.1001470304324,10.100442,1055.17,10100.442,17.7121094666667,18.491443379434,1.03433030556419
18409,0.266383935858864,10.6696540547756,4.637509,586.21,4637.509,10.3725097666667,10.6513508569804,0.850714252903992
18414,0.321818433840601,13.3405163215681,6.520277,864,6520.277,13.5022493,13.1738093596861,0.859911431036055
18448,0.428350576488597,39.2202470063925,32.057949,2086.86,32057.949,42.8042641,44.1804306719817,1.30953780985511
18459,0.191445714378647,3.46351439634159,1.466003,202.72,1466.003,5.53678936666667,5.56309216286589,0.434505638156444
18477,1.43991007952899,10.348213562376,3.615265,1630.27,3615.265,14.8468001666667,9.63168470433655,0.546740938212135
18486,0.374053935965509,28.138247753572,19.803541,2021.75,19803.541,31.4388952333334,29.7160437036073,1.20309163416092
18487,0.15680005377471,18.0444629104202,20.519822,967.92,20519.822,26.6387598,27.2316233022303,1.12887876219315
18502,0.113147172029182,2.86145145781299,1.694249,181.75,1694.249,5.63386576666667,5.58187405192203,0.30724188320421
18512,0.444667527234587,28.2312106512416,35.509966,1677.83,35509.966,43.7977577333333,43.8806447018849,1.48941028856371
18514,0.366233320429191,23.0734584112183,14.630037,1688.97,14630.037,25.0633783,23.4898054074777,1.20961250378808
18530,0.161418947190228,18.0053476995921,23.958337,1070.22,23958.337,30.2619733,30.3141610868736,1.01900604647056
18553,0.0969970481201345,4.77325062403037,1.707901,234.29,1707.901,5.91760923333333,6.18681859344942,0.501723894308066
18555,0.320669638115287,6.83768492063937,2.881793,416.14,2881.793,7.91367036666667,7.8832960253982,0.546740938212135
18577,0.256441346663879,5.92302834647756,3.259019,236.91,3259.019,7.3271521,7.93925588740804,0.614483766408419
18592,0.0550015888569996,2.29584023443183,1.371298,134.68,1371.298,5.10001486666667,5.11587867267387,0.517165152782097
18602,0.330631268511598,3.80460432384795,1.984278,346.79,1984.278,6.74759853333333,6.13527754039286,0.469319728814691
18603,0.479128103132874,17.1612906209178,15.180992,1139.33,15180.992,22.7194311333333,22.1528928924845,1.14959386181737
18606,0.0496526380888887,3.41745435126326,2.813795,210.7,2813.795,6.79103216666667,6.76182634889161,0.574796930908684
18635,0.168443264793067,8.9484872701287,6.162441,731.99,6162.441,12.4981452333333,11.4902279537399,0.698370104677186
18641,0.330274087310209,18.1231238265881,8.282501,1560.8,8282.501,18.6883842333333,16.2424192862423,1.02669676724729
18656,0.303037065137081,5.47349629256449,1.530171,235.38,1530.171,5.7632839,6.24393775069499,0.434505638156444
18675,0.19319842567524,2.94236184669728,1.350945,133,1350.945,5.07301716666667,5.29798267247616,0.517165152782097
18679,0.265313036733822,12.3686519279396,13.700219,803.08,13700.219,19.6494437666667,19.3344791976613,1.16319899647185
18682,0.335016849114501,18.9512515018208,25.331416,1202.32,25331.416,32.1802610666667,31.8431623655645,1.12887876219315
18686,0.568007004673754,8.21908414219172,6.355334,585.79,6355.334,11.9163822666667,11.4377166840794,0.762966826213102
18703,0.445400569204802,5.30661468140969,3.376907,408.47,3376.907,8.31964463333333,7.854266851237,0.663718325578999
18710,0.247948799938839,7.32530914312258,2.834624,702.69,2834.624,9.3517266,7.992007434368,0.698370104677186
18723,0.400786565654046,16.085827282676,12.56205,930.199999999999,12562.05,19.2818783333333,19.4624514576296,1.1077763638629
18724,0.313306348715443,11.560125741696,10.736731,631.53,10736.731,16.0959629,16.4166968799257,0.895756320522712
18727,0.347505758558123,3.40959107182154,2.299484,287.85,2299.484,6.7267606,6.29650883226468,0.574796930908684
18737,0.235448493447112,2.56507467930847,1.293329,161.68,1293.329,5.16934276666667,5.12916925058563,0.452247806763302
18744,0.325970334330602,9.10286108515933,4.810117,640.37,4810.117,10.8076836333333,10.3209922363994,0.762966826213102
18758,0.544323166749575,12.9881268032615,9.424423,748.87,9424.423,15.5211423666667,15.6783000090111,1.1077763638629
18770,1.01982938609011,40.6967688581074,38.403853,3432.27,38403.853,55.4668627,50.3494660460133,1.86466547623902
18822,0.387261531188223,24.8563965227245,21.432343,1295.33,21432.343,29.1516470333333,30.1645916220446,1.38543038589542
18828,0.344677401735188,18.1146833140837,18.146367,1026.25,18146.367,24.8040219666667,25.1172821273659,1.19653522767009
18836,0.29146891761299,13.0770398027105,18.11927,735.7,18119.27,23.2784596666667,23.5312253388403,1.1148548791057
18845,0.533578757548239,14.847671513179,14.20875,1132.76,14208.75,21.8104683333333,20.5606531690855,1.12188873360875
18862,0.490534784002897,24.632097322393,22.944746,1615.14,22944.746,32.1651614,31.4562215699418,1.60139546914369
18876,0.201741395367144,15.246817484807,16.58859,877.94,16588.59,22.6357543333333,22.8262444202902,1.07168270802085
18884,2.60872752625017,61.6092507196086,52.240719,2440.38,52240.719,62.7952771,69.2855148230786,1.57664289010909
18906,0.354363304357329,21.0958504297872,23.688613,1141.4,23688.613,30.3869850333333,31.029465333234,1.08626409539111
18907,0.641525059318227,52.5004013108679,58.29506,2749.51,58295.06,69.8413556666666,71.910678406369,1.62092540393562
18910,0.425314315085617,13.6630207049466,13.452518,820.61,13452.518,19.5170845333333,19.5128026185335,1.05690016955527
18914,0.25612891700416,8.49656787390668,5.721133,530.62,5721.133,11.0605563666667,10.9529557409111,0.859911431036055
18929,0.332408404534743,16.0656718155197,18.863148,947.78,18863.148,25.0436965333333,25.1271914628111,0.841416550206566
18947,0.275287585011968,23.2294919182603,26.815653,1310.89,26815.653,34.0770193666667,34.5052301946607,1.28528501077007
18958,0.243838272146773,17.1058614017734,18.481767,1111.16,18481.767,25.5445836333333,25.1064073345498,1.07899803327132
18968,0.149046440885558,15.9895367813971,18.771595,1014.6,18771.595,25.3065355,25.0211919022331,0.904495613526603
18979,0.254646480410618,21.7834028585534,22.76395,1504.28,22763.95,31.4296683333333,30.4104098861516,1.46276394610239
19000,0.291463429787768,19.8239265968512,26.283921,1311.97,26283.921,33.6040405666667,32.9709461450239,1.13582577399142
19005,0.396309766144619,25.3564106001183,23.033286,1407.11,23033.286,31.1700257333333,31.7604446860367,1.21609840821084
19028,0.802791829955731,28.6632659248421,17.994311,1368.8,17994.311,26.4370132333333,28.2504923367011,1.27298534973709
19047,0.266178236670184,10.6924196915705,5.412136,954.66,5412.136,12.9733324,11.3555725043868,0.742059646953489
19051,0.231106713938252,20.9380287291297,15.634919,1127.81,15634.919,23.0684454333333,23.7322160060302,1.22254990392435
19058,0.30584314410642,15.9948776022163,14.331379,888.31,14331.379,20.6578427666667,21.0266531566871,1.03433030556419
19091,0.44521971555827,24.0504571555557,12.092642,1394,12092.642,21.2557111333333,21.5090195182223,0.971584143524735
19102,0.43442163540986,30.7511193925417,29.077153,1769.67,29077.153,38.4827327,38.872284711688,1.24170328781995
19105,0.456537686747981,41.3610140372615,38.150066,2201.43,38150.066,48.8791144,50.3269737515511,1.48941028856371
19143,0.264707902053778,18.1219696547803,10.839004,1196.19,10839.004,19.1054186,18.5429141929819,1.06431710384567
19145,0.684825881472908,28.9203152592379,19.44187,1666.9,19441.87,29.2799996666667,29.6329807303637,0.955253835210168
19157,1.10080176649549,36.7676209577335,21.897801,1868.57,21897.801,32.5322992333333,34.2759833968974,1.13582577399142
19158,0.445126741488645,35.9143210489866,15.301696,2022.5,15301.696,27.3911097333333,28.0749659251858,1.62092540393562
19224,0.438848614357566,15.9448864472296,13.441262,868.15,13441.262,19.7525774666667,20.2100505986412,1.09348187642427
19235,0.459933918693866,22.5777796587917,12.549572,1865.46,12549.572,24.1028248,21.4637264942254,1.08626409539111
19243,0.12565458086812,8.10374086430974,5.821411,437.43,5821.411,10.6693249,10.921429567936,0.731381973051195
19246,0.389711838253758,43.2258640099297,21.839966,2735.33,21839.966,36.9585077333333,36.2259872430782,1.71065040807318
19257,0.343190675641165,30.0386705416756,16.404353,2157.4,16404.353,29.0804843666667,27.2459055679194,1.24802242933184
19269,0.221000625712918,15.2380504490763,13.645089,1008.25,13645.089,20.6598717666667,20.1743757392137,0.955253835210168
19275,0.301180711361633,16.7168728454222,13.47519,878.23,13475.19,19.8351926666667,20.4799015820809,1.02669676724729
19296,0.120173228500008,5.32119817054676,2.698201,269.52,2698.201,6.9909009,7.2479523328695,0.812885615301491
19313,0.685741211796811,55.4181236697037,40.62369,3001.32,40623.69,55.238141,56.9109393376081,1.45196849268573
19315,0.442147976600568,33.4499611919291,20.947824,2327.53,20947.824,34.0486132666667,32.392529569498,1.29139091217287
19323,0.438160047277801,30.4029856314701,22.043388,1900.45,22043.388,32.8280408666667,32.4339747457557,1.16319899647185
19351,0.368367481764824,29.4024100929496,20.319354,1954.94,20319.354,31.5579419333333,30.5721657288144,1.327436651158
19354,0.264885904364234,25.1806382560582,17.489121,1502.76,17489.121,26.6744689,26.716206759378,1.33334953855695
19356,0.426200175447065,16.5963258048857,7.27049,1118.9,7270.49,15.4944243333333,14.8583019995146,1.05690016955527
19360,0.36210668259623,5.82958346847726,3.066983,333.6,3066.983,7.6538847,7.73745557522795,0.663718325578999
19368,0.282355297292574,5.19172526014621,2.162095,241.89,2162.095,6.3656505,6.72532033064532,0.501723894308066
19373,0.385077271535781,15.430123630392,13.418532,1218.31,13418.532,21.5412804666667,20.0300171254215,1.03433030556419
19389,0.427428535895443,30.0436201495368,15.664887,1834.28,15664.887,26.7455116333333,26.5819205463564,1.31553114922171
19391,0.402212966454524,16.32549278557,16.04779,1056.25,16047.79,23.0703026666667,22.6739137635267,0.859911431036055
19403,0.321016371047588,18.1395994792014,12.70878,936.35,12708.78,19.4457103333333,20.2311778385524,1.07168270802085
19405,0.331117635903423,21.0888593001624,17.749771,1339.41,17749.771,26.0650789,25.6823402830504,1.24170328781995
19421,0.265809225294203,12.78306572956,7.893571,703.32,7893.571,13.9080339,14.2369642761636,0.88693091987139
19434,0.689216368337352,28.77273900912,19.785475,1853.29,19785.475,30.5522591666667,29.8964765928272,1.26679073706464
19441,0.337886665295297,16.809567260348,9.173512,627.05,9173.512,14.6659191333333,16.6371266507079,0.904495613526603
19460,0.402352142285503,9.41503093086824,7.553732,552.16,7553.732,12.8211854666667,12.8870183885692,0.841416550206566
19468,0.298302983512025,19.4337534945953,17.423164,1124.08,17423.164,24.6585942666667,24.8753111833246,1.03433030556419
19475,0.466365152167145,29.7082126186907,21.859019,1958.14,21859.019,32.9601737666667,32.0526630117941,1.25430973577016
19504,0.0565421964522194,2.2171918335863,1.696036,137.11,1696.036,5.40483406666667,5.38376186841175,0.396647565635769
19515,0.790780087462958,50.4914623066571,29.36602,3630.67,29366.02,48.3578796666667,45.2517713150637,1.4573762152871
19547,0.366025934440737,20.6907585314316,14.229912,843.48,14229.912,20.3349008,22.3910559447438,1.12887876219315
19556,0.249495213953291,13.779502669545,10.508162,658.58,10508.162,16.0300091333333,16.8989916275589,0.946983083561294
19561,0.352122019856075,26.3902655873199,18.637464,1374.94,18637.464,27.0475742666667,28.1246999320692,1.37402747275933
19567,0.416473771579116,34.0822113356191,17.462355,1562.02,17462.355,26.9565561666667,29.4516050140419,1.41908947179422
19579,0.228116907458754,6.91418284898179,4.212922,359.18,4212.922,8.81739313333333,9.10502648318436,0.850714252903992
19591,0.316271059834531,13.244079346612,7.530347,867.71,7530.347,14.4304806333333,14.0529768974497,0.995577488368498
19597,0.27541622137219,4.74095383837687,1.981295,302.54,1981.295,6.51628883333333,6.42286118989683,0.574796930908684
19609,0.317113461443474,10.9679183774022,6.249188,773.46,6249.188,12.7904792,12.1943238969947,0.869011276312887
19626,0.203066665571022,17.8235928938384,18.795062,1069.18,18795.062,25.6096524666667,25.6108695970899,1.17664683047127
19661,0.35872306747301,8.20476218787028,6.015725,509.53,6015.725,11.2167241666667,11.1276287782398,0.627154867885082
19665,0.37492566658779,38.624471776186,29.663031,2245.01,29663.031,41.4659462333333,41.8403141506176,1.54132160790803
19674,0.170491377188935,7.86551953313904,3.556546,545.73,3556.546,9.1904964,8.8092024552731,0.762966826213102
19677,0.701797157295506,13.5784063232264,14.492101,878.26,14492.101,20.7505675666667,20.4221968602002,0.773208449924192
19680,0.40052959687877,18.9566497259203,22.220605,1068.82,22220.605,28.6907811666667,29.0451059150353,1.28528501077007
19690,0.552673064478744,26.078727365148,14.114265,1494.1,14114.265,23.5923551666667,23.9572439831959,1.01900604647056
19694,0.375178400277333,7.05788923637714,6.33277,413.8,6332.77,11.0074596666667,11.0574386632769,0.639574981878148
19728,0.326102007938716,7.84672792714489,3.319388,711.33,3319.388,9.8326542,8.58993485741491,0.895756320522712
19730,0.19872530792499,6.42256622251684,6.836037,387.17,6836.037,11.3228116333333,11.3134288289802,0.574796930908684
19740,0.565703359846986,32.5849780388484,22.522533,1269.61,22522.533,29.9999313666667,33.541622892043,1.18331343810106
19743,0.329088200089659,27.8705016979975,26.397124,1228.86,26397.124,33.2765216,35.5672671263792,1.09348187642427
19744,0.261427884878559,11.4898001848101,8.45713,658.23,8457.13,14.182272,14.3432550572911,0.78331617892563
19747,0.28819096942242,6.8028938203265,2.997565,438.22,2997.565,8.13194516666667,7.97670558430121,0.574796930908684
19769,0.302558455049631,17.0235646595341,7.398242,829.7,7398.242,14.1152011333333,15.1057228444556,0.869011276312887
19774,0.292980567046644,13.7938172833046,4.826524,1051.33,4826.524,12.9457432666667,11.7899549578244,0.869011276312887
19776,0.272441563720471,25.0080839010314,13.786341,1152.67,13786.341,21.5331685666667,23.3302129093197,1.18994269690731
19785,0.150287192904077,6.24214636813873,4.470639,330.99,4470.639,8.9036901,9.12864047412301,0.720546085529427
19790,0.466201259486293,25.2082218780301,16.251775,1042.36,16251.775,23.1821241666667,25.6111462821893,1.02669676724729
19801,0.262952018462741,18.8892526407112,15.231978,955.78,15231.978,21.8169768666667,22.7344485186205,1.00344778861613
19812,2.85653972329025,50.4443710434366,52.379905,2228.55,52379.905,61.8260895,65.9496695234654,1.55655744718968
19819,0.294577650543214,18.6865294136201,12.463421,833.2,12463.421,18.6919455666667,20.1799030182222,1.01900604647056
19838,0.211855126833731,12.1242904983874,6.155463,779.13,6155.463,12.7354217,12.4684467545001,0.904495613526603
19855,0.339800560033431,14.4922846055139,7.511704,873.09,7511.704,14.4414986,14.4231418277093,0.904495613526603
19856,0.23616221443466,10.1567847317104,4.07849,884.96,4078.49,11.4129343333333,9.98924426683024,0.878016815039115
19859,0.521709862956094,12.0769830292691,6.112615,728.11,6112.615,12.4332551666667,12.4152182390734,0.955253835210168
19873,0.257110276154832,7.19749688001386,9.045189,391.42,9045.189,13.3330067666667,13.5418941328043,0.752585841462099
19890,0.308840346476077,29.6531628357781,22.563348,1559.94,22563.348,31.5367032,32.6694936790912,1.39109679149038
19904,0.628861370742903,11.954600690349,16.068333,671.95,16068.333,21.1032413666667,21.3374259140082,0.588323415235634
19919,0.215500835485562,8.27702552644321,5.133115,509.68,5133.115,10.4231501666667,10.3556814131974,0.709544735897112
19943,0.242246700725319,15.7132143925808,7.327532,938.22,7327.532,14.6122488,14.6358752617001,1.04943081681142
19946,0.66216037001202,15.6171085761541,7.983696,626.68,7983.696,13.5931730666667,15.1966300586078,0.859911431036055
19965,0.552507818071079,31.316485826007,23.965649,1946.24,23965.649,34.7946574333333,34.4471947060622,1.1077763638629
19967,0.454479625386355,22.6604925608652,12.902504,1530.67,12902.504,22.6907152666667,21.8070062938682,1.327436651158
19970,0.651796302224798,31.1885307834348,17.901037,1660.12,17901.037,27.8582199666667,28.9493778428648,1.40795918644407
19976,0.33778330387325,21.3812544439514,13.563888,1258.65,13563.888,21.8805242,22.0056880776249,1.02669676724729
19977,0.366139296473013,23.1516097992841,19.949456,1496.85,19949.456,28.8582354,28.3015094377781,1.07168270802085
19981,0.278495474026754,12.340024359919,10.974323,666.52,10974.323,16.4905773666667,16.8722982515749,0.651758457234666
19999,0.200142777912252,15.3744146321619,12.646289,1047.34,12646.289,19.9629167666667,19.3177286359702,0.930220996476805
20005,0.45074525599175,30.0906159192582,24.083482,1637.79,24083.482,33.3070488,34.17322473497,1.14273055354081
20006,0.461152651786416,36.1967951230101,19.504701,2879.28,19504.701,35.6005109,31.9452373881331,1.3567434202899
20020,0.50173436391067,25.5870334651469,15.784588,2226.16,15784.588,28.8779558666667,25.3081095741955,1.04190791826389
20022,0.355663697486492,18.8324275649819,16.416555,1300.14,16416.555,24.6622895,23.7829520451444,1.20961250378808
20034,0.396540262350027,22.9528702799677,17.148519,1161.1,17148.519,24.6026837666667,25.71905688679,1.09348187642427
20054,0.408948482280136,20.4447289858449,10.677148,1409.14,10677.148,20.0599898666667,19.1172991856119,1.02669676724729
20073,0.425505891775549,17.0713288821902,10.140513,1482.7,10140.513,19.9570783666667,17.588573653479,1.03433030556419
20075,0.413567848633955,28.9560665478925,14.605055,1965.77,14605.055,26.4710278333333,25.2909301298467,1.40236091701094
20111,0.248762428219809,7.99537487897476,4.299707,620.12,4299.707,10.2436896333333,9.51830251248218,0.88693091987139
20112,0.417342772260139,8.70059945618705,4.126232,550.25,4126.232,9.72656713333333,9.58079463141799,0.773208449924192
20118,0.535459417932359,35.0908927154342,26.336933,1757,26336.933,35.9510730333333,37.7514164417846,1.20309163416092
20120,0.178484970462975,4.12071082707166,1.229968,297.93,1229.968,5.8162762,5.55439155639221,0.434505638156444
20122,0.280840942514391,15.7731380730537,9.939686,1051.52,9939.686,17.5485707333333,17.0053902026466,0.987644473590395
20128,0.51178643063103,45.3354259763859,26.400063,3430.08,26400.063,44.6521367,40.9840387526796,1.48941028856371
20131,0.522705877654669,29.397438460324,24.57012,2034.8,24570.12,35.7962413333333,34.3963139227005,1.33923632011028
20133,0.102376176835077,8.85037991983234,10.248001,807.45,10248.001,16.5650259,15.136818675148,0.895756320522712
20134,0.196762504649481,21.597451196733,26.381111,1212.5,26381.111,33.1775832333333,33.6082097709872,0.979647220728549
20143,0.398030218416129,23.0888443043337,23.531886,1448.69,23531.886,31.8335957333333,31.5062391343434,1.23535182270088
20163,0.291490114521343,12.7758363565116,8.837157,753.81,8837.157,15.0181263,15.0839505705186,0.88693091987139
20164,0.294342064572896,11.731420765518,4.216786,746.93,4216.786,10.8242457333333,10.6018478373106,0.762966826213102
20169,0.0309807831152238,2.23373596486979,1.612219,148.58,1612.219,5.38866043333333,5.31345524910964,0.434505638156444
20173,0.270313830891381,8.76195187561058,9.581999,550.04,9581.999,14.6356724333333,14.5100041814393,0.822505898274634
20187,0.387488294061654,41.1654926081409,27.395104,2592.01,27395.104,41.2176452666667,40.5868963085237,1.69215634682822
20192,0.463872779648957,33.8863773549328,19.86844,2303.15,19868.44,32.9512043333333,31.5563729800292,1.26679073706464
20203,0.417092593402137,16.6708394919052,10.022324,1102.67,10022.324,17.8872199333333,17.3580518424906,0.913151271160121
20212,0.410624798035054,24.9217746861598,14.531163,1723.47,14531.163,25.1526417,23.9737968527095,1.07899803327132
20228,1.05925621332482,19.5825374439331,13.428571,998.68,13428.571,20.4155605666667,21.3263005076193,0.938639457629381
20239,0.502514830655666,27.6197950193139,22.387406,1564.38,22387.406,31.4012954,31.8808018559873,1.13582577399142
20253,0.240324816535841,8.24452646156378,4.057878,554.46,4057.878,9.6868002,9.37789340308477,0.698370104677186
20279,0.515232614479507,29.5002631487555,16.284691,1606.54,16284.691,26.1266785666667,26.9713034761142,1.12887876219315
20294,0.194612326466096,10.751696656418,7.66796,614.21,7667.96,13.2445823333333,13.4041899634896,0.88693091987139
20296,0.930461286034673,48.3103770567059,29.918548,3551.43,29918.548,48.4457482,45.0729100875788,1.31553114922171
20301,0.350304945134397,25.5576403933458,15.373792,1429.11,15373.792,24.3901478,24.9292813219372,1.22254990392435
20322,0.378532324666465,24.430447660053,17.576986,1152.17,17576.986,24.9421657333333,26.5627261746164,1.05690016955527
20323,0.533337857636226,36.4041987543303,25.273767,2672.54,25273.767,39.7245136333333,37.2016919138424,1.33923632011028
20329,0.72299255055029,33.1886932711423,13.633489,1488.13,13633.489,23.1288117666667,25.7286350140541,1.33923632011028
20330,0.575148538058016,26.9687177722347,21.101417,1249.01,21101.417,28.6144936333333,30.5215778093928,1.21609840821084
20345,0.48399831992571,31.0080026977099,19.334136,1459.01,19334.136,28.1089407333333,30.1832032362901,1.27298534973709
20355,0.234206229088732,18.8911634875811,14.755204,914.78,14755.204,21.1760469333333,22.3059442811502,1.01900604647056
20356,0.584802442985461,38.3757283345207,34.706168,2779.39,34706.168,48.7657328666667,46.3020269837014,1.53108015490348
20364,0.241484317558316,11.8966039062282,11.739045,686.07,11739.045,17.2798355,17.4230877109307,1.04190791826389
20374,0.468083414813544,19.8152319669754,7.270561,1366.51,7270.561,16.7738065666667,15.8562268097624,1.27298534973709
20390,0.479508185952224,24.9137893018855,20.412346,2581.29,20412.346,34.8777764,29.2643860835845,0.930220996476805
20396,0.499550920515329,12.1788718721777,9.09688,824.72,9096.88,15.6182453333333,15.1326422803751,1.03433030556419
20399,0.424944069424322,23.1040741859175,20.191946,1605.13,20191.946,29.6359230666667,28.5050143976344,1.27298534973709
20420,0.443973054600691,15.5258075305974,16.700219,959.6,16700.219,23.1581304333333,23.0131974344852,0.987644473590395
20436,0.428152597360282,16.7034026269077,11.384257,945.08,11384.257,18.2987446333333,18.5938861143414,1.12887876219315
20444,0.336216103649906,15.5983217005574,16.379949,1069.75,16379.949,23.4389957666667,22.7474338271728,1.24802242933184
20446,0.580458226199959,18.1372408134834,22.562008,1105.96,22562.008,29.1899338666667,29.0983518521799,1.1077763638629
20487,0.404243513592503,19.428579399405,23.776702,1057.98,23776.702,30.0352618,30.5918914138156,1.07168270802085
20502,0.364873129858293,16.4094345446674,6.013496,1100.67,6013.496,14.2689414,13.6690711088469,1.1077763638629
20507,0.154762329029438,8.07529924678169,5.588293,551.08,5588.293,11.0467103666667,10.7028064665023,0.709544735897112
20526,8.9256739005229,36.7190171438882,23.65168,1084.08,23651.68,30.057592,35.8394073146053,0.60154581708046
20537,0.380692197286086,17.8812600010554,14.742979,876.73,14742.979,20.9684527666667,21.9818717003272,1.17664683047127
20549,0.182789516067113,11.3601490978271,10.599919,624.71,10599.919,15.9375954333333,16.2315733203264,0.921725649612629
20566,0.244714175100682,14.4714391381047,16.817318,905.05,16817.318,22.9816778666667,22.7917323328125,1.02669676724729
20573,0.106074915201847,17.7999654325832,24.148712,1165.74,24148.712,30.9268308,30.4218300841008,0.895756320522712
20577,0.373627651912436,5.13478058001016,3.039403,521.74,3039.403,8.60111936666667,7.49724467980315,0.803150107035793
20593,1.93149027478885,34.269263283942,32.5139,1798.93,32513.9,41.7269816666667,43.055981618022,0.878016815039115
20599,0.38373769351647,8.35310055168715,6.186879,449.87,6186.879,11.0625194333333,11.327652271023,0.812885615301491
20617,0.237579297868013,15.6779988147784,14.910423,1153.6,14910.423,22.5496473666667,21.4495603325813,1.02669676724729
20622,0.440514375777025,23.5729288614247,25.186678,1144.98,25186.678,31.7537402,33.1456181470417,1.21609840821084
20648,0.274032240496909,33.3233181725472,49.388041,1920.38,49388.041,57.5412002333333,57.9494655334896,1.40795918644407
20654,0.655395263432695,25.750947684455,17.42302,1239.11,17423.02,25.2527863333333,26.833511782181,1.2791499637563
20683,0.430857449653775,22.1779546097528,9.417394,1256.74,9417.394,18.1388112666667,18.5208205290234,1.03433030556419
20715,0.461560909043196,27.890453487655,24.247267,1482.67,24247.267,32.6530019666667,33.6385808811731,1.34509733857256
20729,0.244036340434077,11.1770745248505,8.448821,597.24,8448.821,13.8596789,14.2388320027036,0.850714252903992
20750,0.486773207890199,49.2943535111986,64.025756,2679.55,64025.756,74.6375220666667,76.0744299884716,1.17664683047127
20757,0.332499216442942,22.0244196990716,17.679778,1241.33,17679.778,25.4953385333333,25.9093703067122,1.10065232621424
20787,0.421852500914224,18.9953599367309,9.229368,1020.95,9229.368,16.7513395333333,17.3649927803866,1.08626409539111
20808,0.30984997752491,29.8261387388973,34.954414,1718.6,34954.414,43.5084059333333,43.8750756090582,1.31553114922171
20820,0.383167714131908,24.4304965436582,20.68868,1332.53,20688.68,28.6745503333333,29.3632659285341,1.32149730749067
20821,0.573873420220615,35.0425396747221,31.210067,2087.14,31210.067,42.0426169666667,42.1222475991638,1.24170328781995
20861,0.399690972007089,15.9294639859963,13.435832,875,13435.832,19.7830821333333,20.2003826356589,0.869011276312887
20870,0.845949583208577,42.3961900809981,23.446552,2252.11,23446.552,35.9077984666667,37.4147157251094,1.40236091701094
20879,5.53070054360473,117.979887328978,76.446944,3718.53,76446.944,91.1846546,108.546014671983,1.69679875979549
20920,0.337126524468092,24.326018991506,21.186738,1632.51,21186.738,30.6726992,29.7791300873668,1.26679073706464
20936,0.529577075047996,18.9088526626149,10.515378,1101.07,10515.378,18.3227018666667,18.4955845254106,0.995577488368498
20948,0.488673679567812,23.2303590458642,32.895442,1250.16,32895.442,39.2350578,39.9773091042179,0.955253835210168
20960,0.374578056044953,22.6554120550209,18.751636,1563.74,18751.636,28.1257957333333,27.0696501370565,1.24802242933184
20971,0.251503169495186,16.5082232010009,14.114468,1161.07,14114.468,21.8718828666667,20.9905703923103,1.05690016955527
20972,0.227425484835915,11.4609779431498,9.757214,465.32,9757.214,14.3556459333333,15.5043957623765,0.841416550206566
21014,0.498646245323731,61.8457363656403,37.013279,3718.03,37013.279,55.6917727666667,55.6541293733485,2.06485442462697
21020,0.361635661383068,24.1884213300276,11.04714,1467.59,11047.14,20.6949743333333,20.6108366123086,1.16319899647185
21022,0.240301667799838,19.095020398249,8.165561,1078.91,8165.561,16.0933732333333,16.4384612234572,1.09348187642427
21024,0.536717280687898,31.7411483015886,31.179724,2139.62,31179.724,42.2864549333333,41.0715075734925,1.15641643721483
21039,1.68647967857212,22.6100404631687,18.294733,881.97,18294.733,24.1921047,26.6443722435823,0.663718325578999
21049,2.38094613764358,65.1615448434633,62.96566,3199.4,62965.66,76.3693273333334,80.0391729014736,1.23535182270088
21053,0.523440161732349,27.5021050770119,25.638604,1564.31,25638.604,34.3270119333334,34.7703961738737,1.10065232621424
21093,0.316176219736484,21.6897876115767,16.495586,1352.33,16495.586,25.0030657333333,24.7398615595888,1.04190791826389
21094,0.210996581405073,11.3409108810008,6.868436,579.52,6868.436,12.3457790666667,12.8672747731102,0.878016815039115
21107,0.393156084802175,14.8861598942122,7.515257,963.76,7515.257,14.9131579666667,14.5484408672058,0.987644473590395
21115,0.448461277868467,26.3986218276945,19.088373,1244.85,19088.373,26.7812607,28.5331084665853,1.20961250378808
21125,0.4061500072705,20.2347273828588,19.054671,1094.45,19054.671,25.9738622333333,26.5919693886862,0.88693091987139
21128,0.21149585944715,3.22533842976919,1.582674,255.13,1582.674,5.91257826666667,5.59426151322845,0.517165152782097
21132,0.367236662572599,29.5865323883452,14.316169,1740,14316.169,25.0445521,25.226377140387,1.34509733857256
21173,0.282730592308745,14.6858886241758,6.967076,788.02,6967.076,13.5118050666667,13.9929938734945,1.05690016955527
21176,0.567830269867686,33.8748567046247,28.813744,2154.78,28813.744,40.2353996,39.6035751784337,1.20309163416092
21182,0.179776467801223,16.0403452871003,11.166211,967.85,11166.211,18.2201482333333,18.1920969390011,1.04943081681142
21192,0.696298504268083,32.5369624283397,13.838651,2237.99,13838.651,27.1877342333333,25.7112442527853,1.30351691446933
21194,0.511713095522019,39.0071734582502,33.724818,1834.32,33724.818,42.9996562,45.6145599720576,1.34509733857256
21195,0.31407237504512,19.8441147280356,12.62395,935.06,12623.95,19.3626983333333,20.683230565691,1.03433030556419
21239,0.414635364223057,25.2946338367714,14.540205,1161.91,14540.205,22.2593861666667,24.0975209893991,1.24170328781995
21245,0.416565836613553,18.2380508031008,16.623305,926.27,16623.305,22.9167028333333,23.7847702489612,1.02669676724729
21251,0.348253885931346,9.02253044390159,9.42355,674.66,9423.55,15.1369383333333,14.4481794376095,0.720546085529427
21259,0.317769481342621,11.5874882310547,12.014902,862.53,12014.902,18.4398168,17.5755331516269,0.560944366804377
21262,0.40213490530758,24.1025220910772,24.238273,1487.92,24238.273,32.6720323666667,32.4562275482339,1.08626409539111
21275,0.104573387314668,4.38184225722153,2.052152,311.61,2052.152,6.6269218,6.37530789973867,0.546740938212135
21287,0.163543485240125,6.17673169340656,3.061571,483.02,3061.571,8.42101723333333,7.84020072495603,0.675466464631567
21318,1.58499944918522,7.49873096630646,2.594291,305.07,2594.291,7.0810569,7.829468499555,0.517165152782097
21322,0.254597012896175,21.3221091099053,25.112373,1184.18,25112.373,31.8893990333333,32.3809895240706,1.25430973577016
21333,0.403578943510269,14.6063715259271,14.558623,956.9,14558.623,21.2167440333333,20.8007358730374,1.15641643721483
21344,0.290818127133214,6.36138803994523,3.256559,267.68,3256.559,7.48391643333333,8.07293339238302,0.546740938212135
21354,0.491330066505418,12.3068883106652,10.345077,756.78,10345.077,16.3905993,16.2957046763062,0.979647220728549
21357,0.29954230578745,16.3775804747257,16.904446,1012.54,16904.446,23.6154580666667,23.461051347165,1.18994269690731
21373,0.171736326785975,5.54531823491177,1.825981,304.48,1825.981,6.38652956666667,6.53243155282265,0.627154867885082
21382,0.231823944674611,6.09868087654656,2.046206,618.82,2046.206,8.20882206666667,6.90217647172943,0.720546085529427
21417,4.14811632659298,69.0453674216894,69.46771,2355.75,69467.71,77.862314,87.0950029007237,1.33923632011028
21427,0.470213144329132,33.0662447080016,29.548928,1579.86,29548.928,37.9266452,40.0145710594805,1.30953780985511
21460,0.591868128080488,29.7826631844069,16.717022,1729.56,16717.022,27.1513798,27.4479453871661,1.14273055354081
21464,0.648915603341346,62.2291619167129,77.77944,3149.25,77779.44,89.442621,92.462536194181,1.5259336524262
21466,0.414412172900794,31.3495874392596,42.803884,1929.37,42803.884,51.6619072666667,51.4118677061705,1.18331343810106
21470,0.429457292925655,17.931301061008,7.652761,736.12,7652.761,13.8607715666667,15.6161882289125,1.08626409539111
21487,0.406462850497015,25.897378689875,20.649165,978.62,20649.165,26.8104518333333,29.7824358938613,1.07168270802085
21491,7.37257000986415,78.7561719581457,63.625617,2087.56,63625.617,71.2187819666666,84.8474686070252,0.88693091987139
21492,0.473520924954565,22.5159829074191,13.155466,1096.45,13155.466,20.6749110666667,21.9898741012999,1.04943081681142
21494,0.361682143954161,19.5724236231438,11.577619,899.43,11577.619,18.2369121,19.6573084231746,1.07899803327132
21506,0.801976958269722,32.0574642414991,22.077058,1960.33,22077.058,33.1677238666667,32.9771661148647,1.20961250378808
21535,0.207016965970489,10.3074897191698,7.206474,763.84,7206.474,13.6023332666667,12.8511484129427,0.773208449924192
21540,0.543407585816413,26.3721006736609,25.519373,1579.62,25519.373,34.2988057,34.3127869088349,1.04943081681142
21557,0.608834404473072,27.2343432537396,22.95875,1714.11,22958.75,32.68911,32.2755214086593,1.327436651158
21564,0.597356781268068,32.521512319966,24.838746,2086.94,24838.746,36.3073947333333,35.6065402191894,1.15641643721483
21579,0.288441262581573,16.7886664481724,11.553326,1177.72,11553.326,19.6528800666667,18.7724799989334,0.938639457629381
21584,0.439235331593197,20.0005278137867,7.069655,1564.8,7069.655,17.6174895,15.7328531222739,1.01900604647056
21599,0.246286441633762,18.5667156499553,12.247222,1202.38,12247.222,20.4047964666667,19.9481816514862,1.04943081681142
21609,0.256180677539327,11.8314316408949,10.277222,674.96,10277.222,15.9067931333333,16.0872436086774,0.793295131271539
21612,0.395707182467997,16.9243926467137,13.045643,888.3,13045.643,19.5006287,20.1576404204812,0.869011276312887
21622,0.224170401576168,16.2851833870827,10.902141,1004.13,10902.141,18.1699319,18.0303337499956,1.06431710384567
21639,0.361001353284845,16.5055153333935,8.487024,952.34,8487.024,15.7287449333333,15.925031353352,1.02669676724729
21647,0.270835463656687,19.4962850111405,18.479103,1203.61,18479.103,26.0198443666667,25.8450410534536,1.1077763638629
21653,0.323040443979796,7.90216738821047,3.567051,777.47,3567.051,10.3972742333333,8.83001779034525,0.709544735897112
21660,0.181672265724693,10.5188256591101,10.948819,670.38,10948.819,16.4875671,16.2847730543241,0.78331617892563
21685,0.377666227327202,18.4596524869322,19.017708,985.38,19017.708,25.3770672,26.008429470949,1.01125683859793
21708,0.361354801861295,7.25381681193319,3.407972,555.31,3407.972,9.10627646666667,8.48585801169929,0.639574981878148
21716,0.347622145993488,30.9245770894635,25.37814,1860.1,25378.14,35.6208426666667,35.5969448977337,1.41908947179422
21732,0.435511786651127,29.8765327238967,11.477246,1873.3,11477.246,23.1782380666667,22.761246544408,1.34509733857256
21733,0.608549181384991,40.1273334081068,35.93442,2859.51,35934.42,50.285113,47.9504513565131,1.29139091217287
21764,0.480860865782547,38.5122505293573,26.803101,2566.68,26803.101,40.5539709,39.2315885641008,1.56663235785126
21802,0.325913458223102,25.6382698833354,22.027234,1343.84,22027.234,29.9376839333333,30.942374263834,1.12887876219315
21808,0.349853930530945,26.4726423154617,14.388016,1996.9,14388.016,26.4365310666667,24.3257335177931,1.44654055408744
21832,0.31437434327664,14.624473361037,7.771638,828.66,7771.638,14.4458842,14.6980609419215,0.904495613526603
21854,0.584651815854719,37.017511415276,27.885026,1792.64,27885.026,37.5284967333333,39.7419519387356,1.12887876219315
21866,0.397093568628051,30.9488512511626,16.650641,1900.12,16650.641,27.9728635666667,27.7497207878604,1.327436651158
21888,0.239807119492908,11.5446096962693,7.454447,545.9,7454.447,12.6994856333333,13.4578313058435,0.88693091987139
21894,0.150383649514255,7.82109781029126,4.752259,501.95,4752.259,10.0404414333333,9.87157342119029,0.709544735897112
21901,0.572894672008604,31.2088674930765,25.391627,1569.87,25391.627,34.1334593,35.6972132228537,1.17664683047127
21912,0.608545632507677,19.7689679636691,13.57917,888.23,13579.17,19.9804413333333,21.5196330687374,1.07899803327132
21916,0.456652957994974,22.7383022002145,7.811407,1345.16,7811.407,17.1502596333333,17.2491399820665,1.23535182270088
21923,0.144354188433732,6.11309511207492,3.827302,326.88,3827.302,8.3034518,8.50963128474323,0.614483766408419
21925,0.346270133073866,12.7462943480537,14.690948,566.42,14690.948,19.3183565333333,20.3432044478966,0.841416550206566
21936,0.381459860923901,32.9414276166932,23.312371,1553.14,23312.371,32.1756905666667,34.3629764611749,1.53108015490348
21945,0.696032295072807,34.4503680910542,22.114166,1824.01,22114.166,32.4968010666667,33.7523635082268,1.13582577399142
21951,0.666853961575206,40.5849185670041,24.040231,1920.92,24040.231,34.7309612333333,37.3875326557713,1.37974070934718
21956,0.495854793316012,26.0434799235728,24.295706,1583.05,24295.706,33.2152270666667,33.1096141763076,1.28528501077007
21970,0.268576018567501,6.86840219352216,6.30703,434.03,6307.03,11.0888153333333,10.9755316799919,0.720546085529427
21983,0.609195953223217,53.155455188098,42.31624,3262.94,42316.24,58.1131393333334,57.7328071083104,1.71982286207211
21986,0.366176540733868,22.1331336615589,13.321854,1188.85,13321.854,21.3020602666667,22.0209400350833,1.327436651158
21998,0.375906199471761,16.4844307185341,9.284093,1025.26,9284.093,16.8228603666667,16.6358572227456,1.1699422355508
22035,0.257444945857717,2.36702727435227,1.694689,180.04,1694.689,5.62542676666667,5.4289985550492,0.485792071762367
22056,0.358680185466325,12.8110283557497,10.682124,746.08,10682.124,16.6386582666667,16.7553303902824,1.00344778861613
22061,0.436019880861036,12.9216951538856,11.791122,1084.64,11791.122,19.3859831333333,17.7877352977045,1.1699422355508
22069,1.66436533297578,28.6286043566389,14.635958,851.13,14635.958,20.7398672,25.2172295505581,1.00344778861613
22091,0.318554413535747,10.8860836129049,13.772485,630.65,13772.485,18.8235948333333,18.9399224200005,1.01125683859793
22093,0.742716361581173,30.5144982755284,43.496498,1739.67,43496.498,51.3051432,51.7763426654138,1.40236091701094
22096,0.356374242821047,11.3669928702277,11.499036,675.39,11499.036,17.0086474,17.0429001897706,1.19653522767009
22106,0.174860986883453,19.619218329403,22.043761,1029.94,22043.761,28.3307415666667,29.0913425821149,1.14959386181737
22128,0.171336092090585,14.1588869825176,16.557725,1000.35,16557.725,23.2404275,22.4612074645805,0.930220996476805
22130,0.946695056937038,11.7113427815591,8.749563,606.47,8749.563,14.1780350333333,14.6751229622833,0.762966826213102
22138,0.450670640496062,11.257782353271,11.805489,680.5,11805.489,17.3108567666667,17.284852629514,0.78331617892563
22139,0.423496269782758,20.3414758225031,19.270424,1607.6,19270.424,28.8193149333333,26.819239104976,1.27298534973709
22142,0.201701654995262,2.68382842581169,1.299258,112.74,1299.258,4.9218222,5.17131901200162,0.546740938212135
22157,0.277728957931666,30.7893109682477,37.468481,1910.68,37468.481,46.7634795666667,46.4363193001568,1.5259336524262
22163,0.169730620030605,13.4145124544125,9.391284,920.41,9391.284,16.3776072666667,15.7806544608679,1.07899803327132
22177,0.329220005673487,19.3108421744731,13.115197,1027.04,13115.197,20.2800506333333,20.9600383740867,1.30351691446933
22183,0.297781905057474,15.3001854217541,15.066584,1392.12,15066.584,23.9225456,21.4729830807438,1.15641643721483
22204,0.413817284695651,23.3869248032449,17.033643,1628.81,17033.643,26.9157970333333,25.7502253890059,1.13582577399142
22236,0.285132361015171,21.1938325786075,16.414173,1192.73,16414.173,24.1051940333333,24.5128437993683,1.18331343810106
22239,0.482642633023558,29.995866294399,23.352845,1508.13,23352.845,31.9795655,33.4862790512637,1.06431710384567
22259,0.19419750408072,11.3699416129465,7.074815,706.53,7074.815,13.1877385,13.0620154000134,0.869011276312887
22272,0.397744821864353,28.3786735170036,16.317465,1636.58,16317.465,26.3113818333333,26.6531072902711,1.24802242933184
22273,0.505566456622196,13.8900906478104,10.906262,647.32,10906.262,16.3301224666667,17.2915639008212,0.88693091987139
22275,0.304984374854657,18.4484156552901,14.923698,1581.77,14923.698,24.7738065333333,22.3203370531399,0.921725649612629
22284,0.442972276846424,9.52787301741123,4.190163,661.45,4190.163,10.3586383666667,9.89478733539748,0.709544735897112
22294,0.470223337017802,21.7736129257568,18.324593,1278.94,18324.593,26.2699903666667,26.4119537069846,0.987644473590395
22315,0.37739496313418,19.0611861718864,5.918404,1217.54,5918.404,14.7871869333333,14.4055313132848,1.07899803327132
22319,0.264334443179926,14.0771134987031,8.9312,907.5,8931.2,15.89683,15.571985184598,0.979647220728549
22343,0.377980804374723,22.7122630528975,8.568584,1347.03,8568.584,17.8413806,17.9225271463982,1.39109679149038
22367,0.275337247770614,10.5938924898852,12.267846,594.74,12267.846,17.2838847333333,17.4951680718644,0.687013736379663
22376,0.32999810299541,15.4968243700273,9.761687,1307.98,9761.687,18.7134149666667,16.7595338547085,0.895756320522712
22380,0.211520458378929,4.59663953015155,3.135603,223.08,3135.603,7.1446227,7.41700095434698,0.469319728814691
22381,0.450262562352462,17.6157388176103,9.748137,893.75,9748.137,16.5610316333333,17.4042023334592,1.08626409539111
22391,0.296159604924299,24.6429032693727,27.458599,1226.45,27458.599,34.2193974333333,35.5220391135055,1.09348187642427
22395,0.344492048096422,26.0924373604726,18.151571,1669.66,18151.571,28.1329905666667,27.5950694817465,1.21609840821084
22410,0.307792295128783,10.1051972209255,6.73538,582.34,6735.38,12.2405986666667,12.3644531384869,0.895756320522712
22450,0.235902993628827,16.5312456181043,14.291174,915.25,14291.174,20.7608482666667,21.1567427416123,1.10065232621424
22455,0.395338839904271,19.3437225604673,8.153762,1379.94,8153.762,17.6380758,16.5049397937448,1.16319899647185
22470,0.234714680946782,12.5729066627918,7.753227,597.61,7753.227,13.2355559666667,14.0455053654655,1.00344778861613
22471,0.106383657009131,3.62174471758383,1.357348,182.79,1357.348,5.3360282,5.51435406245099,0.469319728814691
22476,0.603568446593079,45.7186319515959,40.708878,3236,40708.878,56.5273235333334,53.9807661049948,1.46276394610239
22491,0.608112355705012,12.3917472221851,11.653759,648.32,11653.759,17.0080364333333,17.4998247388774,0.938639457629381
22496,0.204935738476187,14.4547540545308,13.258712,1052.75,13258.712,20.5420491333333,19.5838145569045,0.987644473590395
22506,0.501487905549391,35.4099105901078,18.021329,2324.08,18021.329,31.3969427666667,30.3662683829334,1.55655744718968
22516,0.247095456325417,26.6648715638031,23.988362,2314.37,23988.362,36.7171041333333,33.025635984779,1.22896753281684
22517,0.386728275597717,20.4975459900316,21.164777,1552.98,21164.777,30.2420293,28.5725385569098,1.1077763638629
22518,0.130949578586496,10.0568015397227,6.871119,604.37,6871.119,12.4765854333333,12.471615577314,0.971584143524735
22526,0.516629228651603,19.8669130693959,10.186293,883.6,10186.293,16.9029303666667,18.4964067515127,1.00344778861613
22529,0.316229989831078,10.8309682709238,7.822611,585.59,7822.611,13.2358982333333,13.5679500639864,0.803150107035793
22530,0.258306538151405,21.6422118526425,29.987174,1320.96,29987.174,36.9834166,36.8675422743192,1.03433030556419
22539,0.34721329186564,24.038817853419,20.486805,1790.04,20486.805,30.8566645,29.0601580345599,1.28528501077007
22541,0.493669404490153,48.1003862579914,52.512432,2820.23,52512.432,65.0023771333333,65.3423085399773,1.64978687712041
22556,0.189457689478217,15.9486922562669,15.342245,1048.55,15342.245,22.3955288333333,21.9221150994427,1.07168270802085
22559,0.368529770030947,20.0051352045396,8.340165,941.8,8340.165,15.5421151666667,16.8777404134073,1.04943081681142
22561,0.272968688037645,19.356131854135,17.450436,1387.31,17450.436,26.0431607333333,24.8757932747819,1.07899803327132
22574,0.190260945255844,15.3438940211269,19.370248,1411.37,19370.248,27.8953015333333,25.3598303465494,1.08626409539111
22577,0.393350585107826,12.4654853473536,6.43313,1239.12,6433.13,15.361937,12.8241174576796,0.663718325578999
22586,0.412037410950861,21.2733860372986,14.000962,1799.73,14000.962,25.0694708,22.3656154715626,1.19653522767009
22587,0.685451211567724,6.88513052266296,4.674391,409.67,4674.391,9.49358023333333,9.51134236202552,0.560944366804377
22599,0.349887431594544,12.4341826761739,17.16411,719.02,17164.11,22.3326356666667,22.4722956296139,0.869011276312887
22604,1.02943134939574,34.9216649153798,46.031037,1926.59,46031.037,54.5519816333334,55.4236494237678,1.19653522767009
22606,0.24882014490557,1.90655010330448,1.229298,213.81,1229.298,5.3810532,4.86739873202439,0.485792071762367
22616,0.185053826811404,11.0005332531964,10.325461,628.04,10325.461,15.7077882333333,15.8730802084909,0.869011276312887
22617,0.504902580026414,18.3983243925506,8.409974,1145.21,8409.974,16.6558949333333,16.4424571616907,1.31553114922171
22618,0.493793921495941,61.8548846025479,36.998051,4044.24,36998.051,57.3634859,55.6432601267898,2.04955899607005
22669,0.218513683007539,13.6077936251816,8.411793,908.73,8411.793,15.4357187,14.9590297238063,1.15641643721483
22689,0.193743812573639,18.7743507891765,23.192939,1161.31,23192.939,30.0437467666667,29.8636938446447,1.04190791826389
22693,0.0877695022624812,5.28336840750734,6.032146,327.87,6032.146,10.2929264,10.2367756063273,0.687013736379663
22721,0.265824219725715,18.3497719538214,13.874358,862.31,13874.358,20.1121905333333,21.3453515056846,1.08626409539111
22736,0.268578557921551,14.6859366141958,10.235016,707.69,10235.016,16.0379127333333,16.9341547504007,0.895756320522712
22737,0.366497603328059,22.0270340956045,7.024526,978.74,7024.526,14.5488967333333,16.3204539696374,1.16319899647185
22754,0.233657755688083,2.86960766584503,1.259646,317.13,1259.646,5.9421864,5.19325977641196,0.452247806763302
22769,0.54472866785517,20.7558469646771,25.909008,1012.86,25909.008,31.7212172,32.9224197590499,0.971584143524735
22774,0.14068530283495,8.97581931219548,8.123352,559.76,8123.352,13.3731101333333,13.2635207867806,0.793295131271539
22793,0.549879066524301,11.1110132318244,8.80243,548.3,8802.43,13.9250703333333,14.5366011018656,0.812885615301491
22819,0.204282030093081,10.0752517845716,8.540054,523.94,8540.054,13.5630719333333,13.9793766532172,0.869011276312887
22824,0.68994761956196,6.69877461892028,5.827665,280.12,5827.665,9.86218516666667,10.4915186318653,0.574796930908684
22826,0.338568105313889,14.2371524803278,5.637052,1000.19,5637.052,13.4109951333333,12.6568640689016,0.878016815039115
22833,0.41375237892699,17.1907931919045,7.200977,955.79,7200.977,14.5891276333333,14.9800251894904,1.09348187642427
22836,0.311235759506248,20.936918862246,13.036399,1259.36,13036.399,21.4094524333333,21.3932039472963,1.17664683047127
22845,0.818596548197426,35.4297255463517,24.865748,1664.25,24865.748,34.1477982,36.532388119369,1.5716455942098
22847,4.45326367050248,67.1254001078571,49.182697,2944.89,49182.697,62.6496923,68.2433013334357,1.29139091217287
22848,0.28572624878848,16.3822556429204,15.267295,916.72,15267.295,21.6469521666667,21.9890647493053,1.01900604647056
22855,0.222119418945468,11.9405168924347,7.26614,854.6,7266.14,14.1249593333333,13.4110862366548,0.859911431036055
22866,0.625750822530302,27.305581064061,18.137923,1482.65,18137.923,27.1544890333333,27.9588608298589,1.1077763638629
22890,0.182315758661983,2.84959149099528,1.339388,202.69,1339.388,5.42268086666667,5.25882256220854,0.376292920731049
22891,0.233246166636103,8.41717508107109,2.695852,662.89,2695.852,9.02119846666667,8.20559107513204,0.832014952887892
22900,0.298880256443288,12.5664188873487,7.688077,1023.66,7688.077,15.3781793,13.9848591550781,1.04190791826389
22902,0.302391970537694,12.5167223191848,6.680407,925.58,6680.407,13.9645296333333,13.0625502189473,0.742059646953489
22923,0.45996776471607,24.0258602372538,11.981346,1321.7,11981.346,20.7819947333333,21.4012280735487,1.17664683047127
22928,0.53834724996134,27.4746417457156,17.704264,1799.65,17704.264,28.4020292666667,27.6209765411718,1.01125683859793
22933,0.108048010448562,2.98212294808432,4.14397,169.91,4143.97,7.77744133333334,7.82403111390614,0.517165152782097
22942,0.425279907025737,24.4513075267101,14.437605,1551.12,14437.605,24.1779645,23.7437498332801,1.18331343810106
22960,0.2457606799755,16.0567469140331,14.729517,1162.58,14729.517,22.4332286333333,21.4041568433503,0.88693091987139
22963,0.141773340532545,4.50948616908201,2.751215,261.11,2751.215,6.99516183333333,7.04403421241542,0.822505898274634
22965,0.508431083637452,25.0549396992184,12.186452,2462.48,12186.452,26.8606201333333,21.9048381067577,1.2791499637563
23016,0.180503616071867,4.12271673040514,1.233202,249.32,1233.202,5.56803513333333,5.55792398642559,0.434505638156444
23037,0.530998503899393,8.48057853818253,3.076304,326.53,3076.304,7.62574526666667,8.56765294683659,0.532158551922834
23046,0.388637017248417,17.6985097923219,17.697572,1261.32,17697.572,25.6146348,24.5843528356198,0.955253835210168
23050,0.237277400272502,6.17419858522016,2.669792,297.18,2669.792,7.1082428,7.48681436141825,0.663718325578999
