model,tripID,real_price,strike,premium,profit
trip-specific,23,23.7822355333333,24.220536293901,0.134506774859986,0.134506774859986
trip-specific,35,27.1121951666667,27.7534222399473,0.361860373262954,0.361860373262954
trip-specific,38,22.5237053,22.9082822754663,0.244795586222123,0.244795586222123
trip-specific,41,34.0614015,34.6450855758533,0.140251889481153,0.140251889481153
trip-specific,51,23.7368270666667,23.7384069672307,0.174045033334729,0.174045033334729
trip-specific,57,20.1059388,19.1750449792333,0.323758952526422,-0.607134868240312
trip-specific,68,15.3246665666667,15.9435020396629,0.312442322370201,0.312442322370201
trip-specific,80,53.5367156333333,55.2279852734229,0.58963787968677,0.58963787968677
trip-specific,86,7.77761146666667,7.49134032977421,0.365790533752028,0.0795193968595753
trip-specific,87,25.3376513,25.7565552053711,0.371390089963245,0.371390089963245
trip-specific,95,21.2225713,21.8124279339771,0.781818904759572,0.781818904759572
trip-specific,111,40.220959,40.4402189189885,0.424439600804836,0.424439600804836
trip-specific,118,25.0604442333333,24.023496527047,0.410062490260165,-0.626885216026162
trip-specific,120,46.6128469333334,47.3213703327419,0.320172857114441,0.320172857114441
trip-specific,131,18.9973135333333,18.9567635464308,0.607138481689805,0.566588494787304
trip-specific,133,25.2573937333333,31.2891052529548,2.02769611901108,2.02769611901108
trip-specific,137,40.6070536666667,42.515027596799,0.371879528926215,0.371879528926215
trip-specific,138,25.1054442333333,26.4099349203204,0.415836661783575,0.415836661783575
trip-specific,141,25.3719095333334,27.99267730457,0.856195329121344,0.856195329121344
trip-specific,158,36.9235518333333,38.9408023691374,0.645412102372238,0.645412102372238
trip-specific,164,55.5563021333333,52.4403032690603,0.677923643866567,-2.43807522040648
trip-specific,174,25.0552860333333,26.0899466055677,0.389700115852755,0.389700115852755
trip-specific,181,27.1436010333333,26.8013549486941,0.303296222579968,-0.0389498620592532
trip-specific,192,70.3912531333333,73.0261500135999,0.728764865414578,0.728764865414578
trip-specific,202,25.5932006666667,25.8639703586376,0.262279834621917,0.262279834621917
trip-specific,207,9.48739726666667,5.72822737057916,0.19481655088339,-3.56435334520411
trip-specific,208,30.3230326333333,30.3884019286879,0.443745848301831,0.443745848301831
trip-specific,210,11.8270386,11.6079268668138,0.301218937487381,0.0821072043012058
trip-specific,214,34.2806702,33.520760123672,0.777680598801502,0.0177705224734895
trip-specific,216,47.0485624,43.5516631889126,0.505971176422398,-2.99092803466498
trip-specific,225,14.6402050666667,14.4192098124422,0.325904560365165,0.104909306140685
trip-specific,250,32.3481268,32.5439665389726,0.355025764518137,0.355025764518137
trip-specific,256,35.8672638666667,33.3327531819862,0.404136877918148,-2.13037380676231
trip-specific,258,38.1755600666667,33.0579080610385,0.39339223305293,-4.72425977257521
trip-specific,263,14.330242,14.4016265699252,0.222122281786218,0.222122281786218
trip-specific,265,23.6675288,21.8286166526246,0.549847678407465,-1.28906446896797
trip-specific,284,17.4964220333333,16.7476756303701,0.420548155297313,-0.328198247665929
trip-specific,296,11.2168046,11.5675626164191,0.126879831863069,0.126879831863069
trip-specific,298,33.0966055666667,32.1021422657246,0.402657326128299,-0.591805974813787
trip-specific,312,23.3216810666667,21.8868340686547,0.29903967843237,-1.13580731957961
trip-specific,347,32.7053238,31.7674626226232,0.744455194731338,-0.1934059826455
trip-specific,350,17.4595856333333,16.654472609967,0.271375387959017,-0.533737635407357
trip-specific,352,34.0688798333333,34.391162486144,0.412440215310719,0.412440215310719
trip-specific,377,40.6634672333333,41.3881904073802,2.59565783033987,2.59565783033987
trip-specific,378,21.0466047333333,20.2917969685261,0.251249232413074,-0.503558532394187
trip-specific,383,27.0432746333333,27.0392955842675,0.352080850430852,0.348101801365022
trip-specific,385,12.6958379,12.9795371578702,0.270417138666176,0.270417138666176
trip-specific,417,47.2355634,45.8198023594784,0.564656377530144,-0.851104662991429
trip-specific,447,21.1271711333333,19.9548538429003,0.375607503759985,-0.796709786673008
trip-specific,473,46.346274,45.7442667483259,0.42440511931062,-0.177602132363525
trip-specific,474,43.2384235333333,43.308312296512,0.410993475080281,0.410993475080281
trip-specific,479,48.9145755333334,46.3901210307217,0.60087640451845,-1.92357809809317
trip-specific,485,47.7206674,46.4731285003793,0.410550523021595,-0.836988376599141
trip-specific,509,46.8822345333333,44.7396635111944,0.447562220573632,-1.69500880156526
trip-specific,517,26.2309478333333,26.317859982283,0.265576228091205,0.265576228091205
trip-specific,520,36.6364842,35.2423118950486,0.42460423350989,-0.969568071441521
trip-specific,546,28.9984191666667,29.0344204664114,0.53006543037907,0.53006543037907
trip-specific,561,31.8040736333333,31.9489200093025,0.514688077877366,0.514688077877366
trip-specific,570,27.0935160333333,26.2083457664302,0.694177915291216,-0.190992351611908
trip-specific,577,44.0128097666667,41.7771284668091,0.485073089764256,-1.75060821009333
trip-specific,585,24.0904212333333,23.4892099383381,0.712709651136426,0.111498356141159
trip-specific,600,44.8868334,44.5128485443116,0.632245723334359,0.258260867645982
trip-specific,606,34.130633,33.9550316499804,0.424889522394906,0.249288172375336
trip-specific,618,24.224507,23.0780672726387,0.21212147880732,-0.93431824855402
trip-specific,623,22.1528143333333,20.9757338964273,0.336936641528938,-0.840143795377101
trip-specific,625,28.1238213666667,28.2810195428073,0.380991131377193,0.380991131377193
trip-specific,629,26.2372642666667,26.6383084201397,0.346437300062367,0.346437300062367
trip-specific,633,25.6322053,25.1268736003475,0.402970177202148,-0.102361522450332
trip-specific,645,34.1071282666667,31.7134766414254,0.455938403570403,-1.93771322167089
trip-specific,661,31.0784062,30.0682984664103,0.310255302094264,-0.699852431495456
trip-specific,674,44.1653565666667,42.9424404046154,0.666604099421571,-0.556312062629685
trip-specific,700,21.0822688333333,20.4162134281805,0.180159319328286,-0.485896085824557
trip-specific,704,19.7124176333333,17.8707131553912,0.461636522528795,-1.38006795541334
trip-specific,760,11.9325047333333,12.5099143228221,0.301721928875286,0.301721928875286
trip-specific,763,33.4994965,32.2109200065614,0.408954207360478,-0.879622286078105
trip-specific,772,37.9034350666667,39.0349360816429,0.434657447882595,0.434657447882595
trip-specific,786,15.2939126333333,14.6064713812309,0.207969547651187,-0.479471704451259
trip-specific,790,28.8364204,28.7184146425273,0.432495856598244,0.3144900991255
trip-specific,793,34.9665034,35.0945033479325,0.467495088173808,0.467495088173808
trip-specific,801,9.86849883333333,9.66999910655611,0.219345942536575,0.0208462157593555
trip-specific,811,21.1019491,20.5293022766119,0.250380414393458,-0.322266408994632
trip-specific,816,29.1090535,29.888814168785,0.288219742896619,0.288219742896619
trip-specific,827,7.39213016666667,7.55842296590871,0.111972558646837,0.111972558646837
trip-specific,845,22.1951117666667,22.0083847951147,0.459348693896336,0.272621722344406
trip-specific,854,32.6118972333333,31.6901890215753,0.437679023003479,-0.48402918875459
trip-specific,861,36.4901814666667,37.5022982447251,0.361727940262961,0.361727940262961
trip-specific,866,33.6348893,34.6652371002345,0.335980619225381,0.335980619225381
trip-specific,902,15.4922469333333,16.228790696286,0.292801453555717,0.292801453555717
trip-specific,930,4.68465606666667,4.71073233555878,0.231661885822781,0.231661885822781
trip-specific,934,41.5647423,34.6418122128057,0.374243643208461,-6.54868644398584
trip-specific,936,27.8545805666667,30.2403891951576,1.04341498208756,1.04341498208756
trip-specific,946,20.5828321666667,21.9065621108659,0.601715856741715,0.601715856741715
trip-specific,957,16.8457443333333,18.1222011244295,0.988971154764351,0.988971154764351
trip-specific,959,13.3933664333333,13.5762199205354,0.319956962829539,0.319956962829539
trip-specific,971,14.5993063,14.9431085476551,0.182048797346361,0.182048797346361
trip-specific,981,49.9874485666667,50.1288031451608,0.530588048619619,0.530588048619619
trip-specific,995,25.7789249666667,25.8843019407009,0.350875277259626,0.350875277259626
trip-specific,1003,85.2019158,82.7613140268579,0.47923645534196,-1.96136531780017
trip-specific,1006,30.3594334666667,31.1827096800794,1.29747430356136,1.29747430356136
trip-specific,1017,49.3195726666667,48.4440769171203,0.497635394331128,-0.377860355215246
trip-specific,1041,41.6825615333333,43.5827314223571,1.33602884295693,1.33602884295693
trip-specific,1046,21.8603404,20.8957020016819,0.377177282531413,-0.587461115786663
trip-specific,1047,14.0594949,13.3777949793854,0.258473150158593,-0.423226770456028
trip-specific,1073,26.1332848,25.8805655976009,0.466645592607573,0.213926390208474
trip-specific,1078,14.2231143333333,13.7035661956073,0.26297411077698,-0.256574026949075
trip-specific,1083,24.1512897666667,23.7137407573092,0.392502296015527,-0.0450467133419453
trip-specific,1086,9.72277116666667,9.80552378606338,0.72557613521556,0.72557613521556
trip-specific,1100,47.3489765333333,50.8147186143342,0.57361095979561,0.57361095979561
trip-specific,1106,21.4958994,23.9689331170692,0.494130508356021,0.494130508356021
trip-specific,1111,60.3482008666667,63.4958278243522,0.486273562161092,0.486273562161092
trip-specific,1113,24.1573641666667,25.7433082393832,0.50705955361038,0.50705955361038
trip-specific,1131,53.0822969333333,54.3008746489644,0.373626206773439,0.373626206773439
trip-specific,1172,8.5571077,8.60117370289051,0.233924263705721,0.233924263705721
trip-specific,1186,24.6833440333333,25.4777727564016,0.363674030257314,0.363674030257314
trip-specific,1206,29.9660622666667,30.3028557354663,0.149977754653641,0.149977754653641
trip-specific,1235,31.6559350666667,30.9521670315848,0.468602543380899,-0.235165491700959
trip-specific,1239,21.8051202666667,19.2104005188937,0.338149154319751,-2.25657059345321
trip-specific,1241,22.7716302333333,22.5529034620065,0.300403401543239,0.0816766302163782
trip-specific,1258,35.6604200666667,37.5027031314889,0.396276045863803,0.396276045863803
trip-specific,1296,26.486965,25.8074140071021,0.395729969968702,-0.283821022929218
trip-specific,1303,87.5463115666667,87.288347634785,0.225775620297857,-0.0321883115838333
trip-specific,1315,11.2763017666667,11.066974003254,0.32321758563982,0.113889822227134
trip-specific,1321,37.5069217333333,35.6246117375117,0.610338208540369,-1.27197178728127
trip-specific,1322,25.9703122,25.3815029794324,0.388966532546194,-0.199842688021386
trip-specific,1329,17.2915794,18.1724017620624,0.264268393223239,0.264268393223239
trip-specific,1336,16.8697042,17.6960044060745,0.247880924710076,0.247880924710076
trip-specific,1343,23.4282230666667,22.5050210558361,0.343575180637006,-0.579626830193548
trip-specific,1379,22.8013262,22.0210233810657,0.249346263626967,-0.530956555307329
trip-specific,1382,36.3762259666667,34.4012647941382,0.529343810717187,-1.4456173618113
trip-specific,1390,46.7490389333333,45.077436787689,0.560943910215774,-1.11065823542851
trip-specific,1398,26.1746429333333,21.9425990809744,0.435445832826183,-3.79659801953274
trip-specific,1399,19.7487601666667,18.9771860200199,0.421988744020049,-0.349585402626736
trip-specific,1411,32.4884952,32.2203272324609,0.236697916601837,-0.0314700509372692
trip-specific,1438,16.2952564,15.3935164824071,0.255052712800956,-0.646687204791993
trip-specific,1455,26.1291207666667,24.4119162897442,0.385148848820048,-1.33205562810247
trip-specific,1456,13.1453542666667,13.3691102329183,0.222025740569978,0.222025740569978
trip-specific,1462,30.0156931,28.7115606729735,0.452339974608866,-0.851792452417693
trip-specific,1469,18.3060282,18.87250347422,0.430173306234019,0.430173306234019
trip-specific,1482,7.47336696666667,7.65414781113752,0.272791116223827,0.272791116223827
trip-specific,1485,36.7332713333333,38.8330423552022,3.67692716037935,3.67692716037935
trip-specific,1508,20.4640980666667,19.6380923748753,0.413895365381024,-0.412110326410356
trip-specific,1521,31.0953205,33.0941662883289,0.34216408241587,0.34216408241587
trip-specific,1524,28.6085571333333,28.4367103765793,0.399473946921923,0.227627190167884
trip-specific,1525,35.4736199666667,31.059611812292,0.544435926641375,-3.86957222773331
trip-specific,1527,31.9987461,30.8468051023496,0.735096221505999,-0.416844776144421
trip-specific,1546,28.1611951333333,28.305866013962,0.467160370862212,0.467160370862212
trip-specific,1552,31.2142727333333,31.747041892293,0.365120726131228,0.365120726131228
trip-specific,1560,19.0777321666667,19.1065855771754,0.3217971548841,0.3217971548841
trip-specific,1617,22.5646753666667,22.1444296567154,0.240395947170119,-0.179849762781113
trip-specific,1622,25.8569204,26.9359935298769,0.366171873197207,0.366171873197207
trip-specific,1628,16.4011375,17.0019816048924,0.202991684560446,0.202991684560446
trip-specific,1651,35.8614657333333,36.4109204563377,0.539289998240507,0.539289998240507
trip-specific,1664,25.2480165666667,24.1847917436165,0.372772824834926,-0.690451998215258
trip-specific,1666,19.6166496666667,20.5845786471238,0.328897189482967,0.328897189482967
trip-specific,1684,21.9081614,19.7733976148118,0.346650847281936,-1.78811293790622
trip-specific,1685,13.18725,11.6362353244827,0.629687363126213,-0.921327312391113
trip-specific,1686,35.5439117666667,32.3198772252127,0.556805042787295,-2.66722949866669
trip-specific,1695,14.5264200333333,14.2661305669851,0.163462601087391,-0.0968268652608488
trip-specific,1705,25.8898666666667,22.4289292865253,0.243052202012211,-3.21788517812913
trip-specific,1710,41.7936805666667,42.2410808964574,0.479916238048307,0.479916238048307
trip-specific,1713,11.2067666333333,11.1106620812789,0.11363760322697,0.0175330511724861
trip-specific,1725,31.3108801666667,31.8431924460015,0.948398470689484,0.948398470689484
trip-specific,1728,6.4149699,6.03123202152627,0.109420091025049,-0.27431778744868
trip-specific,1751,22.2005923,22.5954772370379,0.407874328503851,0.407874328503851
trip-specific,1757,34.8064532,38.3896412495882,1.56594929970909,1.56594929970909
trip-specific,1764,19.1108893666667,20.6932995533774,0.438261545738085,0.438261545738085
trip-specific,1773,30.0253627333333,28.9074621438412,0.286147856776807,-0.831752732715373
trip-specific,1803,23.1001868,22.6087997493541,0.585207679307031,0.0938206286611403
trip-specific,1804,18.9593081666667,20.2105546635647,1.14338787143354,1.14338787143354
trip-specific,1811,33.2136578,31.5452179228538,0.52094406162291,-1.14749581552333
trip-specific,1826,18.1024640666667,17.0280453404424,0.209167184983651,-0.865251541240569
trip-specific,1840,20.4798157666667,19.5138513924038,0.220258376853274,-0.745705997409625
trip-specific,1857,4.74058836666667,4.87745987035285,0.404572252088147,0.404572252088147
trip-specific,1859,19.4228295666667,19.3246281944626,0.278010862868839,0.179809490664766
trip-specific,1867,22.9880659666667,23.7979156741657,0.189227457678117,0.189227457678117
trip-specific,1938,5.82483513333333,5.6926514544338,0.259458244636341,0.127274565736803
trip-specific,1953,21.7381832666667,22.1940455607605,0.343721664855993,0.343721664855993
trip-specific,1956,21.6517616333333,23.7045628992472,0.683920948788493,0.683920948788493
trip-specific,1963,25.7864089,26.6803868538362,0.30969787230564,0.30969787230564
trip-specific,1995,21.1511848666667,21.5451284270009,0.289093778176951,0.289093778176951
trip-specific,2004,64.9700310333333,70.1317488844583,2.92438389527235,2.92438389527235
trip-specific,2010,16.4750903,16.8859631231836,0.36913221874605,0.36913221874605
trip-specific,2044,37.6928906333333,33.4436413079438,0.745501410019265,-3.50374791537025
trip-specific,2058,15.5995981,15.7442520107068,0.439610787828045,0.439610787828045
trip-specific,2067,35.2391520333333,38.4346011140681,0.739667806268199,0.739667806268199
trip-specific,2078,133.029668566667,144.913856737692,3.96279052712403,3.96279052712403
trip-specific,2091,6.78358046666667,6.96989202589892,0.170460069675477,0.170460069675477
trip-specific,2099,22.1870738666667,23.7160985215804,0.272329549649728,0.272329549649728
trip-specific,2108,26.6975657666667,25.9880222635004,0.389047747099783,-0.320495756066447
trip-specific,2113,24.4143479333333,25.4554151007776,0.38698491160898,0.38698491160898
trip-specific,2131,5.26792423333333,5.44546511749526,0.222517263394606,0.222517263394606
trip-specific,2134,39.830506,35.1406087920664,0.51354090063351,-4.17635630730005
trip-specific,2144,35.7298406,35.1588649980341,0.424528952342847,-0.146446649623052
trip-specific,2178,20.3293434,20.2098467133767,0.219246135038831,0.0997494484154986
trip-specific,2180,11.1897862666667,11.3697428103699,0.28411604078316,0.28411604078316
trip-specific,2183,81.6815099333333,82.786321712911,0.482790245348329,0.482790245348329
trip-specific,2193,33.6856305333333,33.0884300233032,0.451908387049698,-0.145292122980486
trip-specific,2199,47.1326618333334,46.5515023683726,0.583294460802762,0.00213499584197796
trip-specific,2203,17.4275335666667,17.4710948192356,0.251510643398413,0.251510643398413
trip-specific,2204,31.5611664333333,30.4835333055215,0.495629949588535,-0.582003178223266
trip-specific,2207,25.6803401,24.5703572906251,0.339819772015476,-0.770163037359458
trip-specific,2214,40.4564455,41.2689146394375,0.316538395801295,0.316538395801295
trip-specific,2228,28.1127519666667,29.479271155246,0.445928953318781,0.445928953318781
trip-specific,2236,27.8493363333333,26.9017342130745,0.273993877355879,-0.673608242902964
trip-specific,2238,24.5099191333333,24.9363380634125,0.207472143821776,0.207472143821776
trip-specific,2242,41.4064636666667,40.3431582948813,0.412359209364687,-0.650946162420661
trip-specific,2291,45.6721313333333,45.1471103771168,0.448778106569226,-0.0762428496473459
trip-specific,2293,38.9918801,40.4674374314138,0.809691771546042,0.809691771546042
trip-specific,2294,13.0518091333333,12.1194554956718,0.316350337529635,-0.616003300131868
trip-specific,2324,19.9830281,21.6643211047727,0.24938465618719,0.24938465618719
trip-specific,2327,18.3556529333333,20.1267622438484,2.00899447560306,2.00899447560306
trip-specific,2339,11.5016050666667,11.8297434263721,0.207192140148216,0.207192140148216
trip-specific,2380,30.5494925666667,32.3227121293535,0.270150445937675,0.270150445937675
trip-specific,2392,22.6012477666667,24.0917696433575,0.329443106988185,0.329443106988185
trip-specific,2437,43.1563946333333,43.7068207166226,0.521650559439538,0.521650559439538
trip-specific,2448,23.3479311666667,22.5313841141183,0.284857008836105,-0.531690043712243
trip-specific,2466,11.3596804,10.8423056103783,0.280458494401152,-0.236916295220566
trip-specific,2489,16.6207386666667,16.4553248776189,0.228372369025321,0.0629585799775209
trip-specific,2504,26.6211718666667,27.3161820406439,0.559287648802375,0.559287648802375
trip-specific,2507,28.8617862333333,28.9006621421333,0.350859707204103,0.350859707204103
trip-specific,2512,27.9219993666667,26.5237666764029,0.292844922567987,-1.10538776769582
trip-specific,2521,7.90305263333333,7.9025927479266,0.261678271453184,0.261218386046451
trip-specific,2523,40.8423675666667,41.6323038609124,0.492087791471786,0.492087791471786
trip-specific,2526,11.2132551666667,10.8013166713386,0.390407002738763,-0.0215314925893046
trip-specific,2527,50.6661278,51.1134135725603,0.803389292996121,0.803389292996121
trip-specific,2533,18.0561031666667,17.1580510846808,1.15085209075747,0.252800008771613
trip-specific,2535,10.3032682333333,10.012968929448,0.333764997074898,0.043465693189594
trip-specific,2539,8.1954721,7.86064873257437,0.51436435406111,0.179540986635484
trip-specific,2549,6.58098826666667,6.67331542560036,0.326902294571578,0.326902294571578
trip-specific,2550,20.7212165,20.4034954412709,0.357385079287605,0.0396640205585062
trip-specific,2552,36.3227526333333,34.2870611099969,0.261810371778907,-1.77388115155753
trip-specific,2573,24.0334497,23.9718151139705,0.369520655264957,0.307886069235434
trip-specific,2579,46.8125404,47.9590721760131,0.868342638847634,0.868342638847634
trip-specific,2581,31.1409137,30.7966533515123,0.185169172943742,-0.159091175544016
trip-specific,2585,24.4898891,23.6278297823212,0.184686709716173,-0.677372607962598
trip-specific,2597,18.3022634,20.5063337768237,0.519492804907832,0.519492804907832
trip-specific,2609,18.2032551333333,19.1740051008239,0.386104983010187,0.386104983010187
trip-specific,2610,29.1690413,30.347640690263,0.413497993336864,0.413497993336864
trip-specific,2613,54.9103619666667,57.0394171090979,1.2501329725016,1.2501329725016
trip-specific,2622,14.9569910666667,14.8138879088816,0.187666247219021,0.0445630894339474
trip-specific,2624,19.7370857,18.7171361582267,0.501510705734854,-0.518438836038396
trip-specific,2641,29.9322591,32.1716724700749,0.621401597975719,0.621401597975719
trip-specific,2648,14.7625236333333,15.0396179773641,0.289689805426511,0.289689805426511
trip-specific,2664,11.3669152,14.1948938757175,1.70170081727537,1.70170081727537
trip-specific,2676,32.6921963666667,30.8170183914953,0.569996194244789,-1.30518178092663
trip-specific,2687,26.2649491333333,23.7673449686951,0.39961854535787,-2.09798561928036
trip-specific,2695,17.0892816333333,17.6004487023763,0.403991381124931,0.403991381124931
trip-specific,2703,20.6408397666667,20.8046311287885,0.246538456534756,0.246538456534756
trip-specific,2707,20.3925724333333,19.4844875572431,0.449294507804983,-0.45879036828526
trip-specific,2732,24.0005665666667,24.1623936885097,0.281950331180532,0.281950331180532
trip-specific,2736,18.4946354,17.3727908739686,0.567898799508952,-0.553945726522468
trip-specific,2744,22.2017852333333,21.9566540678571,0.778633746526896,0.533502581050701
trip-specific,2745,7.13474393333333,7.36493340492248,0.367744526669479,0.367744526669479
trip-specific,2746,37.4344826,34.5971874990046,0.527256881161972,-2.31003821983349
trip-specific,2756,6.12403213333333,5.61454441746002,0.316254754009434,-0.193232961863883
trip-specific,2766,30.2345023666667,28.9992316378835,0.34497028963319,-0.890300439149949
trip-specific,2770,8.34684876666667,8.03794177693262,0.431923375456813,0.123016385722761
trip-specific,2782,25.9047653,25.7261613446392,0.912508958831988,0.733905003471171
trip-specific,2785,36.0372628666667,36.3011370536235,2.03477534492675,2.03477534492675
trip-specific,2809,48.5637884,49.7887074159932,1.25335806384294,1.25335806384294
trip-specific,2821,17.3085646,18.659920668483,0.320855893021424,0.320855893021424
trip-specific,2828,7.51880956666667,7.74166379586236,0.361332076354886,0.361332076354886
trip-specific,2857,43.1480390666667,42.6402856494874,0.46450677508845,-0.043246642090795
trip-specific,2864,6.99403683333333,7.04265816301315,0.536812267656001,0.536812267656001
trip-specific,2884,27.8953560666667,28.1704899931118,0.472734912467632,0.472734912467632
trip-specific,2896,13.1881437333333,12.7968579757145,0.802508678272613,0.411222920653771
trip-specific,2902,6.6257734,6.03206738052096,0.335686927195593,-0.258019092283451
trip-specific,2912,21.4685262666667,22.6505279096273,0.335193603730155,0.335193603730155
trip-specific,2934,8.66182586666667,8.58946395281445,0.369448071579729,0.297086157727517
trip-specific,2948,25.7376390666667,25.2974000007719,0.363058932759302,-0.0771801331354957
trip-specific,2949,27.0524875333333,27.6670690385384,0.364508535613002,0.364508535613002
trip-specific,2955,39.9370093666667,40.6879256321581,0.255971598735539,0.255971598735539
trip-specific,2956,28.8981944,29.2495815429085,0.313677952989899,0.313677952989899
trip-specific,2966,23.5184399333333,22.9352615570562,0.199885010973134,-0.383293365303977
trip-specific,2970,19.1321524666667,18.2310089099033,0.351865149601331,-0.549278407162077
trip-specific,2974,21.3708467333333,20.6885583003968,0.291723310516406,-0.390565122420125
trip-specific,2977,41.1142113666667,40.479308209452,0.578130204863914,-0.0567729523507868
trip-specific,3000,23.2149867,23.9351973989897,0.198072184934972,0.198072184934972
trip-specific,3001,34.7403935333333,40.1842223919374,11.0413180889849,11.0413180889849
trip-specific,3004,32.9663107333333,32.7632213397856,0.114243741516852,-0.0888456520308975
trip-specific,3011,21.4427228,21.5059605016319,0.160963255196707,0.160963255196707
trip-specific,3015,32.5519443666667,32.2147867873334,0.431060986655992,0.093903407322677
trip-specific,3048,20.0910275,19.2259038865474,0.218903024317417,-0.64622058913515
trip-specific,3067,19.5565482,19.2617047346256,0.332453513634815,0.0376100482604377
trip-specific,3084,13.9817577666667,14.5937251453043,0.268357733318393,0.268357733318393
trip-specific,3109,76.6842519333333,78.6649048485853,0.442738169610382,0.442738169610382
trip-specific,3117,39.5439634333333,41.8613696346567,0.512538880898729,0.512538880898729
trip-specific,3120,20.9250706666667,22.6199278747231,0.452090289785903,0.452090289785903
trip-specific,3160,28.6881684333333,28.9751117828699,0.399644732123158,0.399644732123158
trip-specific,3164,22.4701464666667,23.4999511340189,0.304202279727929,0.304202279727929
trip-specific,3176,15.7349357333333,14.6366909920647,0.323101775807653,-0.775142965460978
trip-specific,3183,16.6506397666667,16.9048375234985,0.370945840529308,0.370945840529308
trip-specific,3188,15.1345464333333,15.8453390822809,0.415701821437248,0.415701821437248
trip-specific,3206,26.1855841666667,25.9567410050971,0.421010346611717,0.192167185042142
trip-specific,3232,27.8823027333333,29.4732071429002,0.422965447833348,0.422965447833348
trip-specific,3242,16.6603870333333,16.0554200154583,0.253097559381777,-0.351869458493274
trip-specific,3251,12.4366742666667,13.3856592511796,0.218396536839178,0.218396536839178
trip-specific,3264,19.3408973333333,18.1799235051134,0.318921300426134,-0.842052527793786
trip-specific,3270,13.4907736666667,13.439188606408,0.193008582475749,0.141423522217065
trip-specific,3286,27.3681498666667,26.9248504577023,0.369093317886413,-0.0742060910779691
trip-specific,3314,7.1082428,7.48681436141825,0.237277400272502,0.237277400272502
trip-specific,3320,13.3345765666667,13.1609033296748,0.225287046097648,0.0516138091057361
trip-specific,3349,10.831823,10.8122324659082,0.239778837911231,0.220188303819398
trip-specific,3353,22.3192147666667,21.2676944627633,0.243543530224141,-0.8079767736792
trip-specific,3366,24.3809399666667,24.8699536866456,0.781104258098011,0.781104258098011
trip-specific,3367,27.6737005666667,24.8125004084401,0.406978658972372,-2.45422149925415
trip-specific,3379,22.0736196666667,22.6023671938993,0.405138942349654,0.405138942349654
trip-specific,3385,26.049395,26.9412559505891,0.470679498114856,0.470679498114856
trip-specific,3388,13.1923266666667,13.5447108305784,0.181813966938575,0.181813966938575
trip-specific,3392,21.3233967,20.6715671504854,0.234664653338778,-0.417164896175806
trip-specific,3393,50.3821573333333,48.9228549219386,0.433310098497999,-1.02599231289673
trip-specific,3410,22.2417315,21.8037582855189,0.432750926010912,-0.00522228847019934
trip-specific,3412,52.8831911,53.7876588479832,0.455554012910481,0.455554012910481
trip-specific,3449,16.3525942,15.5669852766333,0.287319648818717,-0.498289274547985
trip-specific,3451,26.7411549333333,25.2452369653668,0.533569641937028,-0.962348326029464
trip-specific,3468,8.41299203333334,8.07914533284345,0.180223081642372,-0.153623618847514
trip-specific,3472,27.4983481333333,25.6693457332366,0.481154327120772,-1.34784807297592
trip-specific,3488,32.8703412666667,32.8979152637983,0.310515874907466,0.310515874907466
trip-specific,3491,14.8124679333333,13.5388825418351,0.260060664060079,-1.01352472743815
trip-specific,3493,46.6216982666667,47.3227283621994,0.491708421114176,0.491708421114176
trip-specific,3496,32.4340113333333,33.561478432505,0.276065277417515,0.276065277417515
trip-specific,3519,34.3691534666667,34.1390270864327,0.962502255498056,0.732375875264108
trip-specific,3527,5.355756,5.58567815389706,0.212277524736243,0.212277524736243
trip-specific,3530,11.2985722666667,11.5418261918769,0.31852435219131,0.31852435219131
trip-specific,3534,22.3381618333333,22.7760578507367,0.326678858956218,0.326678858956218
trip-specific,3541,19.9332076,21.0831815395412,0.620706934316823,0.620706934316823
trip-specific,3613,13.3005739666667,12.4884327197386,0.26439870719342,-0.547742539734683
trip-specific,3621,9.18862946666667,9.11647549605781,0.371488379031153,0.299334408422296
trip-specific,3623,9.0496919,8.84559941157983,0.265391567518827,0.0612990790986555
trip-specific,3633,8.426536,8.12631791015233,0.274131176898662,-0.0260869129490111
trip-specific,3639,8.6848646,8.46725474976277,0.253507528674013,0.0358976784367856
trip-specific,3651,5.4546585,5.13193352693398,0.183215271147388,-0.13950970191863
trip-specific,3652,22.1164378,22.4313381293683,0.228448224704301,0.228448224704301
trip-specific,3660,25.8522386,29.2142480974528,0.501077311581367,0.501077311581367
trip-specific,3687,29.4503219666667,30.9257783265627,0.266919114836795,0.266919114836795
trip-specific,3704,36.1208916333333,38.5304669330397,0.525614558899157,0.525614558899157
trip-specific,3705,12.275325,11.8151362705794,0.31732636143648,-0.142862367984142
trip-specific,3717,36.7654853666667,37.3686175128598,0.512205994910047,0.512205994910047
trip-specific,3725,14.9433954666667,15.0045358453914,0.162488144519752,0.162488144519752
trip-specific,3729,30.4335898666667,32.5219944447302,0.421130467203347,0.421130467203347
trip-specific,3730,24.6676163666667,23.8385708218911,0.434385720595358,-0.394659824180181
trip-specific,3738,18.3818191666667,19.5148320874114,0.441408083687279,0.441408083687279
trip-specific,3769,32.4667165666667,32.8009608320566,0.445538754652999,0.445538754652999
trip-specific,3775,37.1171924,38.173943684949,0.457941691132107,0.457941691132107
trip-specific,3777,19.6405450666667,18.9308456889415,0.345552513748182,-0.364146863976977
trip-specific,3798,28.0401337333333,28.4523677749639,0.37400449387724,0.37400449387724
trip-specific,3814,25.0464402666667,24.7996232821981,0.503221985961494,0.256405001492881
trip-specific,3820,32.8450261,31.351340827803,0.41954029790234,-1.07414497429468
trip-specific,3821,11.1354485333333,10.5160189399075,0.286899104820097,-0.33253048860571
trip-specific,3846,7.8477318,7.86186468708114,0.115219007487242,0.115219007487242
trip-specific,3862,28.0484121666667,26.9944639764193,0.412721303397084,-0.641226886850309
trip-specific,3884,26.7133739333333,27.8814130607531,0.476612507449685,0.476612507449685
trip-specific,3894,16.1819373666667,15.2621386067935,0.314517672127084,-0.605281087746064
trip-specific,3895,26.8259155666667,26.3555709260878,0.33663351465953,-0.133711125919307
trip-specific,3899,52.4604257,49.1272779835544,0.6416971653343,-2.69145055111127
trip-specific,3918,34.5220949,34.3006778950148,0.545740595951423,0.324323590966195
trip-specific,3937,47.2080568,48.3576682492177,0.420839004058294,0.420839004058294
trip-specific,3948,14.3094903333333,14.3732446215404,0.316690872674134,0.316690872674134
trip-specific,3950,8.97872376666667,9.26842914751978,0.220024336217064,0.220024336217064
trip-specific,3960,18.8771353666667,17.4927115391013,0.313622092648103,-1.07080173491723
trip-specific,3968,15.2559073333333,14.8975761371636,0.274813829913512,-0.0835173662562087
trip-specific,3976,32.1646157,31.6451353159639,0.646658812270126,0.127178428234033
trip-specific,3991,133.067114633333,144.860425643899,3.9038715744093,3.9038715744093
trip-specific,3995,20.6433058666667,20.7941579880754,0.414832178634358,0.414832178634358
trip-specific,3997,44.3026123333333,44.8810829509965,0.597029168029601,0.597029168029601
trip-specific,4008,16.2317120666667,15.7925986505499,0.20024775717723,-0.238865658939526
trip-specific,4011,48.1128602,46.554402368662,0.526079824093769,-1.03237800724421
trip-specific,4014,8.7714326,9.53160258799815,0.236556209748334,0.236556209748334
trip-specific,4038,10.0413739666667,10.2815096206597,0.341205953305732,0.341205953305732
trip-specific,4048,20.958573,20.3706911669852,0.279491747231009,-0.308390085783743
trip-specific,4056,19.983232,19.8647836240259,0.311371601566983,0.192923225592897
trip-specific,4067,39.6717720333333,37.5529876862955,0.460184331098376,-1.65860001593942
trip-specific,4070,24.0672409333333,24.0495568041273,0.256841987983178,0.239157858777128
trip-specific,4084,15.4316183,15.9544154518396,0.266116472315152,0.266116472315152
trip-specific,4102,4.9527268,5.13662938035047,0.23316015034779,0.23316015034779
trip-specific,4118,57.9260419333334,57.1364700824294,0.757127271571491,-0.0324445793324776
trip-specific,4126,48.8306643666667,46.5171213251992,0.536548929166391,-1.77699411230107
trip-specific,4127,30.4811283333333,32.5590350913499,0.603954751242193,0.603954751242193
trip-specific,4130,22.2095605333333,22.5777552117667,0.436550751443488,0.436550751443488
trip-specific,4133,21.3070676333333,22.0359384873158,0.236393453692642,0.236393453692642
trip-specific,4135,18.5858931,19.7620891740494,0.317468621764684,0.317468621764684
trip-specific,4153,7.675109,5.86114661729879,0.228402239442596,-1.58556014325861
trip-specific,4202,31.1714964333333,31.985941875264,1.13262536308043,1.13262536308043
trip-specific,4215,21.7232674666667,21.100431560136,0.396456342643904,-0.226379563886714
trip-specific,4225,26.6927618666667,28.3398632323604,0.373298897916373,0.373298897916373
trip-specific,4232,19.3074529333333,20.0573057172548,0.94380996078469,0.94380996078469
trip-specific,4234,31.1946628333333,31.3889469074763,0.152988490555757,0.152988490555757
trip-specific,4235,11.9804791333333,12.5325840546611,1.11047859564911,1.11047859564911
trip-specific,4252,56.4570601666667,62.899554428035,3.5097579429323,3.5097579429323
trip-specific,4265,35.2759460333333,38.0800526990299,1.29253063601216,1.29253063601216
trip-specific,4267,16.7685281333333,16.6728021690105,0.433695996252629,0.33797003192978
trip-specific,4284,15.8251533666667,15.9292136999642,0.207692145386795,0.207692145386795
trip-specific,4296,35.4760926666667,36.1672424097374,0.326970028303726,0.326970028303726
trip-specific,4300,20.9015795666667,20.9818686013021,0.44891361773425,0.44891361773425
trip-specific,4319,51.2386300666667,53.3538058526455,0.848496224953755,0.848496224953755
trip-specific,4322,40.2224748333334,41.3056634197031,0.551829043814704,0.551829043814704
trip-specific,4324,35.0384891666667,35.4711015818755,0.570564515080727,0.570564515080727
trip-specific,4335,17.3385173333333,16.9937410417398,0.305257796307938,-0.039518495285563
trip-specific,4346,21.6563854666667,21.9655163255413,0.0828663106992227,0.0828663106992227
trip-specific,4373,23.8817620666667,24.4142944328242,0.384547344598653,0.384547344598653
trip-specific,4377,22.9640474,23.8331401699105,0.309072403628258,0.309072403628258
trip-specific,4389,43.0990514333333,43.5369104341231,0.449320486170354,0.449320486170354
trip-specific,4399,21.1952589333333,20.3891354635554,0.315519853801409,-0.490603615976511
trip-specific,4403,20.6841857333333,20.5203205257678,0.392705760110814,0.228840552545232
trip-specific,4429,36.0271087,39.3986933947908,1.91285052705286,1.91285052705286
trip-specific,4443,16.1879595333333,16.298224193372,0.220850069606165,0.220850069606165
trip-specific,4465,32.5877662666667,33.1385928748763,0.367119540529492,0.367119540529492
trip-specific,4469,17.7286102333333,17.5512736463597,0.234342940517749,0.0570063535441074
trip-specific,4473,22.3372953,20.4563866390601,0.373069787621828,-1.50783887331803
trip-specific,4477,21.1445928666667,20.2410450615982,0.336404554883101,-0.567143250185341
trip-specific,4478,33.5706746333333,34.4967430228892,0.580657526896418,0.580657526896418
trip-specific,4487,26.2002915,23.5448219500905,0.511734235991997,-2.14373531391749
trip-specific,4496,17.3224347333333,17.991310253045,0.647841193183755,0.647841193183755
trip-specific,4508,20.5494694333333,19.6829832039371,0.3543451410671,-0.512141088329087
trip-specific,4549,27.6040338333333,27.5060966011799,0.356824895151147,0.258887662997698
trip-specific,4565,18.6333929,19.9259425291439,0.259798721443078,0.259798721443078
trip-specific,4575,23.8296745,24.5719517306061,0.277038162703144,0.277038162703144
trip-specific,4591,47.2650938,49.6632489625337,2.78795033648288,2.78795033648288
trip-specific,4607,23.2949246666667,23.1101002318176,0.479959243858942,0.29513480900988
trip-specific,4668,6.32511633333333,5.56476257529961,0.275650436578376,-0.484703321455352
trip-specific,4686,9.78348896666667,9.55969487160517,0.134293179655854,-0.0895009154056391
trip-specific,4703,31.6828034333333,31.1787101990338,0.392827308443541,-0.111265925856013
trip-specific,4726,27.6459942,30.0370909240327,0.457514080586375,0.457514080586375
trip-specific,4733,12.3245659666667,12.2199522220728,0.208745951616826,0.104132207022954
trip-specific,4744,23.5502263,24.6922625773377,0.325279729395255,0.325279729395255
trip-specific,4752,21.3688185,21.2550272824219,0.203453355822667,0.0896621382445346
trip-specific,4756,23.7708990666667,24.2741075433868,0.278290181640716,0.278290181640716
trip-specific,4765,41.4082150333333,43.8213282798102,0.572774965425004,0.572774965425004
trip-specific,4766,28.8961736666667,30.0785126481708,0.41479081445881,0.41479081445881
trip-specific,4799,16.7779746666667,17.5401648488708,0.292961683100074,0.292961683100074
trip-specific,4803,17.7719347666667,16.3674239380592,0.365965843038308,-1.03854498556914
trip-specific,4823,31.08724,29.156515479072,0.365352506562918,-1.5653720143651
trip-specific,4836,26.7769563666667,23.9829107861919,0.611363085318733,-2.18268249515601
trip-specific,4842,15.2815203,13.5395865928021,0.150881440811361,-1.59105226638657
trip-specific,4848,21.0913406666667,18.8256907295227,0.433359354684671,-1.83229058245928
trip-specific,4871,37.4950905,37.2658053159221,0.974073818585142,0.744788634507211
trip-specific,4875,43.1497767666667,39.9268245656555,0.421053887879483,-2.80189831313166
trip-specific,4881,16.4729709333333,18.099306985006,0.513388139811295,0.513388139811295
trip-specific,4891,7.9695472,8.28908853151157,0.174513080428444,0.174513080428444
trip-specific,4915,29.7430354333333,24.6468689236835,0.577809308060658,-4.51835720158916
trip-specific,4945,36.5900854,37.0330709153705,0.422814663470454,0.422814663470454
trip-specific,4949,31.8155386333333,31.8372221554246,0.434163413047708,0.434163413047708
trip-specific,4956,23.7197219,23.0836763894019,0.700155812680457,0.0641103020823051
trip-specific,4960,68.6338854333334,68.4353889087248,0.24623660832131,0.0477400837127806
trip-specific,4973,20.6451251333333,20.1438389405011,0.21957440449575,-0.28171178833645
trip-specific,4987,34.5409377333333,32.9992459312193,0.454452991971785,-1.08723881014225
trip-specific,5020,38.0518668,32.6397625477911,1.22410070000446,-4.18800355220447
trip-specific,5034,14.8673556666667,13.5596092827378,0.417636785140493,-0.890109598788395
trip-specific,5037,16.9849143666667,17.1238412308104,0.991958127656692,0.991958127656692
trip-specific,5069,14.1620864333333,13.7945940788742,0.179641175940922,-0.187851178518202
trip-specific,5075,18.0494024333333,19.8431781210848,0.64693669928898,0.64693669928898
trip-specific,5080,28.8345138333334,28.3718926185149,0.298172035674068,-0.164449179144355
trip-specific,5089,8.4650428,8.64358643888852,0.255114752522641,0.255114752522641
trip-specific,5104,28.6108646666667,28.7631380515114,0.646238018049007,0.646238018049007
trip-specific,5107,44.3044752333333,44.8801151174662,0.413713944829196,0.413713944829196
trip-specific,5108,22.5579054,21.1912786654523,0.373901637770025,-0.992725096777651
trip-specific,5121,19.7582964666667,19.2689838687848,0.157811610516944,-0.331500987364891
trip-specific,5134,37.7771263333333,37.6148419761741,0.386788283928815,0.224503926769592
trip-specific,5141,28.4690165666667,28.6145319417891,0.118436853468937,0.118436853468937
trip-specific,5163,44.1741683333333,44.9725360028045,0.311655175864701,0.311655175864701
trip-specific,5168,38.7650909,39.8614801137114,0.513207471120706,0.513207471120706
trip-specific,5182,17.4344175,17.6034754543593,0.403196183305806,0.403196183305806
trip-specific,5200,24.4897005666667,24.1893584221512,0.309438757585379,0.0090966130699176
trip-specific,5203,24.9354687666667,25.3368832968078,0.488750921090884,0.488750921090884
trip-specific,5217,29.6067459666667,28.3164210968337,0.447527837663216,-0.842797032169721
trip-specific,5219,19.6569366333333,19.8531895551014,0.206479263514883,0.206479263514883
trip-specific,5232,14.9262860333333,14.2378678969445,0.547063399652757,-0.14135473673608
trip-specific,5242,40.4199951,42.66811634802,2.95538420104943,2.95538420104943
trip-specific,5270,24.4652783333333,24.8024706581607,0.150829071835851,0.150829071835851
trip-specific,5319,25.6370064,26.4781749014193,0.528267198181973,0.528267198181973
trip-specific,5338,20.4095592666667,21.2350213818016,0.27590519819596,0.27590519819596
trip-specific,5370,17.6594964666667,15.542813203917,0.287309689812613,-1.82937357293707
trip-specific,5385,35.4091889,38.1416050385916,0.444258422544792,0.444258422544792
trip-specific,5392,87.1272544666667,96.886543305637,2.90659744012739,2.90659744012739
trip-specific,5402,30.5638504,31.4511147674229,0.453523245071909,0.453523245071909
trip-specific,5415,18.4773144333333,19.8886045638945,0.356103317894599,0.356103317894599
trip-specific,5449,27.4396499666667,28.6289531608597,0.475581562361762,0.475581562361762
trip-specific,5462,32.9926771333334,34.2908966038589,0.414250065263578,0.414250065263578
trip-specific,5471,13.4772007333333,14.8453744470414,1.15483069495553,1.15483069495553
trip-specific,5477,20.4505921333333,20.4851299430257,0.14128733946714,0.14128733946714
trip-specific,5480,36.5409756,35.0972983239918,0.360999470852308,-1.0826778051559
trip-specific,5482,10.6160175333333,10.2905886791599,0.305039141836519,-0.0203897123369439
trip-specific,5484,17.3622581666667,17.8947869239538,0.293609763028203,0.293609763028203
trip-specific,5497,26.5539412,27.7430825573226,0.51211019786093,0.51211019786093
trip-specific,5501,23.6672359,25.9926718893267,0.432330574949725,0.432330574949725
trip-specific,5503,15.5142988333333,16.3738834996472,0.318969974639146,0.318969974639146
trip-specific,5513,29.7323874666667,31.1642937506469,0.679095858961893,0.679095858961893
trip-specific,5523,38.7984125,38.7015814957152,0.452702700786321,0.355871696501498
trip-specific,5534,29.6409175666667,27.3703660179932,0.379553629078729,-1.89099791959472
trip-specific,5557,8.2011783,8.88207143028702,0.438341023624569,0.438341023624569
trip-specific,5561,22.3355825,22.7705226478721,0.328718564317327,0.328718564317327
trip-specific,5562,9.94102156666667,9.98755260178806,0.192746829255105,0.192746829255105
trip-specific,5570,14.6701415333333,14.5691343675759,0.289377939613315,0.188370773855902
trip-specific,5573,11.8270623666667,12.0024324688186,0.635835248426919,0.635835248426919
trip-specific,5600,17.5371554,17.6672941350893,0.227572948452518,0.227572948452518
trip-specific,5636,31.1688138333333,29.0461921910519,0.392726256237994,-1.72989538604346
trip-specific,5649,20.1836735666667,21.438085766696,0.346918645386767,0.346918645386767
trip-specific,5659,12.2560949,12.7973349095476,0.151414191592863,0.151414191592863
trip-specific,5686,22.1997209,21.3852872501521,0.334655645795271,-0.479778004052656
trip-specific,5701,7.13854573333333,7.33743590176187,0.178247356943635,0.178247356943635
trip-specific,5747,24.7189484666667,24.8596037429244,0.355391809311273,0.355391809311273
trip-specific,5767,16.1809195333333,15.6010547520384,0.341419812171876,-0.238444969123079
trip-specific,5770,8.39707493333333,8.4323674284625,0.448307720539244,0.448307720539244
trip-specific,5786,52.9741993333334,58.9209553326018,2.66717208328362,2.66717208328362
trip-specific,5800,27.4548528,28.4996611464504,0.364971862536108,0.364971862536108
trip-specific,5811,14.4177588,15.6421111690222,0.654132044375847,0.654132044375847
trip-specific,5841,8.8972182,8.77500420476785,0.409833109857879,0.287619114625733
trip-specific,5853,22.7333924666667,22.678323708705,0.290150951501558,0.235082193539874
trip-specific,5867,33.3564238666667,33.5807864363817,0.247782322964302,0.247782322964302
trip-specific,5876,31.7739910333333,29.6385660572891,0.279403126763493,-1.85602184928072
trip-specific,5896,6.26168853333333,6.21148586635445,0.385044297911515,0.334841630932627
trip-specific,5897,31.9719294,38.2796351629927,14.2564977777102,14.2564977777102
trip-specific,5901,27.8373427666667,27.2049867196884,0.804326513690827,0.171970466712535
trip-specific,5903,6.85699106666667,6.84483310226293,0.143124606893354,0.130966642489612
trip-specific,5905,12.7591725333333,12.7542260002966,0.624297980545084,0.619351447508344
trip-specific,5920,8.72099783333333,8.70381588459082,0.1284883185686,0.111306369826089
trip-specific,5935,50.4251698,52.0483147305099,1.4328759636245,1.4328759636245
trip-specific,5945,10.1845271333333,10.3862129577012,0.121408073107274,0.121408073107274
trip-specific,5971,13.7869556333333,13.7396151156549,0.308542634465255,0.261202116786809
trip-specific,5991,19.6542937666667,18.1454195580425,0.320957881789326,-1.18791632683489
trip-specific,6004,23.3763239,23.2369568129872,0.280367309956997,0.141000222944154
trip-specific,6023,12.9861537333333,13.0310993356355,0.164064537064896,0.164064537064896
trip-specific,6028,41.9681563666667,43.1813505749449,3.17912231744202,3.17912231744202
trip-specific,6044,5.40791953333333,5.14664806486523,0.335398195677169,0.0741267272090602
trip-specific,6050,32.1773623333333,32.3517207484485,0.234147065924768,0.234147065924768
trip-specific,6059,16.7416474333333,16.4128806933875,0.436908278225723,0.108141538279903
trip-specific,6075,20.2716432666667,20.9430134779936,0.209567694407506,0.209567694407506
trip-specific,6089,18.1423340666667,17.7731172381143,0.300328455183398,-0.0688883733689268
trip-specific,6095,26.8998528,26.6672846009006,0.12488920925098,-0.107678989848414
trip-specific,6117,30.6810569,31.1677363525242,0.182066172891694,0.182066172891694
trip-specific,6164,25.4317462333333,25.6127351024281,0.418750332438986,0.418750332438986
trip-specific,6275,31.8524642333333,32.0551596155396,0.304192278297914,0.304192278297914
trip-specific,6286,25.7400153666667,25.7076470985643,0.301630925249989,0.269262657147654
trip-specific,6289,9.93166676666667,10.9950229313826,0.305691798251005,0.305691798251005
trip-specific,6309,23.6196483,22.9474831812606,0.307180381504825,-0.364984737234589
trip-specific,6312,38.9993373333333,41.3423140878051,0.463834845267093,0.463834845267093
trip-specific,6322,33.27756,30.6136411981065,0.550468480863084,-2.1134503210304
trip-specific,6326,14.6431504333333,15.764716774764,0.32378667600073,0.32378667600073
trip-specific,6330,10.8712425,10.9618200383036,0.12655243007171,0.12655243007171
trip-specific,6333,5.70020753333333,6.21078298991103,0.750837367682362,0.750837367682362
trip-specific,6350,25.8572900333333,25.237402127293,0.349961330909557,-0.269926575130726
trip-specific,6368,25.4276941333333,26.2423386461037,0.370492383349443,0.370492383349443
trip-specific,6389,9.71338613333333,12.2472018320623,1.04411306407674,1.04411306407674
trip-specific,6398,36.8975864333333,38.585535794318,0.366027582597422,0.366027582597422
trip-specific,6406,27.665324,26.2634100621224,0.242478910752975,-1.15943502712464
trip-specific,6424,7.1958983,6.80123356246657,0.16745438782583,-0.2272103497076
trip-specific,6464,20.3585736,20.4632832396684,0.31991384634875,0.31991384634875
trip-specific,6465,22.8475061666667,23.0893022613508,0.308825197691689,0.308825197691689
trip-specific,6470,20.3249401666667,20.0824421594303,0.473911782751527,0.231413775515174
trip-specific,6475,12.5858742,12.2931349323921,0.172715319322448,-0.120023948285477
trip-specific,6485,32.3114728333333,32.1756703224584,0.296963491942138,0.161160981067185
trip-specific,6489,18.4060080666667,18.0861356880921,0.141555898309828,-0.178316480264706
trip-specific,6492,35.3933461666667,34.6553658986564,0.372034626487887,-0.365945641522353
trip-specific,6505,15.7190092333333,15.7853919740133,0.224296890464741,0.224296890464741
trip-specific,6508,31.8745271333333,29.7512648675338,0.691532649370083,-1.4317296164295
trip-specific,6511,16.1396579,15.9644916520362,0.180910466103693,0.00574421813989126
trip-specific,6515,9.9844163,9.68054188312877,0.469972174070917,0.166097757199686
trip-specific,6522,16.8609063666667,17.4143585900567,0.447316701299571,0.447316701299571
trip-specific,6524,13.5046045333333,14.7310059456812,0.355060768741753,0.355060768741753
trip-specific,6539,19.9894478666667,20.9534632227198,0.330917097853654,0.330917097853654
trip-specific,6541,9.45895016666667,8.89755964749781,0.228630328561736,-0.332760190607123
trip-specific,6546,19.4968382,18.8936414548347,0.418441102964471,-0.184755642200857
trip-specific,6558,24.8615706333333,24.3778902427989,0.166345306612224,-0.317335083922225
trip-specific,6560,20.9228257,21.0437453526233,0.318212371280817,0.318212371280817
trip-specific,6566,30.6626534666667,31.4840597603929,0.57746799759465,0.57746799759465
trip-specific,6572,44.3196758333333,43.4378208559374,0.495807353470887,-0.386047623925087
trip-specific,6596,35.3375349,39.9490612499972,3.24152133376,3.24152133376
trip-specific,6600,47.541678,46.4739930666259,0.144416201627239,-0.923268731746872
trip-specific,6601,25.3736252666667,26.0723879461599,0.396360005372082,0.396360005372082
trip-specific,6604,28.6913919666667,27.1599473760721,0.633154813957279,-0.89828977663731
trip-specific,6607,19.0073543666667,18.3142032372662,0.312668825539042,-0.380482303861442
trip-specific,6611,41.4729211333333,40.9698335706791,0.293527083201412,-0.209560479452875
trip-specific,6621,31.2452747666667,31.6762681182972,0.409898308477955,0.409898308477955
trip-specific,6643,30.2505217,28.4929288172519,0.473738977365926,-1.28385390538217
trip-specific,6648,22.5967608666667,22.4257948744912,0.789022196673503,0.618056204498053
trip-specific,6663,19.2262385666667,18.4973958972959,0.310506037614739,-0.418336631756006
trip-specific,6674,34.5519015,34.3039994469764,0.652988348556929,0.40508629553337
trip-specific,6678,5.1959321,5.20386147689405,0.339019361063156,0.339019361063156
trip-specific,6693,21.5522705666667,21.0530799854606,0.416436612923511,-0.0827539682825754
trip-specific,6701,20.6683897,20.3650853857714,0.345464382833595,0.0421600686049689
trip-specific,6709,22.8139648666667,23.480513742257,0.655477793652657,0.655477793652657
trip-specific,6738,12.6061464333333,11.7313850720001,0.645776098771092,-0.228985262562163
trip-specific,6754,10.3537653333333,10.6701308519333,0.285832284108333,0.285832284108333
trip-specific,6761,12.4123652333333,12.8889567463938,0.59215927593517,0.59215927593517
trip-specific,6779,23.1364235333333,22.1350899171888,0.294104808649428,-0.707228807495125
trip-specific,6793,13.2176386333333,13.1878082686039,0.238235913325546,0.208405548596122
trip-specific,6827,67.4285190666667,66.3468655334557,0.567686590891215,-0.513966942319753
trip-specific,6833,32.9787582,32.1423156876547,0.219106826668495,-0.617335685676833
trip-specific,6854,8.3645308,8.41556319499094,0.189509332664262,0.189509332664262
trip-specific,6877,35.176686,35.9558111068976,0.462012586191873,0.462012586191873
trip-specific,6897,25.5785209666667,23.9266774823165,0.44162300581705,-1.21022047853311
trip-specific,6898,11.9980388666667,12.3829571977608,0.745899125281703,0.745899125281703
trip-specific,6901,16.9481713333333,15.8396264731638,0.402773435905767,-0.705771424263801
trip-specific,6909,6.49935896666667,6.1122664522854,0.336694587203819,-0.050397927177448
trip-specific,6926,10.5468875333333,10.305824861441,0.572310951749226,0.331248279856921
trip-specific,6934,43.3379676,42.9574716105607,0.748240608341209,0.367744618901856
trip-specific,6958,20.6681479,20.2130181346327,1.02234906254005,0.567219297172768
trip-specific,6982,13.2377018666667,13.2989370489197,0.41095653016062,0.41095653016062
trip-specific,6984,14.7650399,14.7527491768981,0.543868524059471,0.531577800957584
trip-specific,6993,4.95246883333333,4.51694117406169,0.195078732234334,-0.240448927037306
trip-specific,6995,29.7040954333333,31.0438418877319,0.352174244714489,0.352174244714489
trip-specific,7035,14.4304987666667,13.7025854763007,0.532023311004601,-0.195889979361405
trip-specific,7037,27.0793499666667,26.7464793176369,0.354693960781905,0.0218233117521364
trip-specific,7046,32.6899566666667,32.2252176058314,0.219115087617157,-0.245623973218114
trip-specific,7050,17.4996994,17.2486434776708,0.231986568921792,-0.0190693534074334
trip-specific,7068,22.2183039666667,22.8644390105095,0.77404032179009,0.77404032179009
trip-specific,7069,34.6320437666667,34.9876500066111,0.225853197412535,0.225853197412535
trip-specific,7083,32.6865553333333,31.8773372169914,0.22290696819636,-0.586311148145521
trip-specific,7123,25.2392866666667,24.6533390952944,0.13709864380888,-0.448848927563361
trip-specific,7150,49.9929522333334,50.1595422689186,0.455637092159295,0.455637092159295
trip-specific,7162,20.6719240666667,21.6857184689257,0.315700785205151,0.315700785205151
trip-specific,7166,16.4108157666667,18.8398818242808,0.380149034867362,0.380149034867362
trip-specific,7174,17.3608851666667,18.1874828497675,0.353548211016074,0.353548211016074
trip-specific,7194,19.1442327333333,20.8291217890365,0.391312490220607,0.391312490220607
trip-specific,7206,27.8367690666667,27.3278388845959,0.323943294642477,-0.184986887428336
trip-specific,7213,12.958771,12.5656176079287,0.0897958799547518,-0.303357512116569
trip-specific,7216,24.6139169666667,25.488934595348,0.365490156242251,0.365490156242251
trip-specific,7220,40.5425991,41.7120044713662,0.466206529580071,0.466206529580071
trip-specific,7228,21.7134094,21.349188417339,0.403573707277946,0.0393527246169222
trip-specific,7231,26.3168382333333,26.988630118868,0.328406343447822,0.328406343447822
trip-specific,7232,37.3466573,40.980955652548,0.785673285724164,0.785673285724164
trip-specific,7242,24.5598886666667,25.3941714519649,0.478839331739462,0.478839331739462
trip-specific,7244,13.0834213333333,12.8117404892556,0.175029145911922,-0.09665169816578
trip-specific,7254,38.9771888,36.2673114794807,0.530045457071278,-2.17983186344805
trip-specific,7263,30.7759532,30.2085087409736,0.445315796611902,-0.122128662414467
trip-specific,7289,27.2484425666667,27.6382627376815,0.355996356068104,0.355996356068104
trip-specific,7295,22.3086019,20.9585695688799,0.326462702680209,-1.02356962843991
trip-specific,7305,24.5490703666667,25.6253300360693,0.496308814235623,0.496308814235623
trip-specific,7345,25.2053437666667,23.8484729293322,0.407484392164015,-0.94938644517044
trip-specific,7346,36.1347355666667,36.9773331569566,0.49838274828993,0.49838274828993
trip-specific,7349,23.8327725,23.2279350543277,0.406514565279088,-0.198322880393172
trip-specific,7362,8.53711786666667,8.79074576527271,0.420162992169505,0.420162992169505
trip-specific,7372,6.02618356666667,5.79360175059747,0.232293927097909,-0.000287888971285955
trip-specific,7378,24.4783386,23.6036314914034,0.426083291418145,-0.448623817178429
trip-specific,7388,41.8521346,42.6180979386321,0.407000539582174,0.407000539582174
trip-specific,7392,20.0445864666667,20.4191280894784,0.181793785269808,0.181793785269808
trip-specific,7396,26.0854545,24.6227118897837,0.249181743881513,-1.21356086633477
trip-specific,7413,12.1904641,11.8239993687681,0.288531827924921,-0.0779329033070093
trip-specific,7420,27.7525707333333,28.2437149659932,0.450483844502028,0.450483844502028
trip-specific,7441,21.7773441,21.5843405268557,0.656710195415716,0.463706622271413
trip-specific,7452,25.6809317,22.6520541924011,0.34001456584675,-2.68886294175212
trip-specific,7460,30.362628,31.7917621294533,0.222724137593916,0.222724137593916
trip-specific,7474,15.5480914,16.7889550554364,0.74829965095983,0.74829965095983
trip-specific,7488,23.8305598333333,25.9151292210237,0.327580397028233,0.327580397028233
trip-specific,7496,21.4163133,20.1429533652267,0.414073626093094,-0.859286308680199
trip-specific,7497,15.8101590666667,15.9522295555093,0.500369994577188,0.500369994577188
trip-specific,7505,10.3897447666667,10.867506580542,0.328739440792671,0.328739440792671
trip-specific,7521,46.5148292666667,44.0591852968228,0.467446977148497,-1.98819699269532
trip-specific,7535,10.6928581666667,10.6048959119215,0.116025617382337,0.02806336263719
trip-specific,7540,21.2824016,18.6444805251233,0.442942613374685,-2.19497846150201
trip-specific,7542,42.3581316,45.3960704782611,0.514570104253885,0.514570104253885
trip-specific,7547,37.4995191,33.0698322105874,0.348371681486954,-4.08131520792561
trip-specific,7565,28.4709989,32.4086975304773,2.43250757577448,2.43250757577448
trip-specific,7593,16.5369986666667,18.7070654501123,0.596867385179817,0.596867385179817
trip-specific,7600,20.4414039333333,17.4429929036231,0.456039011697462,-2.5423720180128
trip-specific,7603,55.4245788333333,54.2250151990616,0.84120090714031,-0.358362727131438
trip-specific,7607,10.3849448,10.2443555768725,0.230176431448413,0.0895872083209179
trip-specific,7612,24.7365021333333,23.8133419606378,0.612432922284352,-0.310727250411208
trip-specific,7623,30.4488549666667,30.1627743787269,0.329090995958438,0.0430104080186308
trip-specific,7624,11.3720577666667,11.0656083048986,0.098398802468231,-0.20805065929988
trip-specific,7631,36.4038763,36.2348424386673,0.316603689311274,0.147569827978588
trip-specific,7657,22.1893516666667,21.3509992394186,0.405626703331106,-0.432725723916934
trip-specific,7663,10.808702,11.0200145512976,0.17472423112261,0.17472423112261
trip-specific,7677,29.267942,27.0489524095543,0.491725353234093,-1.7272642372116
trip-specific,7699,17.1327846333333,19.4263973675102,0.434013251262937,0.434013251262937
trip-specific,7708,50.4539092,50.998463394246,0.41486964246222,0.41486964246222
trip-specific,7745,22.5464736666667,22.3602993729958,0.245989671944132,0.0598153782733081
trip-specific,7759,28.7486893,29.2901092453208,0.389912370218985,0.389912370218985
trip-specific,7765,13.6067001,13.8706950979518,0.360199842255885,0.360199842255885
trip-specific,7767,15.7734094,14.5724335288012,0.334812874139164,-0.866162997059622
trip-specific,7776,16.4406879,17.0992028747639,0.309813360736079,0.309813360736079
trip-specific,7797,33.2068498666667,32.7996384358054,0.513389681171851,0.106178250310527
trip-specific,7806,31.0973308333333,31.6360287254767,0.367086067423701,0.367086067423701
trip-specific,7808,8.05309613333333,7.86119389607852,0.115412426479326,-0.0764898107754892
trip-specific,7820,20.4309718,21.0242113763428,0.37694127341481,0.37694127341481
trip-specific,7827,8.31043776666667,8.28116653139331,0.139328817187049,0.110057581913691
trip-specific,7834,62.7780671,63.6534723537499,0.35728338177378,0.35728338177378
trip-specific,7837,27.7510391666667,28.9308058992425,0.81217825727163,0.81217825727163
trip-specific,7864,20.1882620333333,19.4100100403165,0.242532588383145,-0.535719404633707
trip-specific,7883,26.2467530333333,28.5431805260865,1.3240719993589,1.3240719993589
trip-specific,7886,30.7157124,28.5081673759705,0.404377680471246,-1.80316734355822
trip-specific,7905,28.4482299666667,28.8558379110325,0.363501686470081,0.363501686470081
trip-specific,7911,12.5212172333333,12.6524439063682,0.34963945934437,0.34963945934437
trip-specific,7928,27.7359983,26.5129542408739,0.220408643610368,-1.00263541551575
trip-specific,7956,24.5478098,24.2865893216756,0.184356593068287,-0.0768638852561381
trip-specific,7962,44.3108056,45.4969519105088,0.458318106734489,0.458318106734489
trip-specific,7970,33.3991683666667,33.542977765242,0.827285652083526,0.827285652083526
trip-specific,7977,43.3689369333333,38.6732832197561,0.485846052708305,-4.2098076608689
trip-specific,7983,18.6657846333333,18.5437896364381,0.103258338823827,-0.0187366580714086
trip-specific,7984,37.3156033666667,37.2014255372641,0.688717734172213,0.574539904769635
trip-specific,8007,32.5412289666667,32.40754584182,0.491459473415664,0.357776348569044
trip-specific,8010,24.5540201666667,24.5280780739301,0.335782848652543,0.309840755915951
trip-specific,8011,6.1561389,6.22901761301546,0.26731056449084,0.26731056449084
trip-specific,8016,19.2817497666667,19.7498896401407,0.173063375765745,0.173063375765745
trip-specific,8019,58.2616807666667,60.2838322149126,1.5874044573623,1.5874044573623
trip-specific,8032,11.0909683333333,11.0888523057826,0.24124506927301,0.23912904172232
trip-specific,8040,23.7733278,24.178333600345,0.460271125486695,0.460271125486695
trip-specific,8041,24.2827477333333,23.3625705362196,0.557098547405357,-0.363078649708391
trip-specific,8064,33.6391528333333,33.8775695684283,0.191267784250917,0.191267784250917
trip-specific,8086,25.2831968,24.6696030103509,0.137454499495324,-0.476139290153803
trip-specific,8092,39.6979739333333,39.7182094412479,0.183641465457499,0.183641465457499
trip-specific,8095,23.6188607333333,23.4268566286887,0.224451566560846,0.0324474619161684
trip-specific,8101,24.2117046333333,21.566787830128,0.303902256980413,-2.34101454622491
trip-specific,8121,20.3483860333333,23.1219681838006,0.391629160474597,0.391629160474597
trip-specific,8133,20.0106401666667,21.2799690168731,0.382598799735042,0.382598799735042
trip-specific,8139,58.0444929,55.9393732853239,0.372135899282557,-1.7329837153936
trip-specific,8168,25.4885566,25.3799708347518,0.511199315012086,0.402613549763846
trip-specific,8180,10.6037486666667,10.7630926942554,0.406745662690107,0.406745662690107
trip-specific,8188,14.2854802666667,14.1290486344652,0.397575172315721,0.24114354011421
trip-specific,8192,24.6691649666667,26.0846447751611,2.54223184025012,2.54223184025012
trip-specific,8202,12.7770811666667,14.3179101618639,0.384268468406407,0.384268468406407
trip-specific,8203,28.6609971666667,24.3441821700169,0.501316476265892,-3.81549852038391
trip-specific,8205,19.4336147333333,19.7716913389608,0.375110520878448,0.375110520878448
trip-specific,8211,26.7762817333333,28.7474966107772,1.03827342279142,1.03827342279142
trip-specific,8224,8.29641496666667,8.94134080937192,0.276939807969916,0.276939807969916
trip-specific,8232,14.5340937,15.712824433957,0.279827264590697,0.279827264590697
trip-specific,8267,25.7496344333333,24.2578816229872,0.392334689221821,-1.09941812112429
trip-specific,8298,12.7712081333333,12.8362040567389,0.186660120416123,0.186660120416123
trip-specific,8316,30.7338501333333,32.2826465481618,0.521144896709974,0.521144896709974
trip-specific,8317,22.1840890333333,21.3529891760805,0.375352217005695,-0.455747640247185
trip-specific,8327,33.5608705666667,32.1282537892336,0.341847773187683,-1.09076900424537
trip-specific,8352,14.2767146666667,13.8855693098903,0.146651501514461,-0.24449385526192
trip-specific,8355,49.9721993333333,51.067368158569,0.409635872953413,0.409635872953413
trip-specific,8357,25.5134323,25.6934770925185,0.411788966669915,0.411788966669915
trip-specific,8360,27.8338566333333,27.1803816244523,0.351080236024006,-0.302394772857061
trip-specific,8383,13.8475945333333,13.8524113973019,0.301903648182745,0.301903648182745
trip-specific,8391,28.7986886,28.466030596202,0.609672165483064,0.277014161685005
trip-specific,8398,28.3902013333333,28.2146406931301,0.337246886764549,0.161686246561329
trip-specific,8407,30.3948304666667,31.0342586470705,0.488823749097368,0.488823749097368
trip-specific,8408,5.85817523333333,5.55922596722585,0.246181156392311,-0.0527681097151715
trip-specific,8410,16.9450432666667,17.9143898993273,0.503589015474675,0.503589015474675
trip-specific,8425,23.708104,22.5274968755484,0.464476795990788,-0.716130328460813
trip-specific,8448,20.6155538,18.5210231590573,0.331845500476423,-1.76268514046626
trip-specific,8454,24.1834114,23.3819269460308,0.334910385358784,-0.466574068610425
trip-specific,8475,13.4212097333333,13.3996135118754,0.18162600511513,0.160029783657171
trip-specific,8478,32.5517098333334,30.2880996694302,0.554466026850586,-1.70914413705254
trip-specific,8497,20.9830456666667,20.9276890019512,0.31095917334921,0.255602508633759
trip-specific,8510,29.0902183,29.7742209818913,0.39659492512561,0.39659492512561
trip-specific,8513,23.1107598,23.3847072758734,0.330666569573719,0.330666569573719
trip-specific,8518,10.8701291666667,11.3695041700868,0.175380427920169,0.175380427920169
trip-specific,8534,39.9027121,37.5125492211521,0.486764612962554,-1.90339826588535
trip-specific,8549,22.4424381666667,21.899172141244,0.23051090218003,-0.31275512324268
trip-specific,8557,25.1465473,24.9837186824441,0.474171098065823,0.311342480509935
trip-specific,8588,16.5434436666667,15.9346846210004,0.260321684144388,-0.348437361521861
trip-specific,8608,42.0535988333333,38.2482695933759,0.401733802030139,-3.40359543792735
trip-specific,8614,10.3290838666667,10.7685101595613,0.293325579042217,0.293325579042217
trip-specific,8626,38.6887655666667,37.4362058495076,0.354378374978502,-0.898181342180586
trip-specific,8634,33.0280281,31.6618441875384,0.366916395262894,-0.999267517198742
trip-specific,8668,21.5718218,21.3476691241509,0.45044084198359,0.226288166134442
trip-specific,8676,32.9804270666667,33.2475726438918,0.243490197876608,0.243490197876608
trip-specific,8679,46.3101380333334,45.1858660603997,0.573121709290162,-0.551150263643543
trip-specific,8680,29.5920375666667,29.0263160319114,0.672677671858964,0.106956137103659
trip-specific,8687,27.8327010333333,29.2191733223181,0.387959776369528,0.387959776369528
trip-specific,8688,9.8398341,9.38127943292263,0.222786223302434,-0.235768443774942
trip-specific,8702,32.2625913,32.4882986242398,0.540406946430156,0.540406946430156
trip-specific,8707,30.5496655666667,31.9458573706617,0.221538387991301,0.221538387991301
trip-specific,8715,33.6410512666667,32.9380465665717,0.768423168725743,0.0654184686307565
trip-specific,8741,33.2000686333333,31.6382611872199,0.495957924647532,-1.0658495214659
trip-specific,8753,21.8986636333333,21.9009311864016,0.383049197474181,0.383049197474181
trip-specific,8761,21.2508650333333,23.2140732303589,0.34577714572831,0.34577714572831
trip-specific,8765,20.5118820666667,20.3641841436244,0.337232958694669,0.189535035652367
trip-specific,8774,59.7028472666667,56.3614567068485,0.867768893863473,-2.47362166595474
trip-specific,8780,40.8430987,41.5731019463417,0.391604488869483,0.391604488869483
trip-specific,8787,29.6712444333333,28.2649520505999,0.479789535538194,-0.926502847195271
trip-specific,8789,88.7758283,91.8958932960181,3.0345001369376,3.0345001369376
trip-specific,8821,9.46777176666667,9.8262295793382,0.283347167672688,0.283347167672688
trip-specific,8843,19.2918950333333,19.7008892128448,0.403478786017205,0.403478786017205
trip-specific,8845,39.3531073,39.8109303691992,0.380455460039038,0.380455460039038
trip-specific,8854,17.7259104666667,18.0392105715198,0.313227237518348,0.313227237518348
trip-specific,8871,23.8961043666667,24.0213869661398,0.563076966196654,0.563076966196654
trip-specific,8874,21.3969798333333,23.4494411623713,0.460256059804099,0.460256059804099
trip-specific,8875,19.0653449,20.3651186603838,0.3234531935532,0.3234531935532
trip-specific,8878,39.5418918333333,38.3128067361974,0.54826611218819,-0.680818984947732
trip-specific,8889,26.8262953666667,26.0930466049622,0.485511086736453,-0.247737674968052
trip-specific,8891,23.1171363666667,22.8084027792043,0.378104140914363,0.0693705534520106
trip-specific,8898,40.1083655333333,41.1066279825782,0.541675880853883,0.541675880853883
trip-specific,8904,35.4569264333333,35.8285673322887,0.40960648860558,0.40960648860558
trip-specific,8908,9.4578674,9.07842028851298,0.2333586675056,-0.146088443981418
trip-specific,8918,8.93290743333333,8.88962837245482,0.282130659808895,0.238851598930384
trip-specific,8919,27.8439670666667,27.9054370818487,0.394531710786393,0.394531710786393
trip-specific,8923,23.0447176333333,26.7542123128124,2.18872190430125,2.18872190430125
trip-specific,8936,20.6986639333333,21.1593768455015,0.297887226899666,0.297887226899666
trip-specific,8946,19.6578061666667,19.9392927076824,0.409167940099635,0.409167940099635
trip-specific,8984,42.6240580666667,42.8561028485306,0.518246699684622,0.518246699684622
trip-specific,8998,30.4074185333333,29.989999793521,0.378187573011962,-0.0392311668003713
trip-specific,9011,64.6024215333333,58.7746850984102,0.394331737029388,-5.43340469789378
trip-specific,9013,14.0889771333333,13.9884540971308,0.321977990077318,0.221454953874786
trip-specific,9052,23.1387075666667,24.1324858713013,0.194128052494597,0.194128052494597
trip-specific,9053,23.6757508333333,23.6548480862841,0.295690314570755,0.274787567521485
trip-specific,9057,18.3615961,19.2868336501082,0.189514381874448,0.189514381874448
trip-specific,9078,16.4393655333333,15.8349355129777,0.460093508535593,-0.144336511820011
trip-specific,9090,24.6562015666667,24.4399415734365,0.138015454782205,-0.0782445384479909
trip-specific,9099,42.0079318333333,40.1960709162374,0.677839639132758,-1.13402127796317
trip-specific,9100,32.4311978,32.6977679203623,0.389380918919586,0.389380918919586
trip-specific,9101,15.6980144666667,15.1952197540045,0.359264578502898,-0.143530134159232
trip-specific,9104,34.9405261666667,33.838008363426,0.254073020003827,-0.848444783236839
trip-specific,9119,13.2488638666667,13.1138626206002,0.231910058280002,0.0969088122135306
trip-specific,9122,19.1884964,19.0981463883467,0.141279596310775,0.0509295846574366
trip-specific,9123,21.7795135666667,22.9717119866091,0.482383923297512,0.482383923297512
trip-specific,9140,34.4121329333333,34.7015859311834,1.53569576428692,1.53569576428692
trip-specific,9144,10.4254015666667,10.2284798730369,0.364844445839941,0.167922752210183
trip-specific,9163,30.7092377666667,30.4425991596263,0.264333575599658,-0.00230503144071931
trip-specific,9193,23.3747971,23.685058984345,0.246206687824274,0.246206687824274
trip-specific,9196,33.4605395333333,33.7652668256277,0.401312103078503,0.401312103078503
trip-specific,9216,32.0873272333333,29.5826875179806,0.448974444454059,-2.05566527089863
trip-specific,9219,23.4240519666667,21.9819781559598,0.251395927671262,-1.19067788303557
trip-specific,9243,5.11548553333333,5.19062185960807,0.125859272430112,0.125859272430112
trip-specific,9257,17.3870951666667,17.1420838598995,0.243557584643064,-0.00145372212410805
trip-specific,9259,26.5906988666667,27.1430270549922,0.390051752388907,0.390051752388907
trip-specific,9268,8.75711293333333,9.00565837166199,0.241722199403518,0.241722199403518
trip-specific,9273,25.7677283,22.5733826881599,0.334871456808217,-2.85947415503187
trip-specific,9279,33.3396078,34.2395177961826,0.285496910189849,0.285496910189849
trip-specific,9311,29.3375564666667,28.7243903807622,0.430808400514566,-0.182357685389901
trip-specific,9323,32.5493495,34.6129907719992,0.309434635290989,0.309434635290989
trip-specific,9347,20.2839015333333,20.6581050162385,0.493742570303384,0.493742570303384
trip-specific,9392,48.7071111,49.5608341667486,0.355700252317067,0.355700252317067
trip-specific,9468,19.0507809,18.2867551222268,0.362192259220923,-0.401833518552247
trip-specific,9477,26.2523781,24.1107259348515,0.280123687881041,-1.86152847726745
trip-specific,9494,32.8234765333333,32.8582359215072,0.801766923282973,0.801766923282973
trip-specific,9496,24.8016736333333,23.3727604352447,0.239838204742352,-1.18907499334625
trip-specific,9521,16.8276705333333,16.5958167952494,0.309731921603599,0.0778781835196358
trip-specific,9522,29.6964396666667,29.1699188664498,0.359749959692148,-0.166770840524717
trip-specific,9527,51.6005329666667,59.2356477889094,6.44392803016222,6.44392803016222
trip-specific,9542,9.01533423333333,8.57754723648871,0.203923198609727,-0.2338637982349
trip-specific,9555,31.0386408,29.0941353973873,0.417883754572922,-1.52662164803976
trip-specific,9559,39.4220323333333,40.6973030882897,0.586980838084473,0.586980838084473
trip-specific,9574,15.6411488666667,15.6482991659524,0.110157651114557,0.110157651114557
trip-specific,9591,15.3424626,16.0282876112055,0.276407105683819,0.276407105683819
trip-specific,9595,26.1814315,25.6088100683236,0.308027070150614,-0.264594361525817
trip-specific,9619,6.79566783333333,6.8811482363174,0.137380815077687,0.137380815077687
trip-specific,9622,23.1675052,23.1805039840893,0.368306100781665,0.368306100781665
trip-specific,9632,27.8062917666667,24.7136598863648,0.343653956618811,-2.74897792368301
trip-specific,9645,35.8380670333333,34.5181908920426,0.389990872394872,-0.929885268895898
trip-specific,9649,18.2603132666667,18.2482742279846,0.280205631677178,0.268166592995123
trip-specific,9672,43.9814187,41.3011970741378,0.658123455321252,-2.02209817054092
trip-specific,9674,23.5528664,24.063221244008,0.337976157802478,0.337976157802478
trip-specific,9677,22.9336465,22.4965591583308,0.203894227169753,-0.233193114499502
trip-specific,9680,27.8134972666667,27.6362805080081,0.522024759195822,0.344808000537248
trip-specific,9682,33.0933591666667,33.1925324830508,0.528061475774631,0.528061475774631
trip-specific,9683,27.1947022,27.4358678609163,0.521155680450919,0.521155680450919
trip-specific,9731,52.6173368333334,54.503419028988,1.39785706495492,1.39785706495492
trip-specific,9759,18.5670486666667,17.2951101054033,0.232190143797234,-1.03974841746611
trip-specific,9760,21.4111836,22.8574528180816,0.70824805754685,0.70824805754685
trip-specific,9779,24.832612,24.7169690421716,0.334766434433401,0.219123476605005
trip-specific,9822,29.0937641,27.9396441104451,0.304239944873301,-0.849880044681606
trip-specific,9838,54.7044304,56.7741785177715,0.402244479984057,0.402244479984057
trip-specific,9846,20.5797725333333,17.8222160524159,0.380329196192075,-2.37722728472539
trip-specific,9852,30.8848048333334,30.0221665262947,0.628191762352841,-0.23444654468581
trip-specific,9854,28.7016899,28.7810063242794,0.285634201774622,0.285634201774622
trip-specific,9856,30.1838221666667,31.66490447323,0.297657995388247,0.297657995388247
trip-specific,9864,15.3314797666667,14.5881175398948,0.330368206300937,-0.41299402047091
trip-specific,9885,22.1939363333333,20.5037142384905,0.255684400557117,-1.43453769428575
trip-specific,9887,16.1090896,16.2675909732483,0.527626402938195,0.527626402938195
trip-specific,9889,12.9106524,11.1663399263305,0.47399132660542,-1.27032114706404
trip-specific,9894,59.4347377,59.6983959926422,0.576157564832605,0.576157564832605
trip-specific,9899,29.4191591666667,29.2768047964026,0.37887208144546,0.236517711181429
trip-specific,9920,27.1209996666667,25.4181666494319,1.06472573578953,-0.63810728144524
trip-specific,9923,22.3060962,21.6370682610189,0.201726687582007,-0.467301251399089
trip-specific,9933,14.3970245333333,14.5211527126824,0.254742233849506,0.254742233849506
trip-specific,9934,20.1968310333333,19.9731449976903,0.3534282491022,0.129742213459138
trip-specific,9942,21.7672477,21.1796670170957,0.301517273650759,-0.286063409253572
trip-specific,9949,15.4568251333333,15.962637580794,0.254684596919913,0.254684596919913
trip-specific,9969,20.7360504666667,20.7440119882853,0.458972603128267,0.458972603128267
trip-specific,9978,18.6993803,18.5974890682951,0.333258038931896,0.23136680722696
trip-specific,9984,11.1951662333333,11.2240315898536,0.11561289626739,0.11561289626739
trip-specific,10001,30.6178302666667,31.192732455809,0.429990480607509,0.429990480607509
trip-specific,10013,7.5680052,7.16956556253024,0.134509623213592,-0.263930014256165
trip-specific,10023,41.5826238666667,43.2448245439512,0.345527808435962,0.345527808435962
trip-specific,10027,4.6414023,4.53928150614665,0.0550422001065584,-0.0470785937467929
trip-specific,10044,23.1912692333333,23.8953156107327,0.277330677433786,0.277330677433786
trip-specific,10064,9.51941833333333,9.34826638761103,0.30895937335196,0.13780742762966
trip-specific,10066,32.1092732666667,32.9551164299847,0.480842541890626,0.480842541890626
trip-specific,10069,7.11943283333333,7.48825535137063,0.206958707563809,0.206958707563809
trip-specific,10138,25.6338551666667,24.8765098581493,0.358609404119617,-0.39873590439771
trip-specific,10141,22.7609747666667,23.2557453870362,0.222630205248573,0.222630205248573
trip-specific,10153,37.1813946666667,37.4979944212388,0.28801492151507,0.28801492151507
trip-specific,10163,7.63938373333333,8.13924079199114,0.260002301054849,0.260002301054849
trip-specific,10165,44.4131682333334,42.2483587642652,0.454922440820087,-1.70988702824809
trip-specific,10169,20.8138759,23.5170734095505,0.507544497027137,0.507544497027137
trip-specific,10170,30.9164760666667,32.2967606684279,0.682523257402764,0.682523257402764
trip-specific,10181,22.9538151,21.8828916743405,0.329628092174927,-0.741295333484609
trip-specific,10182,28.4454875,25.9134083429411,0.501658148325562,-2.03042100873338
trip-specific,10185,30.8715525333333,30.9234156345055,0.330872251614776,0.330872251614776
trip-specific,10199,10.0812852,9.25778026838804,0.196248434849803,-0.627256496762155
trip-specific,10212,25.9968308666667,28.2456403222715,0.612490642101095,0.612490642101095
trip-specific,10217,45.8351554333333,45.744499467938,0.940889766341479,0.850233800946116
trip-specific,10219,5.27134736666667,5.43584122790441,0.279609109526822,0.279609109526822
trip-specific,10261,24.3967914333333,25.784691612083,0.323995249567579,0.323995249567579
trip-specific,10265,16.2854885,16.4455002310959,0.331722359970223,0.331722359970223
trip-specific,10293,25.4621010333333,26.9897046862942,0.379332973442628,0.379332973442628
trip-specific,10294,26.4364156333333,26.4361776658663,0.264457150323007,0.264219182855989
trip-specific,10298,60.9906439333334,66.4586917969825,3.85898193157569,3.85898193157569
trip-specific,10305,47.9118554333333,49.4819260767572,0.56839141266505,0.56839141266505
trip-specific,10307,15.4932172666667,15.5806369566999,0.279762045556035,0.279762045556035
trip-specific,10317,11.8916725666667,12.0709404960745,0.0854217565662155,0.0854217565662155
trip-specific,10318,17.8176974,17.6726810277693,0.437457044867477,0.292440672636742
trip-specific,10331,14.5538762666667,13.6835682035343,0.276153439660424,-0.594154623471967
trip-specific,10334,41.8038644666667,41.5549587865104,0.375121734058377,0.126216053902093
trip-specific,10340,49.706065,49.9386176145486,0.546133895034741,0.546133895034741
trip-specific,10354,34.5357773333333,35.6698400639585,1.08589839043501,1.08589839043501
trip-specific,10356,33.3393133333333,32.9654739247981,0.26342050623776,-0.11041890229743
trip-specific,10366,17.9561432666667,17.1691290918479,0.233073204123129,-0.553940970695611
trip-specific,10378,21.2167208333333,22.0192667540739,0.211596744298881,0.211596744298881
trip-specific,10392,33.2417650666667,33.2508649219667,0.440429087776082,0.440429087776082
trip-specific,10402,29.4467806,25.8530339430511,0.393677353550431,-3.20006930339851
trip-specific,10407,26.1274650333333,26.5083667565985,0.255218144696126,0.255218144696126
trip-specific,10411,21.7625625666667,22.200773801887,0.400528516683039,0.400528516683039
trip-specific,10417,52.7221822666667,55.9852193342024,1.68439733879824,1.68439733879824
trip-specific,10422,12.6891114,12.2323399688523,0.254113006705798,-0.202658424441953
trip-specific,10423,8.08962246666667,8.00051500430745,0.293199561223092,0.204092098863878
trip-specific,10424,7.2067912,6.66348416175707,0.260783516582946,-0.282523521659983
trip-specific,10460,79.3796026666667,81.2818704578483,0.637264047103996,0.637264047103996
trip-specific,10469,7.1440338,6.76996548498599,0.245759101967714,-0.128309213046296
trip-specific,10479,22.4528251,22.275206494825,0.340054725461429,0.162436120286377
trip-specific,10482,33.8267665333333,33.1068266274983,0.321588122451172,-0.398351783383898
trip-specific,10485,33.0994914,34.8442030711045,0.483412872831266,0.483412872831266
trip-specific,10488,21.5298532,20.3939948425043,0.235664099088764,-0.90019425840695
trip-specific,10509,16.1354227333333,15.6698297207647,0.195962612392689,-0.269630400175981
trip-specific,10518,26.3923774666667,27.2379696382119,1.2738020388749,1.2738020388749
trip-specific,10519,17.0251437666667,16.2858237226362,0.268027879544081,-0.471292164486408
trip-specific,10520,36.6320886666667,36.8463411135401,0.359975036256997,0.359975036256997
trip-specific,10536,31.265561,30.7739792677061,0.32408860674733,-0.167493125546615
trip-specific,10568,33.2710129333333,31.4929193023997,0.488178070376917,-1.28991556055671
trip-specific,10580,38.8792296666667,39.5662911826525,0.469408140896292,0.469408140896292
trip-specific,10583,21.0913257,21.6620497235607,0.707613326796112,0.707613326796112
trip-specific,10597,12.5540669666667,12.425247051434,0.231512271374391,0.102692356141756
trip-specific,10606,31.5558315333333,33.4982631580196,0.564755242997007,0.564755242997007
trip-specific,10610,39.3892573666667,38.3661288311391,0.494292708927711,-0.528835826599837
trip-specific,10619,21.9850967,20.7136018860743,0.297110567929526,-0.974384245996202
trip-specific,10620,15.5535036666667,15.3557745881539,0.351828644079154,0.154099565566414
trip-specific,10621,54.8169365333333,55.9697399097179,0.945722231708735,0.945722231708735
trip-specific,10654,6.04757116666667,6.52159445870462,0.260751229488946,0.260751229488946
trip-specific,10660,47.7279161333333,53.4491703536678,2.36745515558094,2.36745515558094
trip-specific,10663,56.8997384333333,52.8100091994917,0.49676585494695,-3.5929633788947
trip-specific,10674,21.9734653,21.2751851306162,0.246886541073034,-0.451393628310738
trip-specific,10688,33.3545205666667,32.2814207903061,0.395155789975167,-0.677943986385411
trip-specific,10707,22.0417984666667,22.2086734026886,0.371690988295698,0.371690988295698
trip-specific,10711,21.7562432333333,23.5494630682274,0.507049098980144,0.507049098980144
trip-specific,10715,30.1877118666667,31.5498957777828,0.385701427366317,0.385701427366317
trip-specific,10722,44.9021297,44.7836839574907,0.605136781162254,0.486691038652981
trip-specific,10723,30.1646030666667,30.7443367191091,0.415452106559093,0.415452106559093
trip-specific,10726,20.5059515,20.42856951709,0.225745501978471,0.148363519068483
trip-specific,10761,29.5117344,29.9572648582158,1.4684899854417,1.4684899854417
trip-specific,10762,14.2675628333333,14.6734096396995,0.227556620663422,0.227556620663422
trip-specific,10777,27.0038357666667,26.6275416426987,0.22445734008412,-0.151836783883818
trip-specific,10781,14.4192171,13.7155125852261,0.393083115972357,-0.310621398801511
trip-specific,10803,25.2250240666667,24.2711570037122,0.786808686817791,-0.167058376136724
trip-specific,10812,14.5802412666667,14.328998656043,0.670232468371425,0.418989857747761
trip-specific,10820,9.13960706666667,8.83741013043736,0.196616547284449,-0.105580388944855
trip-specific,10823,15.9755212333333,16.3440509244235,0.492679469391968,0.492679469391968
trip-specific,10835,27.8807860333333,27.4239308691679,0.410460607220496,-0.046394556944961
trip-specific,10842,31.5358648666667,32.7194879302218,0.335965173070974,0.335965173070974
trip-specific,10843,27.1233276,28.4719406090211,0.471289569234266,0.471289569234266
trip-specific,10844,26.4531835666667,29.9420716424193,1.87137052981675,1.87137052981675
trip-specific,10857,8.60127783333333,8.70988233116909,0.398268472696232,0.398268472696232
trip-specific,10863,30.1799709333333,28.9986252110224,0.582033025339673,-0.599312696971236
trip-specific,10885,29.3896242666667,26.3832410392484,0.317322251349068,-2.6890609760692
trip-specific,10887,33.8161461666667,34.8207824434627,0.243838812731817,0.243838812731817
trip-specific,10889,40.4130865333333,39.2432345269746,0.447967964153474,-0.721884042205314
trip-specific,10905,23.6123846,23.3892018335897,0.46348749909899,0.240304732688701
trip-specific,10924,33.0063681,32.006292467304,0.286147574113214,-0.713928058582803
trip-specific,10928,20.1065498666667,20.7534466082997,0.347231744752189,0.347231744752189
trip-specific,10948,23.9132354333333,22.1696253263094,0.282720243347247,-1.46088986367669
trip-specific,10952,30.0417133,28.4111305029168,0.496081032715886,-1.13450176436736
trip-specific,10978,38.6807805666667,39.353475362223,0.411332277147886,0.411332277147886
trip-specific,10982,36.0370106,36.560805378252,0.491648227791808,0.491648227791808
trip-specific,11005,26.5346120333333,26.8337686940574,0.250746189890006,0.250746189890006
trip-specific,11010,23.9859699666667,23.6713022856168,0.260198156674035,-0.0544695243758767
trip-specific,11011,18.9248870666667,18.9212281924963,0.246443095044882,0.242784220874484
trip-specific,11034,30.1320522,29.8052367201117,0.304965155854138,-0.021850324034169
trip-specific,11043,10.651665,7.52703723150633,0.400191339115712,-2.72443642937796
trip-specific,11051,26.2675145,22.3079034649209,0.472590208311268,-3.48702082676782
trip-specific,11063,40.4433774333333,35.8546536921749,0.524704801609045,-4.06401893954938
trip-specific,11071,48.9376949666666,51.9036615515076,1.00041355855364,1.00041355855364
trip-specific,11075,20.5677776333333,19.8483523961406,0.357834124311403,-0.361591112881289
trip-specific,11076,14.3033069666667,14.6607281109411,0.25246148603315,0.25246148603315
trip-specific,11089,22.1352798333333,21.8679259229835,0.353309885698143,0.0859559753483177
trip-specific,11091,42.9423955666667,42.9632730541822,0.454089092508115,0.454089092508115
trip-specific,11150,22.4375269333333,21.3725050004644,0.227772197846652,-0.837249735022271
trip-specific,11151,23.3217123333333,24.3875948662592,0.380824080123927,0.380824080123927
trip-specific,11156,4.9058005,4.90850397578695,0.165553669362784,0.165553669362784
trip-specific,11162,36.1668855333333,30.463499277027,0.817338007904796,-4.88604824840152
trip-specific,11166,30.9019339666667,29.7540925043598,0.441836494486786,-0.70600496782006
trip-specific,11213,23.9609917666667,22.1848048886341,0.312655129216041,-1.46353174881657
trip-specific,11231,40.7690257666667,37.7678778710136,0.461513557565747,-2.53963433808732
trip-specific,11250,23.5594788,27.0698595530579,9.75113989236141,9.75113989236141
trip-specific,11262,27.3247756333333,25.5595942581961,0.30749018439951,-1.45769119073776
trip-specific,11263,22.6063806,21.6234516502731,0.34506387921526,-0.637865070511602
trip-specific,11265,23.9861013666667,22.9916863672058,0.279761463780839,-0.714653535679987
trip-specific,11266,20.7582838333333,21.9128100734754,0.24253868232273,0.24253868232273
trip-specific,11281,6.94665783333333,6.98246881950302,0.170661053204682,0.170661053204682
trip-specific,11298,17.9484442666667,17.2201869423354,0.277289667891767,-0.450967656439507
trip-specific,11308,19.896548,20.5847817495793,0.327892074592048,0.327892074592048
trip-specific,11311,25.5356979666667,23.4960830615505,0.343648239389109,-1.69596666572707
trip-specific,11328,31.9216334666667,27.161010375476,0.424891870795204,-4.33573122039547
trip-specific,11336,28.6176109666667,25.7915330058841,0.511244688853608,-2.31483327192893
trip-specific,11340,15.9996065,15.3995962724043,0.381918482194744,-0.218091745400994
trip-specific,11376,32.0158111666667,31.5969792768812,0.525313622545734,0.10648173276025
trip-specific,11393,26.1269471666667,25.5594732723595,0.37547404016044,-0.19199985414678
trip-specific,11405,31.5572040333333,28.7888217414629,0.423145090587727,-2.34523720128273
trip-specific,11416,14.1428009333333,15.1525294953263,0.223017047413682,0.223017047413682
trip-specific,11425,33.6331016,30.9397929065688,0.337463880218686,-2.35584481321248
trip-specific,11432,29.8462069,28.5438801712286,0.415538451496436,-0.886788277274966
trip-specific,11442,26.7910103,27.0089961000824,0.265124865054345,0.265124865054345
trip-specific,11446,30.2437285666667,30.4512709333315,0.261147286841183,0.261147286841183
trip-specific,11447,36.0595079333333,31.4947592795734,0.460186353869598,-4.1045622998903
trip-specific,11462,18.9305789333333,16.2856134728477,0.253047262156594,-2.391918198329
trip-specific,11463,31.2712058,32.7849936886348,0.349162577048109,0.349162577048109
trip-specific,11486,10.8992320666667,10.3310808876353,0.241333713309948,-0.326817465721456
trip-specific,11488,51.2385272666667,44.4502235871759,0.549448635703413,-6.2388550437874
trip-specific,11491,25.8949926,25.6844829967387,0.429276572147712,0.218766968886451
trip-specific,11496,26.8259155666667,26.3555709260878,0.33663351465953,-0.133711125919307
trip-specific,11498,27.9334734333333,25.4029793523803,0.342346898186205,-2.18814718276687
trip-specific,11503,36.4168496666667,31.0822307537344,0.445402152062136,-4.8892167608701
trip-specific,11511,32.4884429666667,31.7990764835047,0.466346481540946,-0.223020001621012
trip-specific,11516,42.1446452333333,40.4323211950234,0.501528334661275,-1.21079570364863
trip-specific,11547,17.3106391666667,17.0290893504219,0.176790576334125,-0.10475923991062
trip-specific,11548,25.2754175,22.8829714299439,0.516877329388043,-1.87556874066807
trip-specific,11569,13.8434490333333,13.3994438607868,0.395267964795977,-0.0487372077505998
trip-specific,11590,26.3036332333333,28.2871598289861,0.452691985235238,0.452691985235238
trip-specific,11598,39.4144137333333,39.1304105404998,0.43001665952881,0.146013466695236
trip-specific,11607,26.8781652333333,24.4657012040161,0.329991492827715,-2.08247253648948
trip-specific,11633,22.6104639333333,23.8855843451248,0.368370029748102,0.368370029748102
trip-specific,11636,67.0925889,66.8450215061088,0.489810482880963,0.242243088989775
trip-specific,11641,35.6381122666667,33.9458290502595,0.359801542738949,-1.33248167366822
trip-specific,11666,15.0453640666667,16.0059568945529,0.270906190597899,0.270906190597899
trip-specific,11696,5.6437467,5.20501123655187,0.243402736673221,-0.195332726774909
trip-specific,11724,21.3626288,20.1684039766567,0.628070811479003,-0.566154011864326
trip-specific,11742,20.0624723333333,20.1480839116184,0.356639818812003,0.356639818812003
trip-specific,11746,24.0581376666667,23.448075726111,0.455834751717141,-0.154227188838576
trip-specific,11778,10.9642837,10.8695218960653,0.185057402691738,0.0902955987570534
trip-specific,11790,15.7826656666667,14.8044622055331,0.208986199699542,-0.76921726143401
trip-specific,11800,20.0168836,20.3474152962968,0.244981322922842,0.244981322922842
trip-specific,11805,17.0480069333333,17.4846359599765,0.239081294127403,0.239081294127403
trip-specific,11830,16.7731366666667,16.8901218416581,0.252020670136829,0.252020670136829
trip-specific,11855,18.2605070333333,18.4296429604978,0.110962842723959,0.110962842723959
trip-specific,11869,7.18831153333333,7.28144713352013,0.0912098620586161,0.0912098620586161
trip-specific,11879,8.9624317,9.56535262805992,0.363118533218143,0.363118533218143
trip-specific,11881,32.0403443,31.0840137928841,0.484320107966891,-0.472010399149017
trip-specific,11885,31.0886338333333,30.26328569921,0.353833161044327,-0.47151497307904
trip-specific,11924,18.6853895666667,18.5472169741686,0.21037754137946,0.0722049488814087
trip-specific,11926,22.0971985333333,24.1413284512617,3.04192641750341,3.04192641750341
trip-specific,11935,13.1689179333333,11.2378635529368,0.350628968883298,-1.58042541151323
trip-specific,11952,24.3424035333333,28.2479980312913,0.632525226451768,0.632525226451768
trip-specific,11959,24.9833157,27.1355963356964,0.315858013356744,0.315858013356744
trip-specific,11971,17.7065788,18.8644036281856,0.235559428202706,0.235559428202706
trip-specific,11993,16.0148835333333,15.9749727448767,0.167183986679891,0.127273198223266
trip-specific,11999,36.7470661333333,47.4261298014834,4.37327688231458,4.37327688231458
trip-specific,12004,18.2085405,19.4761338462163,0.475748160322085,0.475748160322085
trip-specific,12039,8.41624316666667,8.58522429871822,0.236372798694762,0.236372798694762
trip-specific,12040,21.544369,22.1853319229609,0.264710073490514,0.264710073490514
trip-specific,12063,35.6142266333333,36.0382511821722,0.545827896182316,0.545827896182316
trip-specific,12074,13.196795,12.3486471898577,0.200884753609882,-0.647263056532442
trip-specific,12083,31.2366311333333,29.8435653553696,0.30599446384532,-1.08707131411845
trip-specific,12100,27.999137,27.9263051127791,0.342488336450454,0.269656449229564
trip-specific,12106,37.1532264666667,37.3013994015177,0.442132975883691,0.442132975883691
trip-specific,12107,43.3681339666667,42.8691504235566,0.317569256633034,-0.181414286477038
trip-specific,12110,16.0389501,14.7488080399921,0.366962052884335,-0.923180007123531
trip-specific,12112,28.0255914666667,29.3417294606517,1.85618398243611,1.85618398243611
trip-specific,12118,35.4712555,35.4164301087252,0.373037097027353,0.318211705752542
trip-specific,12128,33.0281413666667,33.7868417324879,0.682816115429118,0.682816115429118
trip-specific,12148,55.010427,54.5599515290465,0.541203887063735,0.0907284161102499
trip-specific,12195,12.2573879666667,12.8127581550988,0.211008048560909,0.211008048560909
trip-specific,12206,28.6163997666667,26.7540658988054,0.431374921256373,-1.43095894660492
trip-specific,12212,25.5209312666667,25.5439723826124,0.398142280385751,0.398142280385751
trip-specific,12219,35.7539307333333,34.536012998548,0.59771058458666,-0.620207150198671
trip-specific,12235,24.9082929,24.8257373355663,0.502592752804401,0.420037188370711
trip-specific,12238,24.0433015,23.4221126698112,0.380503600221102,-0.240685229967716
trip-specific,12245,30.2729915333333,31.8068263046703,2.07512709038525,2.07512709038525
trip-specific,12250,27.9241595666667,27.2203704555292,0.511322000753307,-0.192467110384214
trip-specific,12251,46.1196280666667,43.0091536476509,0.534250140515649,-2.57622427850016
trip-specific,12255,46.0580917666667,41.7606572584116,0.421296820532006,-3.87613768772302
trip-specific,12266,17.6643667666667,16.3935416184024,0.268298795804386,-1.0025263524599
trip-specific,12271,16.9995968666667,14.6362758520493,0.469919559143771,-1.89340145547364
trip-specific,12277,22.9513134666667,24.1554869097186,0.475628126088109,0.475628126088109
trip-specific,12283,19.6671026333333,18.4273726842011,0.224960723714259,-1.01476922541796
trip-specific,12295,23.2300584666667,23.4908026780788,0.33516301394139,0.33516301394139
trip-specific,12313,33.6582861333333,32.9179575225596,0.334463536688664,-0.405865074085109
trip-specific,12320,28.8478050666667,29.0919580836869,0.368567251365809,0.368567251365809
trip-specific,12322,34.5880301666667,32.824592708953,0.310359607708349,-1.45307785000535
trip-specific,12329,27.1923822,25.3867222323015,0.573211134384634,-1.23244883331383
trip-specific,12330,20.6559247666667,20.2113521143863,0.481387215324987,0.0368145630446618
trip-specific,12336,19.4629144,19.3786680396847,0.271539957699103,0.18729359738384
trip-specific,12346,21.6477722666667,22.6390374434205,0.291750424477753,0.291750424477753
trip-specific,12359,38.2886200333333,38.7660187720557,0.192774767673769,0.192774767673769
trip-specific,12367,34.3168966,29.7830023357475,0.552599741944458,-3.98129452230805
trip-specific,12384,33.7239777,35.6802030006078,0.447480573370043,0.447480573370043
trip-specific,12395,42.7376283,43.2021452193879,0.361782163498193,0.361782163498193
trip-specific,12412,34.5180316333334,33.3808269383667,0.395274621849972,-0.741930073116655
trip-specific,12415,29.5923757,31.3502080232841,0.603108126736515,0.603108126736515
trip-specific,12420,31.0544155666667,31.8509914745673,0.297356330696523,0.297356330696523
trip-specific,12449,22.6546512333333,24.4602557389761,0.518292466278368,0.518292466278368
trip-specific,12461,16.6153765,17.6490148014556,0.314478114508747,0.314478114508747
trip-specific,12466,5.4276584,5.57773671017485,0.170381673048033,0.170381673048033
trip-specific,12477,19.2878581333333,19.8434302978405,0.2736207378586,0.2736207378586
trip-specific,12493,34.0765525,35.7236105215525,2.44845046522076,2.44845046522076
trip-specific,12524,27.6154388666667,28.7459371388511,0.378938710042027,0.378938710042027
trip-specific,12539,15.1658919,14.837132033548,0.629435841073263,0.300675974621233
trip-specific,12564,48.9115018333333,48.0183805719897,0.623384357123736,-0.269736904219887
trip-specific,12567,27.2974432,27.5496477087696,0.392665371515964,0.392665371515964
trip-specific,12574,27.93614,26.2162287199497,0.450229627768198,-1.26968165228211
trip-specific,12597,36.3708346,35.8012749258189,0.588567387666444,0.0190077134853796
trip-specific,12623,33.0234301,33.0531635644834,0.245080267166779,0.245080267166779
trip-specific,12667,23.7756367,24.1656422632171,0.243653379668678,0.243653379668678
trip-specific,12676,19.8349147333333,21.514091367642,0.397737634506404,0.397737634506404
trip-specific,12688,79.0038626,78.4497231104895,0.633483380040953,0.0793438905304202
trip-specific,12693,74.2922732333333,76.3197862421706,0.442972017648206,0.442972017648206
trip-specific,12694,13.8816108333333,14.2822869725311,0.324483208848906,0.324483208848906
trip-specific,12698,18.3090939666667,18.1146566713027,0.352258684293693,0.157821388929714
trip-specific,12701,25.7642294,26.959037975284,0.246008076736753,0.246008076736753
trip-specific,12716,20.5283162,21.1921025522428,0.284576305949604,0.284576305949604
trip-specific,12741,30.6671073333333,31.0238938192249,0.487991127447187,0.487991127447187
trip-specific,12743,38.5403222666667,36.2383985446003,0.40712927657626,-1.8947944454901
trip-specific,12749,13.8483856,14.2430117967233,0.253729127505395,0.253729127505395
trip-specific,12758,40.2081151333334,42.632416010889,1.4724618588389,1.4724618588389
trip-specific,12774,50.5263701333333,50.9271604839408,0.362634904848775,0.362634904848775
trip-specific,12783,47.2309165,47.0552854123376,0.417066199660511,0.241435111998101
trip-specific,12806,19.2262625333333,19.7682386755966,0.269035072533496,0.269035072533496
trip-specific,12807,17.6874964,17.8179153422677,0.322691225816963,0.322691225816963
trip-specific,12820,6.41856173333333,6.42776356205701,0.195969429680434,0.195969429680434
trip-specific,12821,32.2314024,33.8768693535611,1.38126634079022,1.38126634079022
trip-specific,12829,29.856106,31.0028566191739,0.641790533535622,0.641790533535622
trip-specific,12857,28.4172874333333,26.4557642034682,0.361318892197239,-1.60020433766792
trip-specific,12860,25.1568947666667,23.5305935477864,0.344966188614274,-1.28133503026603
trip-specific,12865,39.9752731666667,40.6583870188487,0.634073929902142,0.634073929902142
trip-specific,12889,19.5436837,19.5202444958541,0.351912823864756,0.328473619718893
trip-specific,12902,20.8747511,20.9122634536304,0.450232602773603,0.450232602773603
trip-specific,12913,25.7723274666667,25.6388664887686,0.301982262546133,0.168521284648022
trip-specific,12917,76.9568572666667,76.9735766531987,0.736925497356695,0.736925497356695
trip-specific,12968,5.78387653333333,5.76315042412811,0.142865928605858,0.122139819400632
trip-specific,12975,29.0100552333333,26.5003302785459,0.442455970084976,-2.06726898470249
trip-specific,12982,15.5628335,14.3948338876975,0.1880708070789,-0.979928805223612
trip-specific,12984,15.1759483666667,14.6230633095335,0.326544994458741,-0.226340062674444
trip-specific,12987,24.8277610333333,24.8850530936335,0.306550220323609,0.306550220323609
trip-specific,12990,16.7484944333333,17.1804324735027,0.212478417600704,0.212478417600704
trip-specific,13003,41.3579131333333,38.4702418321505,0.466896376848089,-2.42077492433472
trip-specific,13004,18.0008148333333,18.2892076832158,0.395559805561653,0.395559805561653
trip-specific,13018,13.7813887333333,13.9729629075842,0.27231912239236,0.27231912239236
trip-specific,13059,32.8679961333333,35.0644498057838,0.815735211090737,0.815735211090737
trip-specific,13064,32.4114769666667,32.0317011809297,0.417968909151694,0.0381931234147405
trip-specific,13082,20.9910104333333,22.2900135918851,0.671559607185916,0.671559607185916
trip-specific,13096,42.5153174666667,43.9078495525338,0.509778654903624,0.509778654903624
trip-specific,13098,21.1883087,20.8958020930858,0.363467787772203,0.0709611808580332
trip-specific,13103,29.6176646666667,29.2880016024789,0.404865417694709,0.075202353506946
trip-specific,13116,31.1581957333333,30.3776157126435,0.305685799048532,-0.47489422164134
trip-specific,13122,75.1691000333333,72.8296462101658,0.505728826527504,-1.83372499664003
trip-specific,13123,29.1803754,29.3953375937826,0.411411581653249,0.411411581653249
trip-specific,13154,28.5813454666667,29.2614862974432,0.202846440207303,0.202846440207303
trip-specific,13157,5.61336613333333,5.39237485828455,0.133590594166718,-0.0874006808820661
trip-specific,13179,13.9126940666667,12.9383639238271,0.239888548790235,-0.734441594049372
trip-specific,13182,16.1758221,16.1329380326186,0.432791942002787,0.389907874621372
trip-specific,13189,6.15565916666667,6.44122775534061,0.17647942216685,0.17647942216685
trip-specific,13207,10.0217649333333,9.72247626141707,0.354909732346653,0.0556210604303949
trip-specific,13214,31.2983273666667,30.0730219665764,0.271688742026714,-0.953616658063529
trip-specific,13216,36.8331368,37.3902595166431,0.592361252778404,0.592361252778404
trip-specific,13278,37.5086153333334,36.8535973249295,0.575582997325107,-0.0794350110787286
trip-specific,13290,40.3167803,40.3737568273466,0.415808684997952,0.415808684997952
trip-specific,13291,7.33808166666667,7.08424263844133,0.302138558171159,0.0482995299458223
trip-specific,13320,23.6870615666667,22.6997412185437,0.313047629747666,-0.674272718375322
trip-specific,13327,21.7914242333333,21.2146151933805,0.458877713840767,-0.117931326112036
trip-specific,13360,45.2454301,42.8420210668749,0.478375073244304,-1.9250339598808
trip-specific,13363,46.4467472,44.2358546181676,0.627157512089843,-1.5837350697426
trip-specific,13383,49.2808451333333,47.9256284471448,0.703063331230993,-0.652153354957555
trip-specific,13396,20.7643799,19.7183811702281,0.267226976411135,-0.778771753360774
trip-specific,13406,19.1889755333333,20.0449311418505,0.369852321896347,0.369852321896347
trip-specific,13435,37.3982583333333,37.6876020162269,0.570720824569037,0.570720824569037
trip-specific,13488,28.9652257,28.7143230592611,0.390691322141428,0.139788681402489
trip-specific,13500,33.4201631,31.5595840852326,0.353115971509498,-1.50746304325793
trip-specific,13533,24.960128,24.9861545912173,0.458477739278977,0.458477739278977
trip-specific,13548,20.7832591333333,21.2824271089826,0.453573016167111,0.453573016167111
trip-specific,13549,43.7173331333333,40.921721635984,0.561770827095517,-2.23384067025378
trip-specific,13566,51.5949890666667,48.0306804308693,0.423374424356386,-3.14093421144103
trip-specific,13580,21.0785860666667,21.4489069542947,0.527163451791582,0.527163451791582
trip-specific,13598,39.9731883333333,37.5272347020038,0.438369869186695,-2.00758376214284
trip-specific,13601,30.7152496666667,32.4851774458257,0.690768152971717,0.690768152971717
trip-specific,13609,26.1917515,25.4555451998632,0.413857509666421,-0.322348790470436
trip-specific,13623,28.4744000666667,27.34994859236,0.283016384933923,-0.841435089372716
trip-specific,13631,34.1957401,35.4089197026578,0.808751770525659,0.808751770525659
trip-specific,13633,19.7139324666667,18.6370929868272,0.501671527657679,-0.575167952181806
trip-specific,13666,13.2094453,11.8481100096608,0.224598730633152,-1.13673655970605
trip-specific,13669,5.9073302,5.5793196966733,0.254004812592355,-0.0740056907343475
trip-specific,13684,5.71297416666667,5.47510124647219,0.2250721032579,-0.0128008169365754
trip-specific,13687,24.7929479333333,24.9271441917623,0.22284478878716,0.22284478878716
trip-specific,13690,12.8223405,12.1713350273535,0.583569128133651,-0.0674363445128071
trip-specific,13697,31.1565439333333,26.6304819961029,0.374769912793672,-4.15129202443678
trip-specific,13714,23.3937035,23.8746343418522,0.214439632278771,0.214439632278771
trip-specific,13717,27.5559998666667,27.5068011901601,0.426913825948496,0.37771514944189
trip-specific,13720,45.8066663,46.8292332332204,0.251533702228731,0.251533702228731
trip-specific,13750,22.4480110333333,22.5711728374007,0.239066370427841,0.239066370427841
trip-specific,13761,27.1914881333333,27.9832635999736,0.45122859205636,0.45122859205636
trip-specific,13787,69.7318677333334,71.5070314484874,1.51824622866839,1.51824622866839
trip-specific,13793,19.2447223333333,20.7721663121332,0.32654910265983,0.32654910265983
trip-specific,13827,19.7234709,20.5363729553262,0.608631417520558,0.608631417520558
trip-specific,13831,21.1463179333333,20.9995640912875,0.252266479274031,0.10551263722817
trip-specific,13856,18.85547,19.9846448056843,0.329853817400671,0.329853817400671
trip-specific,13890,9.37538413333333,9.41844672054183,0.214961740842291,0.214961740842291
trip-specific,13896,18.7830509333333,19.2182252613799,0.240805123345843,0.240805123345843
trip-specific,13910,7.62892823333333,10.2409093524693,1.30254373618914,1.30254373618914
trip-specific,13914,26.3581901666667,27.7752932750498,0.520758075760959,0.520758075760959
trip-specific,13966,38.0326127,37.9256360135956,0.931693199041274,0.824716512636844
trip-specific,13979,18.8131559333333,19.3986237645932,0.396789876791731,0.396789876791731
trip-specific,14028,41.3372026333333,36.2365526857762,0.430045275499032,-4.67060467205811
trip-specific,14047,7.80305203333333,7.88122669331193,0.117294124967393,0.117294124967393
trip-specific,14069,21.5669377333333,20.7662042403379,0.254744008089807,-0.545989484905574
trip-specific,14077,30.6270384333333,31.4449126840311,0.378822039024588,0.378822039024588
trip-specific,14081,20.2177995,19.2516229154321,0.216625393856869,-0.749551190711018
trip-specific,14082,42.2468295666667,43.9334690932851,0.780945773598899,0.780945773598899
trip-specific,14100,22.2945095666667,24.0467986015078,0.534849639744054,0.534849639744054
trip-specific,14126,19.9522736333333,19.8945075858925,0.355688359015419,0.297922311574587
trip-specific,14133,31.6545054666667,29.9532115852903,0.555606881985065,-1.1456869993913
trip-specific,14139,36.3273823333333,33.0803016304339,0.785780436099743,-2.46130026679966
trip-specific,14147,12.7472412333333,13.0646084225082,0.317146968985594,0.317146968985594
trip-specific,14150,19.6757132666667,18.0814085724285,0.218794774699465,-1.37550991953869
trip-specific,14194,23.1693096666667,22.5883208166009,0.275596867537986,-0.305391982527772
trip-specific,14195,29.3491542666667,27.7947820731357,0.51673720525527,-1.03763498827567
trip-specific,14207,19.9392970666667,19.1937703981481,0.20966727914952,-0.535859389369056
trip-specific,14209,16.3426835,16.3516005165989,0.467432536148282,0.467432536148282
trip-specific,14231,18.3952661,19.0384303042955,0.213269583658994,0.213269583658994
trip-specific,14235,51.3828892666667,48.1588946372522,1.7709355543605,-1.45305907505394
trip-specific,14240,15.1070277333333,15.7640586930223,0.248334051007498,0.248334051007498
trip-specific,14241,37.0876776666667,36.9144136318907,0.440165504918713,0.26690147014278
trip-specific,14243,26.3275697333333,27.3512265296887,0.383601772041938,0.383601772041938
trip-specific,14268,17.4330662,16.6448990506606,0.348343982015193,-0.439823167324169
trip-specific,14340,9.78432886666667,9.91264595116953,0.116212922418477,0.116212922418477
trip-specific,14341,16.5535993333333,16.3266773678504,0.334636916267275,0.107714950784356
trip-specific,14372,38.8243558,39.0980137658496,0.244877557778393,0.244877557778393
trip-specific,14376,24.5130964333333,24.3851325671568,0.207171946132629,0.0792080799560963
trip-specific,14386,18.7775908666667,17.469999337366,0.304648001926597,-1.00294352737405
trip-specific,14396,20.9434119666667,20.3718075780547,0.500619070870311,-0.0709853177416805
trip-specific,14408,32.5991472666667,32.3813899126555,0.394345428368607,0.176588074357452
trip-specific,14419,70.9951625,68.5754879743033,0.157137178543365,-2.26253734715338
trip-specific,14423,7.03189443333333,6.60688130368899,0.347885806257771,-0.0771273233865753
trip-specific,14427,29.8999577666667,31.4822270875123,0.653354166892386,0.653354166892386
trip-specific,14455,28.9780601666667,27.2349136743995,0.326101904693202,-1.41704458757393
trip-specific,14471,19.1022304333333,17.6213221188383,0.555881568823071,-0.925026745672014
trip-specific,14478,31.2689261,35.9112161454931,3.88046489568748,3.88046489568748
trip-specific,14491,56.1444919666667,60.2897505039083,3.33746470317589,3.33746470317589
trip-specific,14500,24.9606699,21.3711195300104,2.03703263385314,-1.55251773613644
trip-specific,14502,9.5603097,7.96104388866824,0.34266227809992,-1.25660353323183
trip-specific,14520,9.8527502,9.32865075221774,0.488526636671601,-0.0355728111106565
trip-specific,14523,17.9475512666667,17.7228042164393,0.306544433861633,0.0817973836342797
trip-specific,14527,28.8507312666667,28.7395122919478,0.246992442044473,0.135773467325617
trip-specific,14532,25.5421684333333,25.8824449290806,0.230847901669032,0.230847901669032
trip-specific,14538,47.1229450333333,46.8176330942452,0.400774498011283,0.095462558923113
trip-specific,14549,8.13218813333333,8.7241075252603,0.146590274962518,0.146590274962518
trip-specific,14560,44.5284988333334,44.818782952891,0.316786779670327,0.316786779670327
trip-specific,14563,22.4619112,24.0660644525623,0.339088048002989,0.339088048002989
trip-specific,14569,30.6012104666667,27.6091901696908,0.486163433187962,-2.50585686378794
trip-specific,14572,29.5366121666667,31.1162918586881,0.495263122248478,0.495263122248478
trip-specific,14573,49.0836486,50.6881272066576,0.440448735960556,0.440448735960556
trip-specific,14581,32.9930125666667,33.4200306457301,0.425717266761752,0.425717266761752
trip-specific,14594,20.2116182,20.0564398618556,0.702653228488515,0.547474890344063
trip-specific,14614,8.327105,7.81742838492203,0.382233351362681,-0.127443263715288
trip-specific,14644,30.1853046666667,29.4504500401454,0.360504730221494,-0.374349896299743
trip-specific,14668,63.7708685666667,67.004031575944,2.09069641722352,2.09069641722352
trip-specific,14670,25.6382206333333,23.0682314728416,0.336899514830022,-2.2330896456617
trip-specific,14673,30.1477544666667,32.5473951080198,1.4256473304526,1.4256473304526
trip-specific,14674,21.7586196333333,22.840657252262,0.384516752224617,0.384516752224617
trip-specific,14690,25.5518982,24.0832431887946,0.652466241811823,-0.816188769393587
trip-specific,14713,38.8218727,39.5531247702581,0.466845969534468,0.466845969534468
trip-specific,14722,18.9450784,18.9983581123368,0.54681001529079,0.54681001529079
trip-specific,14725,21.2342736666667,21.0798055651639,0.288167450513474,0.133699349010681
trip-specific,14736,15.0161503333333,17.3371103232126,1.07751056589413,1.07751056589413
trip-specific,14756,18.0014933333333,17.276576204287,0.277391020642174,-0.447526108404119
trip-specific,14758,21.1394482666667,20.5916981906462,0.363585704486111,-0.18416437153431
trip-specific,14764,39.2282240666667,39.3178589607151,0.620966043228366,0.620966043228366
trip-specific,14805,34.0210911,33.2872429296659,0.567318884252687,-0.166529286081434
trip-specific,14809,37.5031290333333,38.5222159010638,0.330115536885527,0.330115536885527
trip-specific,14829,43.2387632,41.5773804929683,0.324054572132621,-1.33732813489909
trip-specific,14840,13.3498600333333,13.6382370744078,0.0847496941012504,0.0847496941012504
trip-specific,14846,27.1857737333333,24.864721196524,0.326768111123247,-1.99428442568608
trip-specific,14851,42.6353122,42.5081600536999,0.583636867692015,0.456484721391903
trip-specific,14869,38.8779046,36.9990918816202,0.542944483365844,-1.33586823501395
trip-specific,14898,5.1080679,5.16666495976156,0.376914016730912,0.376914016730912
trip-specific,14910,23.4799721,23.8837742239656,0.223155521614371,0.223155521614371
trip-specific,14914,32.8332323333333,33.3333846904052,0.905892192244593,0.905892192244593
trip-specific,14918,35.3656042,36.0938365547606,0.63286472288004,0.63286472288004
trip-specific,14945,52.1226023333333,52.9646198631004,0.290954863895611,0.290954863895611
trip-specific,14958,43.9291076,44.6861796076392,0.188455871437543,0.188455871437543
trip-specific,14972,32.5395145,31.7119492597452,0.202014098697502,-0.625551141557354
trip-specific,14982,20.9537186666667,20.6795827456186,0.273092099614735,-0.00104382143328646
trip-specific,14984,48.1200992333333,55.7387231403059,5.56677221021742,5.56677221021742
trip-specific,15000,94.6165778666667,95.1463261309357,0.228434420352277,0.228434420352277
trip-specific,15018,25.3640469,27.7986440239715,0.355757393612053,0.355757393612053
trip-specific,15021,49.8927051666667,50.9165698194455,0.297356121632632,0.297356121632632
trip-specific,15031,40.0649497666667,42.0892670071497,0.405396723564317,0.405396723564317
trip-specific,15033,37.6489148333333,38.1556154527663,0.281169413318425,0.281169413318425
trip-specific,15034,20.4775769333333,20.879688835396,0.232031976290061,0.232031976290061
trip-specific,15041,31.6440589666667,32.0702860826758,0.256554350195175,0.256554350195175
trip-specific,15057,33.5460862666667,35.3039757973628,1.54804949891361,1.54804949891361
trip-specific,15066,25.433804,23.4809784672998,0.402903541972855,-1.54992199072732
trip-specific,15076,47.1322186,49.9081362297833,0.603436500182033,0.603436500182033
trip-specific,15077,33.8606044333333,32.0016507448576,0.316055343758346,-1.54289834471735
trip-specific,15080,16.5728201333333,16.8870941904647,0.369402882069894,0.369402882069894
trip-specific,15116,11.4384766666667,12.0890123838826,0.214724622176793,0.214724622176793
trip-specific,15127,24.5903482,24.2418437737694,0.339441207924034,-0.00906321830652063
trip-specific,15146,32.4405166333333,34.2774409472404,0.536297582010981,0.536297582010981
trip-specific,15148,22.7588245666667,24.1150314425667,0.439315223695859,0.439315223695859
trip-specific,15149,18.3063627,19.1398608702915,0.317505632426214,0.317505632426214
trip-specific,15159,25.309822,26.6359460447817,0.612082595398213,0.612082595398213
trip-specific,15173,24.4676367666667,24.9370911034075,0.403750793580456,0.403750793580456
trip-specific,15185,20.5853036666667,21.0974063524024,0.373792082092628,0.373792082092628
trip-specific,15211,19.8609632666667,20.208654353459,0.217302156046658,0.217302156046658
trip-specific,15220,17.0671255333333,17.6605181957576,0.405070150082561,0.405070150082561
trip-specific,15225,18.0821030333333,18.295133148851,0.475242639380037,0.475242639380037
trip-specific,15233,22.8428413666667,21.2791556800486,0.380218289116049,-1.18346739750198
trip-specific,15234,4.91062373333333,5.20869795658552,0.301912118851917,0.301912118851917
trip-specific,15241,6.6551913,6.46922952102077,0.226910960747145,0.0409491817679099
trip-specific,15253,20.2637841333333,20.5004637636129,0.377126155443617,0.377126155443617
trip-specific,15270,18.3810023333333,18.4366063811436,0.201912718029712,0.201912718029712
trip-specific,15288,17.9530678,18.6060398792477,0.306078229863121,0.306078229863121
trip-specific,15292,19.2721316,18.7436565364362,0.142085969247308,-0.386389094316524
trip-specific,15296,22.8884789666667,23.4823974521601,0.311539671643587,0.311539671643587
trip-specific,15308,21.1275544333333,21.2614385776238,0.434125498342783,0.434125498342783
trip-specific,15321,16.7460609666667,15.7900160991497,0.505476207359349,-0.450568660157631
trip-specific,15329,6.35067343333333,6.28101142545965,0.164291866158188,0.0946298582845064
trip-specific,15333,5.54755073333333,5.20794077616688,0.196403967990244,-0.143205989176211
trip-specific,15379,6.38301463333333,5.7040448613391,0.203637349321567,-0.475332422672671
trip-specific,15424,6.23219546666667,6.2387380004353,0.224101916956081,0.224101916956081
trip-specific,15434,13.6833302333333,14.2197678719319,0.444075145101177,0.444075145101177
trip-specific,15442,42.5838504666667,43.6935677955975,1.13242069988763,1.13242069988763
trip-specific,15443,57.8033583333334,57.8945722047363,0.106910896926026,0.106910896926026
trip-specific,15485,5.39753186666667,5.58901518860168,0.0924363831820953,0.0924363831820953
trip-specific,15510,10.2871320333333,11.2863161962912,0.355862914097131,0.355862914097131
trip-specific,15512,13.6442637666667,14.5658958254035,0.192952557338135,0.192952557338135
trip-specific,15521,6.56604266666667,6.51204056435978,0.17580349247581,0.121801390168921
trip-specific,15522,15.9350949333333,14.9032958965529,0.574400654052514,-0.457398382727924
trip-specific,15535,10.2413879666667,7.82146082162714,0.403677056813275,-2.01625008822625
trip-specific,15553,17.4100562,18.4696301551062,0.307688152046864,0.307688152046864
trip-specific,15559,20.4824783666667,22.0466840628785,0.475619466757632,0.475619466757632
trip-specific,15563,4.11743996666667,4.29035769465652,0.271281031135854,0.271281031135854
trip-specific,15587,44.1751028,44.8092977311406,0.341050252970768,0.341050252970768
trip-specific,15620,30.4509000333333,28.688286303582,0.318554306878013,-1.44405942287337
trip-specific,15640,11.9833155,12.6351877477969,0.423077082848081,0.423077082848081
trip-specific,15643,5.31380216666667,5.35062371728524,0.117243750485197,0.117243750485197
trip-specific,15644,26.8671922,26.9367252220557,0.122404289016879,0.122404289016879
trip-specific,15646,8.0118765,8.07702659179203,0.137506440625228,0.137506440625228
trip-specific,15665,5.4126493,5.49962025313998,0.302716798208396,0.302716798208396
trip-specific,15669,12.8280039333333,12.4880682780856,0.150269048752837,-0.18966660649486
trip-specific,15691,13.5143554,15.0724090260997,0.512841952718699,0.512841952718699
trip-specific,15695,29.4610279666667,20.9788452750103,0.536353285398319,-7.94582940625807
trip-specific,15715,37.1929074333333,38.1148394656316,1.03596616097796,1.03596616097796
trip-specific,15722,15.7827011666667,16.6424120431379,0.315701761427821,0.315701761427821
trip-specific,15735,11.983278,12.8033178600598,0.307770777989371,0.307770777989371
trip-specific,15743,18.1906008,18.2891639840023,0.467323665780093,0.467323665780093
trip-specific,15754,37.6671248666667,36.8096580501743,0.46202304563004,-0.395443770862329
trip-specific,15759,17.0379303,17.4647723792104,0.494318492532093,0.494318492532093
trip-specific,15761,29.6797044333333,31.2515043355057,0.555417515587424,0.555417515587424
trip-specific,15772,35.7385865666667,36.7707037146024,0.396530022205926,0.396530022205926
trip-specific,15822,17.9403561333333,18.1065678338065,0.37217408039953,0.37217408039953
trip-specific,15829,23.4655750333333,23.2940859799395,0.321698752186053,0.150209698792205
trip-specific,15832,19.1756299666667,20.2982084347005,0.249478074041079,0.249478074041079
trip-specific,15834,40.801583,39.1758390387815,0.621980911744665,-1.0037630494738
trip-specific,15836,32.4534868333333,30.7413431222142,0.345394339377474,-1.36674937174169
trip-specific,15838,31.5225162666667,32.9552089135908,0.758337872778632,0.758337872778632
trip-specific,15839,22.5398355,25.1443750811289,0.395426766018516,0.395426766018516
trip-specific,15840,29.7628225,30.9137547421823,0.212726463860721,0.212726463860721
trip-specific,15855,23.6217565666667,23.98518776175,0.408127374771148,0.408127374771148
trip-specific,15858,31.3234885333333,31.8702535574166,0.405469157024679,0.405469157024679
trip-specific,15859,30.8238412666667,31.9333551828157,0.230533581085314,0.230533581085314
trip-specific,15867,42.363184,44.1488660704747,0.421862887685383,0.421862887685383
trip-specific,15868,17.0895242,18.807601465111,0.352075157459347,0.352075157459347
trip-specific,15898,25.5391354666667,27.506936596832,0.523094768477174,0.523094768477174
trip-specific,15933,6.864232,7.1431165445438,0.191575480741771,0.191575480741771
trip-specific,15944,20.8470376333333,20.433350874058,0.339187084923622,-0.0744996743517642
trip-specific,15946,52.3904670666667,53.4741986207776,0.229438288751405,0.229438288751405
trip-specific,15959,103.869686833333,102.463587165341,0.790575232390833,-0.615524435601717
trip-specific,15963,5.46695156666667,5.43707893499084,0.0967317089621769,0.0668590772863505
trip-specific,15971,9.02903213333333,9.05670078500267,0.379449401200385,0.379449401200385
trip-specific,15987,14.2311480333333,14.3639119515419,0.201158519109363,0.201158519109363
trip-specific,15999,6.03159213333333,5.81694177000883,0.168517848918027,-0.0461325144064779
trip-specific,16007,12.5305632,12.5543805230099,0.244043246886102,0.244043246886102
trip-specific,16009,49.0942241666667,46.3706920958663,1.80348986152467,-0.920042209275727
trip-specific,16011,11.194859,11.53122055325,0.588455734703454,0.588455734703454
trip-specific,16018,27.4066331666667,27.9590269458681,0.358494873886746,0.358494873886746
trip-specific,16031,5.9355927,5.70883060917265,0.478798161574413,0.252036070747065
trip-specific,16040,24.8037015333333,25.5999731183833,0.399911066549974,0.399911066549974
trip-specific,16061,17.3435151333333,16.9994361366751,0.134685879167177,-0.209393117491077
trip-specific,16065,14.4600321,14.2190361606166,0.169544673618056,-0.0714512657653857
trip-specific,16086,23.4042024,24.9117462703316,0.339613890320015,0.339613890320015
trip-specific,16091,22.6979935333333,24.1570779447867,0.251954431584417,0.251954431584417
trip-specific,16097,18.8931448333333,19.3750819670244,0.378421218180675,0.378421218180675
trip-specific,16137,20.6140237666667,21.1773371905153,0.269324390752604,0.269324390752604
trip-specific,16148,41.0819133333334,43.8989879184413,0.798012773907398,0.798012773907398
trip-specific,16152,18.2430553333333,19.4540328970384,0.348775426566467,0.348775426566467
trip-specific,16170,16.95536,16.6293407919339,0.311390947382762,-0.0146282606833451
trip-specific,16180,5.9872895,6.66579682688444,0.201905390862612,0.201905390862612
trip-specific,16184,36.9560147333334,40.9937975793353,0.651922594353855,0.651922594353855
trip-specific,16197,34.6046204,36.0427266602937,0.583522042553073,0.583522042553073
trip-specific,16199,23.8870225,23.9865080636769,0.279993444980522,0.279993444980522
trip-specific,16205,28.2423272333333,31.1066653456436,0.495515354418878,0.495515354418878
trip-specific,16214,18.9032834333333,19.316755569344,0.304014282237147,0.304014282237147
trip-specific,16219,11.0218204,10.1630058399444,0.378105835833983,-0.480708724221642
trip-specific,16229,21.1467886666667,21.9432934505984,0.296889551259377,0.296889551259377
trip-specific,16238,36.336042,36.4446897967956,0.80203432888479,0.80203432888479
trip-specific,16239,9.34674496666667,9.37917440487785,0.209761333256647,0.209761333256647
trip-specific,16244,38.5844492333333,37.3492808637025,0.668325226849554,-0.566843142781281
trip-specific,16245,43.1937051333333,44.264216383772,0.452987686176176,0.452987686176176
trip-specific,16260,26.1244967666667,26.6367559044503,0.377863281275585,0.377863281275585
trip-specific,16264,17.7084752,17.3147359014936,0.361186921603099,-0.0325523769033009
trip-specific,16273,36.1027395666667,35.8300447878238,0.43203096720726,0.159336188364405
trip-specific,16296,13.8962427,12.4412433670618,0.311632015661029,-1.14336731727719
trip-specific,16303,31.8709499,32.7000595906941,0.30921885908171,0.30921885908171
trip-specific,16322,30.8077783666667,31.7325453494474,0.42142853115363,0.42142853115363
trip-specific,16327,23.1565373666667,23.4807230555283,0.566443182599866,0.566443182599866
trip-specific,16345,29.6736532666667,30.044936750358,0.228135416025146,0.228135416025146
trip-specific,16349,23.2338061666667,23.487751364983,0.336703849848646,0.336703849848646
trip-specific,16357,24.5370344,24.1050602994369,0.26453660539724,-0.167437495165909
trip-specific,16358,20.6304239666667,21.0198399408813,0.25079830296648,0.25079830296648
trip-specific,16371,20.0779613333333,20.3347963018748,0.164374219422732,0.164374219422732
trip-specific,16375,25.4080804,26.5666874221833,0.501275770732521,0.501275770732521
trip-specific,16399,16.3450805,16.5240812698612,0.290603997874047,0.290603997874047
trip-specific,16400,30.3034216333333,31.3513907481083,0.396591000361434,0.396591000361434
trip-specific,16401,23.7281506666667,23.7916525500292,0.377470290514405,0.377470290514405
trip-specific,16414,19.3463364,17.7970312370336,0.463523665628399,-1.085781497338
trip-specific,16445,14.3282479,14.1210748208512,0.311211357431581,0.104038278282777
trip-specific,16462,59.7877338,64.6447897055288,3.7530732054415,3.7530732054415
trip-specific,16463,34.8702725,37.080684136435,0.662082833665213,0.662082833665213
trip-specific,16468,18.6873548333333,19.9785205427309,0.380744021509145,0.380744021509145
trip-specific,16479,23.7376931,24.6908856545208,0.387564827217954,0.387564827217954
trip-specific,16486,22.6574187666667,23.0072799965203,0.595627864839678,0.595627864839678
trip-specific,16487,27.5861704666667,29.145611294485,0.274370956185963,0.274370956185963
trip-specific,16494,27.9988718333333,29.9656799825715,0.325746536679183,0.325746536679183
trip-specific,16505,24.9593472666667,25.496208460627,0.332322144167091,0.332322144167091
trip-specific,16516,29.6410291333334,30.3269941141538,0.395202409870562,0.395202409870562
trip-specific,16537,15.7674339,15.6699299328732,0.352899664116275,0.255395696989454
trip-specific,16543,36.6221868333334,37.9307484210647,0.454207959990264,0.454207959990264
trip-specific,16550,60.9430958333333,63.2111812439837,0.523928048544799,0.523928048544799
trip-specific,16563,34.8807175333333,36.2081409764876,0.248607972584782,0.248607972584782
trip-specific,16564,8.3081153,8.29917570440892,0.123765677565721,0.114826081974646
trip-specific,16565,54.8004339666667,54.3638013400244,0.735995458244573,0.299362831602358
trip-specific,16566,14.9740267666667,16.7111033966256,0.43826012966146,0.43826012966146
trip-specific,16608,23.4144727333333,23.9912463493186,0.50710919707146,0.50710919707146
trip-specific,16612,7.29800903333333,7.18218364378968,0.119940620042765,0.00411523049910771
trip-specific,16630,25.0978545666667,23.8819319951172,7.38526367847399,6.16934110692456
trip-specific,16642,11.7686659666667,12.0304001780316,0.213032332682325,0.213032332682325
trip-specific,16650,5.8277836,6.19278850075925,0.451880858209447,0.451880858209447
trip-specific,16678,6.0390983,6.14133025816306,0.065654529635764,0.065654529635764
trip-specific,16688,10.5078558666667,9.94648481600438,0.144664022649628,-0.416707028012665
trip-specific,16693,4.88924093333333,5.1188077808972,0.0810521123108452,0.0810521123108452
trip-specific,16700,18.6782259333333,20.6624050820572,0.476727707904131,0.476727707904131
trip-specific,16739,6.51572376666667,7.08170809544714,0.236890255063058,0.236890255063058
trip-specific,16762,7.38039883333333,7.69219201605856,0.253259805620328,0.253259805620328
trip-specific,16773,4.82009553333333,4.92226189916883,0.210438957836767,0.210438957836767
trip-specific,16783,36.6129769,37.0690776302362,0.215414925150512,0.215414925150512
trip-specific,16789,23.7523338333333,23.687950488712,0.198724725295515,0.134341380674217
trip-specific,16803,19.3590336,20.0730332921375,0.324984913527913,0.324984913527913
trip-specific,16812,8.3179418,8.3937830474185,0.333518552753851,0.333518552753851
trip-specific,16845,28.1977266,25.7787018665627,0.463044947182177,-1.95597978625516
trip-specific,16862,8.9025247,9.05593808641671,0.134085675545507,0.134085675545507
trip-specific,16863,8.80088153333333,8.60223924657127,0.08376857774416,-0.114873709017906
trip-specific,16869,7.35139363333333,8.94739263286671,0.121014555741521,0.121014555741521
trip-specific,16870,8.10346883333333,9.08638641612957,0.247924677400547,0.247924677400547
trip-specific,16873,20.6249734333333,20.4187800630116,0.366812571300782,0.16061920097909
trip-specific,16875,33.5464322333333,34.8669402640913,1.71300958481369,1.71300958481369
trip-specific,16896,13.0057173333333,13.501500574551,0.624484779932304,0.624484779932304
trip-specific,16904,32.4021555,34.194275101445,0.473325648933822,0.473325648933822
trip-specific,16906,12.1413706,11.4320151879873,0.228380289279135,-0.480975122733565
trip-specific,16912,34.7121049333333,40.4928470549721,12.4104651633366,12.4104651633366
trip-specific,16913,15.8261092,15.6839052349457,0.156495125038548,0.0142911599842479
trip-specific,16918,23.0062692333333,26.729935962292,2.18871860147629,2.18871860147629
trip-specific,16919,25.2527899,23.529434648358,0.350958019627146,-1.37239723201484
trip-specific,16924,6.06001296666667,5.49007129974797,0.142394019775363,-0.427547647143329
trip-specific,16925,7.00622533333334,6.73665257458737,0.19681331563289,-0.0727594431130708
trip-specific,16926,16.3186990333333,15.4989639084196,0.249667308253168,-0.570067816660525
trip-specific,16960,17.4313392666667,17.4964076418023,0.18555009051211,0.18555009051211
trip-specific,16962,8.82233303333333,8.63225421809142,0.550282657919031,0.360203842677118
trip-specific,16967,8.2475893,9.59458672486324,1.08291802027958,1.08291802027958
trip-specific,16968,9.41958696666667,10.1257228135375,0.268930700484532,0.268930700484532
trip-specific,16972,18.0442490333333,18.1547072923254,0.222781775661625,0.222781775661625
trip-specific,16982,5.85312603333333,5.71958546556908,0.0892165762421575,-0.0443239915220941
trip-specific,16983,17.1273118,17.3247149932344,0.183817207269179,0.183817207269179
trip-specific,16987,18.1975618666667,18.300906954192,0.521725654050725,0.521725654050725
trip-specific,16997,5.80512343333333,5.77889186443602,0.143699075894696,0.117467506997378
trip-specific,17011,13.0595537333333,13.0778309056034,0.554609480404663,0.554609480404663
trip-specific,17018,60.9543087,61.4159544728804,0.46488097436344,0.46488097436344
trip-specific,17026,17.3967314666667,17.6190175658385,0.268361753454868,0.268361753454868
trip-specific,17045,7.6859124,7.49254331251517,0.0779658841157041,-0.115403203369124
trip-specific,17058,7.7820066,7.50723872902737,0.474685053956422,0.199917182983793
trip-specific,17065,17.4854904666667,15.9349450675554,0.30628062487779,-1.24426477423345
trip-specific,17086,14.1867886333333,12.9097702496536,0.461815585123093,-0.815202798556629
trip-specific,17103,24.2422194,24.2977645563066,0.228137680277643,0.228137680277643
trip-specific,17110,8.59072026666667,7.93347811204638,0.491943608896327,-0.16529854572396
trip-specific,17139,9.67968576666667,9.74857259912556,0.461602575243423,0.461602575243423
trip-specific,17191,6.25348953333333,6.38898786304423,0.544357649663168,0.544357649663168
trip-specific,17194,38.9760623333333,38.9129340249769,0.474365575629235,0.411237267272831
trip-specific,17200,22.3310442666667,21.8508934981672,0.202487813020924,-0.277662955478514
trip-specific,17208,6.92127433333333,5.46565064248935,0.218507572367164,-1.23711611847682
trip-specific,17224,55.3119398,56.623948613244,0.39385167404677,0.39385167404677
trip-specific,17240,12.8248499333333,13.0267397327719,0.222814076630815,0.222814076630815
trip-specific,17245,16.1267709666667,17.243955573609,0.328520431323128,0.328520431323128
trip-specific,17246,17.8737213666667,17.6363165547318,0.203547588370617,-0.0338572235642206
trip-specific,17259,5.17627043333333,5.1508255210461,0.0973351354415314,0.0718902231542952
trip-specific,17263,12.4308819,13.7661696618541,0.575109574640511,0.575109574640511
trip-specific,17266,45.783644,44.9360563634896,2.63188854710835,1.78430091059795
trip-specific,17280,11.1322807666667,11.2316020330329,0.352777136469336,0.352777136469336
trip-specific,17295,11.0819292,11.9314538763079,0.174765915146307,0.174765915146307
trip-specific,17302,5.28012523333333,4.97318995875616,0.120519685649164,-0.186415588928009
trip-specific,17337,8.35400346666667,7.30764982239776,0.590724734968097,-0.455628909300808
trip-specific,17375,27.5711336333333,27.2456608909195,0.254779739268531,-0.0706930031453624
trip-specific,17380,6.3805834,5.89532675892776,0.279212808830719,-0.20604383224152
trip-specific,17382,15.2176374333333,15.1276278749247,0.201333128161003,0.111323569752415
trip-specific,17392,7.46606923333333,6.94623201746135,0.385467870651388,-0.134369345220597
trip-specific,17393,8.58017686666667,8.90020491688009,0.578477388958376,0.578477388958376
trip-specific,17394,8.47332823333333,8.318877238033,0.45415414837381,0.29970315307348
trip-specific,17398,18.5282819666667,14.0254493700798,0.584858676961232,-3.91797391962565
trip-specific,17424,6.12237316666667,6.01252320892068,0.202735243723673,0.0928852859776832
trip-specific,17428,15.5942942,15.4818615897055,0.250050032910504,0.13761742261601
trip-specific,17440,5.59096513333333,5.58917137939927,0.120504079412098,0.118710325478033
trip-specific,17468,5.71854743333333,5.89520531974169,0.323823197142817,0.323823197142817
trip-specific,17478,58.0013043333333,58.9716974090426,0.905979523738607,0.905979523738607
trip-specific,17487,5.7389082,5.76012296704455,0.0900489120736799,0.0900489120736799
trip-specific,17508,7.16300396666667,7.33938100858878,0.375303055560087,0.375303055560087
trip-specific,17523,11.6020497666667,11.4481981368138,0.291084931307665,0.137233301454811
trip-specific,17527,8.72042526666667,8.89382754108,0.459726716766622,0.459726716766622
trip-specific,17528,21.5794259,21.4598702641238,0.206294950412352,0.0867393145361206
trip-specific,17534,5.03083803333333,4.87991163994435,0.133768257398617,-0.0171581359903643
trip-specific,17555,6.15192016666667,6.34153196994681,0.153594381737239,0.153594381737239
trip-specific,17560,26.7325403333333,26.7882273780327,0.669903245564357,0.669903245564357
trip-specific,17574,7.9267165,8.34743493247453,0.500442383374617,0.500442383374617
trip-specific,17591,19.9333280333333,20.8930706161626,0.333555233650619,0.333555233650619
trip-specific,17592,17.3999699666667,18.9842195395636,1.19821265357656,1.19821265357656
trip-specific,17595,18.2224720666667,18.6316525878005,0.277553340834599,0.277553340834599
trip-specific,17618,7.04672893333333,7.44453192501444,0.244537433187511,0.244537433187511
trip-specific,17649,5.6829265,5.66564698206266,0.168917169269375,0.151637651332031
trip-specific,17668,6.69450926666667,6.42662745801105,0.171328135526506,-0.0965536731291134
trip-specific,17678,11.0705537333333,11.742264800105,1.45384923855121,1.45384923855121
trip-specific,17683,5.6099563,5.62446832124272,0.258251045806155,0.258251045806155
trip-specific,17692,8.81553346666667,9.05594230918346,0.134813585464609,0.134813585464609
trip-specific,17721,19.2047277666667,19.7130390386661,0.22758161743358,0.22758161743358
trip-specific,17730,9.558295,9.65746832300495,0.295048346705785,0.295048346705785
trip-specific,17732,38.31107,46.5010139524025,12.5365971795372,12.5365971795372
trip-specific,17747,5.1755302,5.16115527660585,0.0727798866528019,0.0584049632586522
trip-specific,17755,23.0211218333333,23.2650079999535,0.416110675352229,0.416110675352229
trip-specific,17756,9.04703156666667,9.34410073665345,0.372736701666799,0.372736701666799
trip-specific,17774,19.8030534333333,19.2762138403183,0.294718545358804,-0.232121047656265
trip-specific,17780,12.0403664,11.5758437935016,0.329532781610052,-0.134989824888358
trip-specific,17785,12.3763549333333,12.1193147844066,0.220067811193414,-0.0369723377333215
trip-specific,17791,16.7459086666667,17.7718012158185,0.549240272908494,0.549240272908494
trip-specific,17799,32.3124231666667,32.3592405953361,0.451777021148486,0.451777021148486
trip-specific,17803,38.1275716,40.116743248969,0.681905362781039,0.681905362781039
trip-specific,17810,15.0280711,16.2734033529083,0.446407988231618,0.446407988231618
trip-specific,17836,13.1293297666667,12.7865470596369,0.125476030852532,-0.217306676177234
trip-specific,17838,6.10960496666667,6.23066089616858,0.103645472735367,0.103645472735367
trip-specific,17840,9.08580666666667,9.16450992847572,0.200396928127263,0.200396928127263
trip-specific,17842,9.55616683333333,9.76799425108658,0.462301817722852,0.462301817722852
trip-specific,17859,18.9183943333333,20.2347313968639,0.576044034945068,0.576044034945068
trip-specific,17885,7.70982136666667,7.764142559296,0.150177935778079,0.150177935778079
trip-specific,17886,6.59055956666667,6.11796025322209,0.175552397242557,-0.29704691620202
trip-specific,17897,7.03342593333333,7.87227644472966,0.691249749913332,0.691249749913332
trip-specific,17904,27.5870101,28.4291772116932,1.28588659205157,1.28588659205157
trip-specific,17914,20.9781263333333,20.4285174216441,0.280736952282925,-0.268871959406273
trip-specific,17926,27.8021932,27.4981305693991,0.234030636253541,-0.0700319943473654
trip-specific,17928,20.8922468666667,22.2181433133346,0.322875917920215,0.322875917920215
trip-specific,17942,29.9038750666667,30.2574067544497,0.520904433047344,0.520904433047344
trip-specific,17947,7.55427323333333,7.92393138867468,0.10968702650267,0.10968702650267
trip-specific,18012,19.2370741666667,19.7657159603789,0.240899737006155,0.240899737006155
trip-specific,18015,5.1938758,5.46981907781536,0.452252290237882,0.452252290237882
trip-specific,18019,20.7118698,20.4113336115046,0.803194531881898,0.502658343386452
trip-specific,18035,20.9847170333333,21.5530882482235,0.390437850199442,0.390437850199442
trip-specific,18037,17.1023174,17.1854690604176,0.226301633686239,0.226301633686239
trip-specific,18058,26.4890025333333,25.5991485421764,0.419721769784447,-0.470132221372483
trip-specific,18062,11.4998700666667,11.5873378185996,0.427061260033116,0.427061260033116
trip-specific,18075,22.209214,21.6541993822214,0.396063213792383,-0.158951403986217
trip-specific,18081,23.3916879,24.1367381377995,0.251133370970799,0.251133370970799
trip-specific,18086,7.33051673333333,7.51929727392722,0.179731698130039,0.179731698130039
trip-specific,18099,7.76461293333333,7.97715170265243,0.360299395860679,0.360299395860679
trip-specific,18110,9.0315986,7.33834821193714,0.259086189298157,-1.4341641987647
trip-specific,18111,9.83221096666667,7.48484438399667,0.362058582422196,-1.9853080002478
trip-specific,18114,7.36544556666667,7.17781630687444,0.116265079293633,-0.0713641804985954
trip-specific,18122,7.79409963333333,9.11824460453722,0.71450630598128,0.71450630598128
trip-specific,18129,7.52227286666667,8.19966776158591,1.18253692775205,1.18253692775205
trip-specific,18153,33.1690733333333,32.6554424055618,0.185376034114261,-0.328254893657319
trip-specific,18160,18.1277255,18.4070107526129,0.407008584304171,0.407008584304171
trip-specific,18163,26.0967965,25.8534962525913,0.285241768866267,0.0419415214575269
trip-specific,18175,11.5785657333333,11.8145406216138,0.268471204890342,0.268471204890342
trip-specific,18206,73.0905354,100.08156525146,9.28279653265345,9.28279653265345
trip-specific,18213,5.20849686666667,5.06647490242664,0.0667759011305115,-0.0752460631095157
trip-specific,18218,8.70809573333333,8.34653559086758,0.271797986901459,-0.0897621555642908
trip-specific,18227,4.22613733333333,4.21177174714884,0.0311191129303513,0.0167535267458586
trip-specific,18229,6.28803813333333,6.35120864693331,0.120874861452242,0.120874861452242
trip-specific,18249,42.3405506,42.3718901006323,0.371119534044888,0.371119534044888
trip-specific,18269,8.6364354,8.54691603262531,0.269567321631414,0.180047954256722
trip-specific,18295,32.6487685333333,35.6889241810146,1.73181254730823,1.73181254730823
trip-specific,18308,5.57353263333333,5.36810146490829,0.197687092191993,-0.00774407623304774
trip-specific,18321,18.740781,19.8757011442768,0.238175297288648,0.238175297288648
trip-specific,18342,6.09112356666667,5.79018650926249,0.0889207392255005,-0.212016318178673
trip-specific,18352,35.4007360333333,33.9614359058507,0.751277650246474,-0.6880224772362
trip-specific,18354,29.0860968333333,28.6020094335817,0.535797552165835,0.0517101524141733
trip-specific,18367,37.6402845333333,37.5101517634081,0.486489652479835,0.356356882554574
trip-specific,18375,14.6098741333333,15.23581575504,0.418839762666378,0.418839762666378
trip-specific,18400,15.4249004666667,15.5551685287928,0.206035404125331,0.206035404125331
trip-specific,18401,17.7121094666667,18.491443379434,0.338489552986423,0.338489552986423
trip-specific,18409,10.3725097666667,10.6513508569804,0.266383935858864,0.266383935858864
trip-specific,18414,13.5022493,13.1738093596861,0.321818433840601,-0.00662150647328891
trip-specific,18448,42.8042641,44.1804306719817,0.428350576488597,0.428350576488597
trip-specific,18459,5.53678936666667,5.56309216286589,0.191445714378647,0.191445714378647
trip-specific,18477,14.8468001666667,9.63168470433655,1.43991007952899,-3.77520538280112
trip-specific,18486,31.4388952333334,29.7160437036073,0.374053935965509,-1.34879759376052
trip-specific,18487,26.6387598,27.2316233022303,0.15680005377471,0.15680005377471
trip-specific,18502,5.63386576666667,5.58187405192203,0.113147172029182,0.0611554572845431
trip-specific,18512,43.7977577333333,43.8806447018849,0.444667527234587,0.444667527234587
trip-specific,18514,25.0633783,23.4898054074777,0.366233320429191,-1.20733957209313
trip-specific,18530,30.2619733,30.3141610868736,0.161418947190228,0.161418947190228
trip-specific,18553,5.91760923333333,6.18681859344942,0.0969970481201345,0.0969970481201345
trip-specific,18555,7.91367036666667,7.8832960253982,0.320669638115287,0.290295296846825
trip-specific,18577,7.3271521,7.93925588740804,0.256441346663879,0.256441346663879
trip-specific,18592,5.10001486666667,5.11587867267387,0.0550015888569996,0.0550015888569996
trip-specific,18602,6.74759853333333,6.13527754039286,0.330631268511598,-0.281689724428873
trip-specific,18603,22.7194311333333,22.1528928924845,0.479128103132874,-0.0874101377159472
trip-specific,18606,6.79103216666667,6.76182634889161,0.0496526380888887,0.020446820313832
trip-specific,18635,12.4981452333333,11.4902279537399,0.168443264793067,-0.839474014800369
trip-specific,18641,18.6883842333333,16.2424192862423,0.330274087310209,-2.11569085978081
trip-specific,18656,5.7632839,6.24393775069499,0.303037065137081,0.303037065137081
trip-specific,18675,5.07301716666667,5.29798267247616,0.19319842567524,0.19319842567524
trip-specific,18679,19.6494437666667,19.3344791976613,0.265313036733822,-0.049651532271561
trip-specific,18682,32.1802610666667,31.8431623655645,0.335016849114501,-0.0020818519877201
trip-specific,18686,11.9163822666667,11.4377166840794,0.568007004673754,0.089341422086519
trip-specific,18703,8.31964463333333,7.854266851237,0.445400569204802,-0.0199772128915272
trip-specific,18710,9.3517266,7.992007434368,0.247948799938839,-1.11177036569316
trip-specific,18723,19.2818783333333,19.4624514576296,0.400786565654046,0.400786565654046
trip-specific,18724,16.0959629,16.4166968799257,0.313306348715443,0.313306348715443
trip-specific,18727,6.7267606,6.29650883226468,0.347505758558123,-0.0827460091771973
trip-specific,18737,5.16934276666667,5.12916925058563,0.235448493447112,0.195274977366071
trip-specific,18744,10.8076836333333,10.3209922363994,0.325970334330602,-0.160721062603338
trip-specific,18758,15.5211423666667,15.6783000090111,0.544323166749575,0.544323166749575
trip-specific,18770,55.4668627,50.3494660460133,1.01982938609011,-4.09756726789658
trip-specific,18822,29.1516470333333,30.1645916220446,0.387261531188223,0.387261531188223
trip-specific,18828,24.8040219666667,25.1172821273659,0.344677401735188,0.344677401735188
trip-specific,18836,23.2784596666667,23.5312253388403,0.29146891761299,0.29146891761299
trip-specific,18845,21.8104683333333,20.5606531690855,0.533578757548239,-0.71623640669961
trip-specific,18862,32.1651614,31.4562215699418,0.490534784002897,-0.218405046055267
trip-specific,18876,22.6357543333333,22.8262444202902,0.201741395367144,0.201741395367144
trip-specific,18884,62.7952771,69.2855148230786,2.60872752625017,2.60872752625017
trip-specific,18906,30.3869850333333,31.029465333234,0.354363304357329,0.354363304357329
trip-specific,18907,69.8413556666666,71.910678406369,0.641525059318227,0.641525059318227
trip-specific,18910,19.5170845333333,19.5128026185335,0.425314315085617,0.421032400285735
trip-specific,18914,11.0605563666667,10.9529557409111,0.25612891700416,0.148528291248562
trip-specific,18929,25.0436965333333,25.1271914628111,0.332408404534743,0.332408404534743
trip-specific,18947,34.0770193666667,34.5052301946607,0.275287585011968,0.275287585011968
trip-specific,18958,25.5445836333333,25.1064073345498,0.243838272146773,-0.194338026636808
trip-specific,18968,25.3065355,25.0211919022331,0.149046440885558,-0.136297156881338
trip-specific,18979,31.4296683333333,30.4104098861516,0.254646480410618,-0.764611966771159
trip-specific,19000,33.6040405666667,32.9709461450239,0.291463429787768,-0.341630991855027
trip-specific,19005,31.1700257333333,31.7604446860367,0.396309766144619,0.396309766144619
trip-specific,19028,26.4370132333333,28.2504923367011,0.802791829955731,0.802791829955731
trip-specific,19047,12.9733324,11.3555725043868,0.266178236670184,-1.35158165894297
trip-specific,19051,23.0684454333333,23.7322160060302,0.231106713938252,0.231106713938252
trip-specific,19058,20.6578427666667,21.0266531566871,0.30584314410642,0.30584314410642
trip-specific,19091,21.2557111333333,21.5090195182223,0.44521971555827,0.44521971555827
trip-specific,19102,38.4827327,38.872284711688,0.43442163540986,0.43442163540986
trip-specific,19105,48.8791144,50.3269737515511,0.456537686747981,0.456537686747981
trip-specific,19143,19.1054186,18.5429141929819,0.264707902053778,-0.297796504964326
trip-specific,19145,29.2799996666667,29.6329807303637,0.684825881472908,0.684825881472908
trip-specific,19157,32.5322992333333,34.2759833968974,1.10080176649549,1.10080176649549
trip-specific,19158,27.3911097333333,28.0749659251858,0.445126741488645,0.445126741488645
trip-specific,19224,19.7525774666667,20.2100505986412,0.438848614357566,0.438848614357566
trip-specific,19235,24.1028248,21.4637264942254,0.459933918693866,-2.17916438708071
trip-specific,19243,10.6693249,10.921429567936,0.12565458086812,0.12565458086812
trip-specific,19246,36.9585077333333,36.2259872430782,0.389711838253758,-0.342808652001376
trip-specific,19257,29.0804843666667,27.2459055679194,0.343190675641165,-1.49138812310608
trip-specific,19269,20.6598717666667,20.1743757392137,0.221000625712918,-0.264495401740088
trip-specific,19275,19.8351926666667,20.4799015820809,0.301180711361633,0.301180711361633
trip-specific,19296,6.9909009,7.2479523328695,0.120173228500008,0.120173228500008
trip-specific,19313,55.238141,56.9109393376081,0.685741211796811,0.685741211796811
trip-specific,19315,34.0486132666667,32.392529569498,0.442147976600568,-1.21393572056809
trip-specific,19323,32.8280408666667,32.4339747457557,0.438160047277801,0.0440939263668664
trip-specific,19351,31.5579419333333,30.5721657288144,0.368367481764824,-0.617408722754136
trip-specific,19354,26.6744689,26.716206759378,0.264885904364234,0.264885904364234
trip-specific,19356,15.4944243333333,14.8583019995146,0.426200175447065,-0.209922158371696
trip-specific,19360,7.6538847,7.73745557522795,0.36210668259623,0.36210668259623
trip-specific,19368,6.3656505,6.72532033064532,0.282355297292574,0.282355297292574
trip-specific,19373,21.5412804666667,20.0300171254215,0.385077271535781,-1.12618606970937
trip-specific,19389,26.7455116333333,26.5819205463564,0.427428535895443,0.263837448918524
trip-specific,19391,23.0703026666667,22.6739137635267,0.402212966454524,0.005824063314538
trip-specific,19403,19.4457103333333,20.2311778385524,0.321016371047588,0.321016371047588
trip-specific,19405,26.0650789,25.6823402830504,0.331117635903423,-0.0516209810462148
trip-specific,19421,13.9080339,14.2369642761636,0.265809225294203,0.265809225294203
trip-specific,19434,30.5522591666667,29.8964765928272,0.689216368337352,0.0334337944978783
trip-specific,19441,14.6659191333333,16.6371266507079,0.337886665295297,0.337886665295297
trip-specific,19460,12.8211854666667,12.8870183885692,0.402352142285503,0.402352142285503
trip-specific,19468,24.6585942666667,24.8753111833246,0.298302983512025,0.298302983512025
trip-specific,19475,32.9601737666667,32.0526630117941,0.466365152167145,-0.44114560270541
trip-specific,19504,5.40483406666667,5.38376186841175,0.0565421964522194,0.0354699981973063
trip-specific,19515,48.3578796666667,45.2517713150637,0.790780087462958,-2.31532826414002
trip-specific,19547,20.3349008,22.3910559447438,0.366025934440737,0.366025934440737
trip-specific,19556,16.0300091333333,16.8989916275589,0.249495213953291,0.249495213953291
trip-specific,19561,27.0475742666667,28.1246999320692,0.352122019856075,0.352122019856075
trip-specific,19567,26.9565561666667,29.4516050140419,0.416473771579116,0.416473771579116
trip-specific,19579,8.81739313333333,9.10502648318436,0.228116907458754,0.228116907458754
trip-specific,19591,14.4304806333333,14.0529768974497,0.316271059834531,-0.061232676049071
trip-specific,19597,6.51628883333333,6.42286118989683,0.27541622137219,0.181988577935684
trip-specific,19609,12.7904792,12.1943238969947,0.317113461443474,-0.279041841561855
trip-specific,19626,25.6096524666667,25.6108695970899,0.203066665571022,0.203066665571022
trip-specific,19661,11.2167241666667,11.1276287782398,0.35872306747301,0.269627679046128
trip-specific,19665,41.4659462333333,41.8403141506176,0.37492566658779,0.37492566658779
trip-specific,19674,9.1904964,8.8092024552731,0.170491377188935,-0.210802567537964
trip-specific,19677,20.7505675666667,20.4221968602002,0.701797157295506,0.373426450829019
trip-specific,19680,28.6907811666667,29.0451059150353,0.40052959687877,0.40052959687877
trip-specific,19690,23.5923551666667,23.9572439831959,0.552673064478744,0.552673064478744
trip-specific,19694,11.0074596666667,11.0574386632769,0.375178400277333,0.375178400277333
trip-specific,19728,9.8326542,8.58993485741491,0.326102007938716,-0.91661733464637
trip-specific,19730,11.3228116333333,11.3134288289802,0.19872530792499,0.189342503571876
trip-specific,19740,29.9999313666667,33.541622892043,0.565703359846986,0.565703359846986
trip-specific,19743,33.2765216,35.5672671263792,0.329088200089659,0.329088200089659
trip-specific,19744,14.182272,14.3432550572911,0.261427884878559,0.261427884878559
trip-specific,19747,8.13194516666667,7.97670558430121,0.28819096942242,0.132951387056968
trip-specific,19769,14.1152011333333,15.1057228444556,0.302558455049631,0.302558455049631
trip-specific,19774,12.9457432666667,11.7899549578244,0.292980567046644,-0.86280774179561
trip-specific,19776,21.5331685666667,23.3302129093197,0.272441563720471,0.272441563720471
trip-specific,19785,8.9036901,9.12864047412301,0.150287192904077,0.150287192904077
trip-specific,19790,23.1821241666667,25.6111462821893,0.466201259486293,0.466201259486293
trip-specific,19801,21.8169768666667,22.7344485186205,0.262952018462741,0.262952018462741
trip-specific,19812,61.8260895,65.9496695234654,2.85653972329025,2.85653972329025
trip-specific,19819,18.6919455666667,20.1799030182222,0.294577650543214,0.294577650543214
trip-specific,19838,12.7354217,12.4684467545001,0.211855126833731,-0.0551198186661639
trip-specific,19855,14.4414986,14.4231418277093,0.339800560033431,0.321443787742753
trip-specific,19856,11.4129343333333,9.98924426683024,0.23616221443466,-1.18752785206844
trip-specific,19859,12.4332551666667,12.4152182390734,0.521709862956094,0.503672935362843
trip-specific,19873,13.3330067666667,13.5418941328043,0.257110276154832,0.257110276154832
trip-specific,19890,31.5367032,32.6694936790912,0.308840346476077,0.308840346476077
trip-specific,19904,21.1032413666667,21.3374259140082,0.628861370742903,0.628861370742903
trip-specific,19919,10.4231501666667,10.3556814131974,0.215500835485562,0.148032082016291
trip-specific,19943,14.6122488,14.6358752617001,0.242246700725319,0.242246700725319
trip-specific,19946,13.5931730666667,15.1966300586078,0.66216037001202,0.66216037001202
trip-specific,19965,34.7946574333333,34.4471947060622,0.552507818071079,0.2050450907999
trip-specific,19967,22.6907152666667,21.8070062938682,0.454479625386355,-0.429229347412104
trip-specific,19970,27.8582199666667,28.9493778428648,0.651796302224798,0.651796302224798
trip-specific,19976,21.8805242,22.0056880776249,0.33778330387325,0.33778330387325
trip-specific,19977,28.8582354,28.3015094377781,0.366139296473013,-0.190586665748934
trip-specific,19981,16.4905773666667,16.8722982515749,0.278495474026754,0.278495474026754
trip-specific,19999,19.9629167666667,19.3177286359702,0.200142777912252,-0.445045352784223
trip-specific,20005,33.3070488,34.17322473497,0.45074525599175,0.45074525599175
trip-specific,20006,35.6005109,31.9452373881331,0.461152651786416,-3.19412086008044
trip-specific,20020,28.8779558666667,25.3081095741955,0.50173436391067,-3.06811192856046
trip-specific,20022,24.6622895,23.7829520451444,0.355663697486492,-0.523673757369135
trip-specific,20034,24.6026837666667,25.71905688679,0.396540262350027,0.396540262350027
trip-specific,20054,20.0599898666667,19.1172991856119,0.408948482280136,-0.533742198774628
trip-specific,20073,19.9570783666667,17.588573653479,0.425505891775549,-1.94299882141215
trip-specific,20075,26.4710278333333,25.2909301298467,0.413567848633955,-0.766529854852718
trip-specific,20111,10.2436896333333,9.51830251248218,0.248762428219809,-0.476624692631349
trip-specific,20112,9.72656713333333,9.58079463141799,0.417342772260139,0.271570270344792
trip-specific,20118,35.9510730333333,37.7514164417846,0.535459417932359,0.535459417932359
trip-specific,20120,5.8162762,5.55439155639221,0.178484970462975,-0.0833996731448129
trip-specific,20122,17.5485707333333,17.0053902026466,0.280840942514391,-0.262339588172307
trip-specific,20128,44.6521367,40.9840387526796,0.51178643063103,-3.15631151668933
trip-specific,20131,35.7962413333333,34.3963139227005,0.522705877654669,-0.877221532978222
trip-specific,20133,16.5650259,15.136818675148,0.102376176835077,-1.3258310480169
trip-specific,20134,33.1775832333333,33.6082097709872,0.196762504649481,0.196762504649481
trip-specific,20143,31.8335957333333,31.5062391343434,0.398030218416129,0.0706736194262352
trip-specific,20163,15.0181263,15.0839505705186,0.291490114521343,0.291490114521343
trip-specific,20164,10.8242457333333,10.6018478373106,0.294342064572896,0.0719441685501391
trip-specific,20169,5.38866043333333,5.31345524910964,0.0309807831152238,-0.0442244011084742
trip-specific,20173,14.6356724333333,14.5100041814393,0.270313830891381,0.144645578997328
trip-specific,20187,41.2176452666667,40.5868963085237,0.387488294061654,-0.243260664081348
trip-specific,20192,32.9512043333333,31.5563729800292,0.463872779648957,-0.930958573655227
trip-specific,20203,17.8872199333333,17.3580518424906,0.417092593402137,-0.112075497440573
trip-specific,20212,25.1526417,23.9737968527095,0.410624798035054,-0.768220049255417
trip-specific,20228,20.4155605666667,21.3263005076193,1.05925621332482,1.05925621332482
trip-specific,20239,31.4012954,31.8808018559873,0.502514830655666,0.502514830655666
trip-specific,20253,9.6868002,9.37789340308477,0.240324816535841,-0.0685819803793869
trip-specific,20279,26.1266785666667,26.9713034761142,0.515232614479507,0.515232614479507
trip-specific,20294,13.2445823333333,13.4041899634896,0.194612326466096,0.194612326466096
trip-specific,20296,48.4457482,45.0729100875788,0.930461286034673,-2.44237682638651
trip-specific,20301,24.3901478,24.9292813219372,0.350304945134397,0.350304945134397
trip-specific,20322,24.9421657333333,26.5627261746164,0.378532324666465,0.378532324666465
trip-specific,20323,39.7245136333333,37.2016919138424,0.533337857636226,-1.98948386185471
trip-specific,20329,23.1288117666667,25.7286350140541,0.72299255055029,0.72299255055029
trip-specific,20330,28.6144936333333,30.5215778093928,0.575148538058016,0.575148538058016
trip-specific,20345,28.1089407333333,30.1832032362901,0.48399831992571,0.48399831992571
trip-specific,20355,21.1760469333333,22.3059442811502,0.234206229088732,0.234206229088732
trip-specific,20356,48.7657328666667,46.3020269837014,0.584802442985461,-1.8789034399798
trip-specific,20364,17.2798355,17.4230877109307,0.241484317558316,0.241484317558316
trip-specific,20374,16.7738065666667,15.8562268097624,0.468083414813544,-0.449496342090755
trip-specific,20390,34.8777764,29.2643860835845,0.479508185952224,-5.13388213046328
trip-specific,20396,15.6182453333333,15.1326422803751,0.499550920515329,0.0139478675570887
trip-specific,20399,29.6359230666667,28.5050143976344,0.424944069424322,-0.705964599607937
trip-specific,20420,23.1581304333333,23.0131974344852,0.443973054600691,0.299040055752543
trip-specific,20436,18.2987446333333,18.5938861143414,0.428152597360282,0.428152597360282
trip-specific,20444,23.4389957666667,22.7474338271728,0.336216103649906,-0.355345835843971
trip-specific,20446,29.1899338666667,29.0983518521799,0.580458226199959,0.488876211713145
trip-specific,20487,30.0352618,30.5918914138156,0.404243513592503,0.404243513592503
trip-specific,20502,14.2689414,13.6690711088469,0.364873129858293,-0.234997161294799
trip-specific,20507,11.0467103666667,10.7028064665023,0.154762329029438,-0.189141571134904
trip-specific,20526,30.057592,35.8394073146053,8.9256739005229,8.9256739005229
trip-specific,20537,20.9684527666667,21.9818717003272,0.380692197286086,0.380692197286086
trip-specific,20549,15.9375954333333,16.2315733203264,0.182789516067113,0.182789516067113
trip-specific,20566,22.9816778666667,22.7917323328125,0.244714175100682,0.0547686412464607
trip-specific,20573,30.9268308,30.4218300841008,0.106074915201847,-0.398925800697371
trip-specific,20577,8.60111936666667,7.49724467980315,0.373627651912436,-0.730247034951081
trip-specific,20593,41.7269816666667,43.055981618022,1.93149027478885,1.93149027478885
trip-specific,20599,11.0625194333333,11.327652271023,0.38373769351647,0.38373769351647
trip-specific,20617,22.5496473666667,21.4495603325813,0.237579297868013,-0.86250773621735
trip-specific,20622,31.7537402,33.1456181470417,0.440514375777025,0.440514375777025
trip-specific,20648,57.5412002333333,57.9494655334896,0.274032240496909,0.274032240496909
trip-specific,20654,25.2527863333333,26.833511782181,0.655395263432695,0.655395263432695
trip-specific,20683,18.1388112666667,18.5208205290234,0.430857449653775,0.430857449653775
trip-specific,20715,32.6530019666667,33.6385808811731,0.461560909043196,0.461560909043196
trip-specific,20729,13.8596789,14.2388320027036,0.244036340434077,0.244036340434077
trip-specific,20750,74.6375220666667,76.0744299884716,0.486773207890199,0.486773207890199
trip-specific,20757,25.4953385333333,25.9093703067122,0.332499216442942,0.332499216442942
trip-specific,20787,16.7513395333333,17.3649927803866,0.421852500914224,0.421852500914224
trip-specific,20808,43.5084059333333,43.8750756090582,0.30984997752491,0.30984997752491
trip-specific,20820,28.6745503333333,29.3632659285341,0.383167714131908,0.383167714131908
trip-specific,20821,42.0426169666667,42.1222475991638,0.573873420220615,0.573873420220615
trip-specific,20861,19.7830821333333,20.2003826356589,0.399690972007089,0.399690972007089
trip-specific,20870,35.9077984666667,37.4147157251094,0.845949583208577,0.845949583208577
trip-specific,20879,91.1846546,108.546014671983,5.53070054360473,5.53070054360473
trip-specific,20920,30.6726992,29.7791300873668,0.337126524468092,-0.55644258816506
trip-specific,20936,18.3227018666667,18.4955845254106,0.529577075047996,0.529577075047996
trip-specific,20948,39.2350578,39.9773091042179,0.488673679567812,0.488673679567812
trip-specific,20960,28.1257957333333,27.0696501370565,0.374578056044953,-0.681567540231904
trip-specific,20971,21.8718828666667,20.9905703923103,0.251503169495186,-0.629809304861209
trip-specific,20972,14.3556459333333,15.5043957623765,0.227425484835915,0.227425484835915
trip-specific,21014,55.6917727666667,55.6541293733485,0.498646245323731,0.461002852005553
trip-specific,21020,20.6949743333333,20.6108366123086,0.361635661383068,0.277497940358297
trip-specific,21022,16.0933732333333,16.4384612234572,0.240301667799838,0.240301667799838
trip-specific,21024,42.2864549333333,41.0715075734925,0.536717280687898,-0.678230079152965
trip-specific,21039,24.1921047,26.6443722435823,1.68647967857212,1.68647967857212
trip-specific,21049,76.3693273333334,80.0391729014736,2.38094613764358,2.38094613764358
trip-specific,21053,34.3270119333334,34.7703961738737,0.523440161732349,0.523440161732349
trip-specific,21093,25.0030657333333,24.7398615595888,0.316176219736484,0.0529720459919396
trip-specific,21094,12.3457790666667,12.8672747731102,0.210996581405073,0.210996581405073
trip-specific,21107,14.9131579666667,14.5484408672058,0.393156084802175,0.0284389853412835
trip-specific,21115,26.7812607,28.5331084665853,0.448461277868467,0.448461277868467
trip-specific,21125,25.9738622333333,26.5919693886862,0.4061500072705,0.4061500072705
trip-specific,21128,5.91257826666667,5.59426151322845,0.21149585944715,-0.106820893991067
trip-specific,21132,25.0445521,25.226377140387,0.367236662572599,0.367236662572599
trip-specific,21173,13.5118050666667,13.9929938734945,0.282730592308745,0.282730592308745
trip-specific,21176,40.2353996,39.6035751784337,0.567830269867686,-0.063994151698671
trip-specific,21182,18.2201482333333,18.1920969390011,0.179776467801223,0.151725173468986
trip-specific,21192,27.1877342333333,25.7112442527853,0.696298504268083,-0.780191476279955
trip-specific,21194,42.9996562,45.6145599720576,0.511713095522019,0.511713095522019
trip-specific,21195,19.3626983333333,20.683230565691,0.31407237504512,0.31407237504512
trip-specific,21239,22.2593861666667,24.0975209893991,0.414635364223057,0.414635364223057
trip-specific,21245,22.9167028333333,23.7847702489612,0.416565836613553,0.416565836613553
trip-specific,21251,15.1369383333333,14.4481794376095,0.348253885931346,-0.340505009792492
trip-specific,21259,18.4398168,17.5755331516269,0.317769481342621,-0.546514167030432
trip-specific,21262,32.6720323666667,32.4562275482339,0.40213490530758,0.186330086874836
trip-specific,21275,6.6269218,6.37530789973867,0.104573387314668,-0.14704051294666
trip-specific,21287,8.42101723333333,7.84020072495603,0.163543485240125,-0.417273023137175
trip-specific,21318,7.0810569,7.829468499555,1.58499944918522,1.58499944918522
trip-specific,21322,31.8893990333333,32.3809895240706,0.254597012896175,0.254597012896175
trip-specific,21333,21.2167440333333,20.8007358730374,0.403578943510269,-0.0124292167856621
trip-specific,21344,7.48391643333333,8.07293339238302,0.290818127133214,0.290818127133214
trip-specific,21354,16.3905993,16.2957046763062,0.491330066505418,0.396435442811614
trip-specific,21357,23.6154580666667,23.461051347165,0.29954230578745,0.145135586285753
trip-specific,21373,6.38652956666667,6.53243155282265,0.171736326785975,0.171736326785975
trip-specific,21382,8.20882206666667,6.90217647172943,0.231823944674611,-1.07482165026262
trip-specific,21417,77.862314,87.0950029007237,4.14811632659298,4.14811632659298
trip-specific,21427,37.9266452,40.0145710594805,0.470213144329132,0.470213144329132
trip-specific,21460,27.1513798,27.4479453871661,0.591868128080488,0.591868128080488
trip-specific,21464,89.442621,92.462536194181,0.648915603341346,0.648915603341346
trip-specific,21466,51.6619072666667,51.4118677061705,0.414412172900794,0.164372612404618
trip-specific,21470,13.8607715666667,15.6161882289125,0.429457292925655,0.429457292925655
trip-specific,21487,26.8104518333333,29.7824358938613,0.406462850497015,0.406462850497015
trip-specific,21491,71.2187819666666,84.8474686070252,7.37257000986415,7.37257000986415
trip-specific,21492,20.6749110666667,21.9898741012999,0.473520924954565,0.473520924954565
trip-specific,21494,18.2369121,19.6573084231746,0.361682143954161,0.361682143954161
trip-specific,21506,33.1677238666667,32.9771661148647,0.801976958269722,0.611419206467761
trip-specific,21535,13.6023332666667,12.8511484129427,0.207016965970489,-0.544167887753531
trip-specific,21540,34.2988057,34.3127869088349,0.543407585816413,0.543407585816413
trip-specific,21557,32.68911,32.2755214086593,0.608834404473072,0.195245813132331
trip-specific,21564,36.3073947333333,35.6065402191894,0.597356781268068,-0.103497732875817
trip-specific,21579,19.6528800666667,18.7724799989334,0.288441262581573,-0.591958805151654
trip-specific,21584,17.6174895,15.7328531222739,0.439235331593197,-1.44540104613294
trip-specific,21599,20.4047964666667,19.9481816514862,0.246286441633762,-0.210328373546753
trip-specific,21609,15.9067931333333,16.0872436086774,0.256180677539327,0.256180677539327
trip-specific,21612,19.5006287,20.1576404204812,0.395707182467997,0.395707182467997
trip-specific,21622,18.1699319,18.0303337499956,0.224170401576168,0.0845722515717862
trip-specific,21639,15.7287449333333,15.925031353352,0.361001353284845,0.361001353284845
trip-specific,21647,26.0198443666667,25.8450410534536,0.270835463656687,0.0960321504435725
trip-specific,21653,10.3972742333333,8.83001779034525,0.323040443979796,-1.24421599900829
trip-specific,21660,16.4875671,16.2847730543241,0.181672265724693,-0.0211217799511868
trip-specific,21685,25.3770672,26.008429470949,0.377666227327202,0.377666227327202
trip-specific,21708,9.10627646666667,8.48585801169929,0.361354801861295,-0.25906365310608
trip-specific,21716,35.6208426666667,35.5969448977337,0.347622145993488,0.323724377060506
trip-specific,21732,23.1782380666667,22.761246544408,0.435511786651127,0.018520264392443
trip-specific,21733,50.285113,47.9504513565131,0.608549181384991,-1.72611246210191
trip-specific,21764,40.5539709,39.2315885641008,0.480860865782547,-0.841521470116695
trip-specific,21802,29.9376839333333,30.942374263834,0.325913458223102,0.325913458223102
trip-specific,21808,26.4365310666667,24.3257335177931,0.349853930530945,-1.76094361834259
trip-specific,21832,14.4458842,14.6980609419215,0.31437434327664,0.31437434327664
trip-specific,21854,37.5284967333333,39.7419519387356,0.584651815854719,0.584651815854719
trip-specific,21866,27.9728635666667,27.7497207878604,0.397093568628051,0.173950789821802
trip-specific,21888,12.6994856333333,13.4578313058435,0.239807119492908,0.239807119492908
trip-specific,21894,10.0404414333333,9.87157342119029,0.150383649514255,-0.0184843626287892
trip-specific,21901,34.1334593,35.6972132228537,0.572894672008604,0.572894672008604
trip-specific,21912,19.9804413333333,21.5196330687374,0.608545632507677,0.608545632507677
trip-specific,21916,17.1502596333333,17.2491399820665,0.456652957994974,0.456652957994974
trip-specific,21923,8.3034518,8.50963128474323,0.144354188433732,0.144354188433732
trip-specific,21925,19.3183565333333,20.3432044478966,0.346270133073866,0.346270133073866
trip-specific,21936,32.1756905666667,34.3629764611749,0.381459860923901,0.381459860923901
trip-specific,21945,32.4968010666667,33.7523635082268,0.696032295072807,0.696032295072807
trip-specific,21951,34.7309612333333,37.3875326557713,0.666853961575206,0.666853961575206
trip-specific,21956,33.2152270666667,33.1096141763076,0.495854793316012,0.390241902956915
trip-specific,21970,11.0888153333333,10.9755316799919,0.268576018567501,0.155292365226035
trip-specific,21983,58.1131393333334,57.7328071083104,0.609195953223217,0.228863728200262
trip-specific,21986,21.3020602666667,22.0209400350833,0.366176540733868,0.366176540733868
trip-specific,21998,16.8228603666667,16.6358572227456,0.375906199471761,0.188903055550672
trip-specific,22035,5.62542676666667,5.4289985550492,0.257444945857717,0.0610167342402535
trip-specific,22056,16.6386582666667,16.7553303902824,0.358680185466325,0.358680185466325
trip-specific,22061,19.3859831333333,17.7877352977045,0.436019880861036,-1.16222795476776
trip-specific,22069,20.7398672,25.2172295505581,1.66436533297578,1.66436533297578
trip-specific,22091,18.8235948333333,18.9399224200005,0.318554413535747,0.318554413535747
trip-specific,22093,51.3051432,51.7763426654138,0.742716361581173,0.742716361581173
trip-specific,22096,17.0086474,17.0429001897706,0.356374242821047,0.356374242821047
trip-specific,22106,28.3307415666667,29.0913425821149,0.174860986883453,0.174860986883453
trip-specific,22128,23.2404275,22.4612074645805,0.171336092090585,-0.607883943328956
trip-specific,22130,14.1780350333333,14.6751229622833,0.946695056937038,0.946695056937038
trip-specific,22138,17.3108567666667,17.284852629514,0.450670640496062,0.424666503343401
trip-specific,22139,28.8193149333333,26.819239104976,0.423496269782758,-1.5765795585746
trip-specific,22142,4.9218222,5.17131901200162,0.201701654995262,0.201701654995262
trip-specific,22157,46.7634795666667,46.4363193001568,0.277728957931666,-0.0494313085782269
trip-specific,22163,16.3776072666667,15.7806544608679,0.169730620030605,-0.427222185768172
trip-specific,22177,20.2800506333333,20.9600383740867,0.329220005673487,0.329220005673487
trip-specific,22183,23.9225456,21.4729830807438,0.297781905057474,-2.15178061419876
trip-specific,22204,26.9157970333333,25.7502253890059,0.413817284695651,-0.751754359631763
trip-specific,22236,24.1051940333333,24.5128437993683,0.285132361015171,0.285132361015171
trip-specific,22239,31.9795655,33.4862790512637,0.482642633023558,0.482642633023558
trip-specific,22259,13.1877385,13.0620154000134,0.19419750408072,0.0684744040941477
trip-specific,22272,26.3113818333333,26.6531072902711,0.397744821864353,0.397744821864353
trip-specific,22273,16.3301224666667,17.2915639008212,0.505566456622196,0.505566456622196
trip-specific,22275,24.7738065333333,22.3203370531399,0.304984374854657,-2.14848510533875
trip-specific,22284,10.3586383666667,9.89478733539748,0.442972276846424,-0.0208787544227604
trip-specific,22294,26.2699903666667,26.4119537069846,0.470223337017802,0.470223337017802
trip-specific,22315,14.7871869333333,14.4055313132848,0.37739496313418,-0.004260656914372
trip-specific,22319,15.89683,15.571985184598,0.264334443179926,-0.0605103722221083
trip-specific,22343,17.8413806,17.9225271463982,0.377980804374723,0.377980804374723
trip-specific,22367,17.2838847333333,17.4951680718644,0.275337247770614,0.275337247770614
trip-specific,22376,18.7134149666667,16.7595338547085,0.32999810299541,-1.6238830089628
trip-specific,22380,7.1446227,7.41700095434698,0.211520458378929,0.211520458378929
trip-specific,22381,16.5610316333333,17.4042023334592,0.450262562352462,0.450262562352462
trip-specific,22391,34.2193974333333,35.5220391135055,0.296159604924299,0.296159604924299
trip-specific,22395,28.1329905666667,27.5950694817465,0.344492048096422,-0.193429036823757
trip-specific,22410,12.2405986666667,12.3644531384869,0.307792295128783,0.307792295128783
trip-specific,22450,20.7608482666667,21.1567427416123,0.235902993628827,0.235902993628827
trip-specific,22455,17.6380758,16.5049397937448,0.395338839904271,-0.737797166350879
trip-specific,22470,13.2355559666667,14.0455053654655,0.234714680946782,0.234714680946782
trip-specific,22471,5.3360282,5.51435406245099,0.106383657009131,0.106383657009131
trip-specific,22476,56.5273235333334,53.9807661049948,0.603568446593079,-1.94298898174554
trip-specific,22491,17.0080364333333,17.4998247388774,0.608112355705012,0.608112355705012
trip-specific,22496,20.5420491333333,19.5838145569045,0.204935738476187,-0.75329883795261
trip-specific,22506,31.3969427666667,30.3662683829334,0.501487905549391,-0.529186478183872
trip-specific,22516,36.7171041333333,33.025635984779,0.247095456325417,-3.44437269222896
trip-specific,22517,30.2420293,28.5725385569098,0.386728275597717,-1.28276246749249
trip-specific,22518,12.4765854333333,12.471615577314,0.130949578586496,0.125979722567194
trip-specific,22526,16.9029303666667,18.4964067515127,0.516629228651603,0.516629228651603
trip-specific,22529,13.2358982333333,13.5679500639864,0.316229989831078,0.316229989831078
trip-specific,22530,36.9834166,36.8675422743192,0.258306538151405,0.142432212470592
trip-specific,22539,30.8566645,29.0601580345599,0.34721329186564,-1.44929317357447
trip-specific,22541,65.0023771333333,65.3423085399773,0.493669404490153,0.493669404490153
trip-specific,22556,22.3955288333333,21.9221150994427,0.189457689478217,-0.283956044412378
trip-specific,22559,15.5421151666667,16.8777404134073,0.368529770030947,0.368529770030947
trip-specific,22561,26.0431607333333,24.8757932747819,0.272968688037645,-0.894398770513844
trip-specific,22574,27.8953015333333,25.3598303465494,0.190260945255844,-2.34521024152815
trip-specific,22577,15.361937,12.8241174576796,0.393350585107826,-2.14446895721255
trip-specific,22586,25.0694708,22.3656154715626,0.412037410950861,-2.29181791748657
trip-specific,22587,9.49358023333333,9.51134236202552,0.685451211567724,0.685451211567724
trip-specific,22599,22.3326356666667,22.4722956296139,0.349887431594544,0.349887431594544
trip-specific,22604,54.5519816333334,55.4236494237678,1.02943134939574,1.02943134939574
trip-specific,22606,5.3810532,4.86739873202439,0.24882014490557,-0.264834323070042
trip-specific,22616,15.7077882333333,15.8730802084909,0.185053826811404,0.185053826811404
trip-specific,22617,16.6558949333333,16.4424571616907,0.504902580026414,0.291464808383783
trip-specific,22618,57.3634859,55.6432601267898,0.493793921495941,-1.22643185171421
trip-specific,22669,15.4357187,14.9590297238063,0.218513683007539,-0.258175293186151
trip-specific,22689,30.0437467666667,29.8636938446447,0.193743812573639,0.0136908905516887
trip-specific,22693,10.2929264,10.2367756063273,0.0877695022624812,0.0316187085897549
trip-specific,22721,20.1121905333333,21.3453515056846,0.265824219725715,0.265824219725715
trip-specific,22736,16.0379127333333,16.9341547504007,0.268578557921551,0.268578557921551
trip-specific,22737,14.5488967333333,16.3204539696374,0.366497603328059,0.366497603328059
trip-specific,22754,5.9421864,5.19325977641196,0.233657755688083,-0.515268867899958
trip-specific,22769,31.7212172,32.9224197590499,0.54472866785517,0.54472866785517
trip-specific,22774,13.3731101333333,13.2635207867806,0.14068530283495,0.0310959562822133
trip-specific,22793,13.9250703333333,14.5366011018656,0.549879066524301,0.549879066524301
trip-specific,22819,13.5630719333333,13.9793766532172,0.204282030093081,0.204282030093081
trip-specific,22824,9.86218516666667,10.4915186318653,0.68994761956196,0.68994761956196
trip-specific,22826,13.4109951333333,12.6568640689016,0.338568105313889,-0.415562959117827
trip-specific,22833,14.5891276333333,14.9800251894904,0.41375237892699,0.41375237892699
trip-specific,22836,21.4094524333333,21.3932039472963,0.311235759506248,0.294987273469184
trip-specific,22845,34.1477982,36.532388119369,0.818596548197426,0.818596548197426
trip-specific,22847,62.6496923,68.2433013334357,4.45326367050248,4.45326367050248
trip-specific,22848,21.6469521666667,21.9890647493053,0.28572624878848,0.28572624878848
trip-specific,22855,14.1249593333333,13.4110862366548,0.222119418945468,-0.491753677733112
trip-specific,22866,27.1544890333333,27.9588608298589,0.625750822530302,0.625750822530302
trip-specific,22890,5.42268086666667,5.25882256220854,0.182315758661983,0.0184574542038527
trip-specific,22891,9.02119846666667,8.20559107513204,0.233246166636103,-0.582361224898526
trip-specific,22900,15.3781793,13.9848591550781,0.298880256443288,-1.09443988847862
trip-specific,22902,13.9645296333333,13.0625502189473,0.302391970537694,-0.599587443848364
trip-specific,22923,20.7819947333333,21.4012280735487,0.45996776471607,0.45996776471607
trip-specific,22928,28.4020292666667,27.6209765411718,0.53834724996134,-0.242705475533495
trip-specific,22933,7.77744133333334,7.82403111390614,0.108048010448562,0.108048010448562
trip-specific,22942,24.1779645,23.7437498332801,0.425279907025737,-0.00893475969412361
trip-specific,22960,22.4332286333333,21.4041568433503,0.2457606799755,-0.783311110007585
trip-specific,22963,6.99516183333333,7.04403421241542,0.141773340532545,0.141773340532545
trip-specific,22965,26.8606201333333,21.9048381067577,0.508431083637452,-4.44735094293817
trip-specific,23016,5.56803513333333,5.55792398642559,0.180503616071867,0.170392469164128
trip-specific,23037,7.62574526666667,8.56765294683659,0.530998503899393,0.530998503899393
trip-specific,23046,25.6146348,24.5843528356198,0.388637017248417,-0.641644947131791
trip-specific,23050,7.1082428,7.48681436141825,0.237277400272502,0.237277400272502
population,23,23.7822355333333,25.8249418240163,1.08626409539111,1.08626409539111
population,35,27.1121951666667,28.0470301691343,1.01900604647056,1.01900604647056
population,38,22.5237053,24.691507954095,1.04190791826389,1.04190791826389
population,41,34.0614015,36.1813380939376,1.12887876219315,1.12887876219315
population,51,23.7368270666667,24.4120120941999,0.979647220728549,0.979647220728549
population,57,20.1059388,21.4999144591081,1.03433030556419,1.03433030556419
population,68,15.3246665666667,17.2497085641212,1.02669676724729,1.02669676724729
population,80,53.5367156333333,54.9965327335179,1.33334953855695,1.33334953855695
population,86,7.77761146666667,8.46903065963276,0.663718325578999,0.663718325578999
population,87,25.3376513,27.989710823754,1.22254990392435,1.22254990392435
population,95,21.2225713,23.565058954095,1.04190791826389,1.04190791826389
population,111,40.220959,38.664559608977,1.1077763638629,-0.448623027160146
population,118,25.0604442333333,26.0907773435441,1.32149730749067,1.32149730749067
population,120,46.6128469333334,50.9425338329933,1.55149545834629,1.55149545834629
population,131,18.9973135333333,23.5152176034392,1.36829038101015,1.36829038101015
population,133,25.2573937333333,24.625429139318,0.904495613526603,0.272531019511238
population,137,40.6070536666667,44.6442402380064,1.54641689984838,1.54641689984838
population,138,25.1054442333333,26.6307145390557,1.06431710384567,1.06431710384567
population,141,25.3719095333334,27.0310407738852,1.15641643721483,1.15641643721483
population,158,36.9235518333333,39.8776648683474,1.40795918644407,1.40795918644407
population,164,55.5563021333333,52.0315860279801,1.55655744718968,-1.96815865816352
population,174,25.0552860333333,28.182937223754,1.22254990392435,1.22254990392435
population,181,27.1436010333333,28.274404268872,1.16319899647185,1.16319899647185
population,192,70.3912531333333,69.6009721031769,1.47880936885539,0.688528338698952
population,202,25.5932006666667,26.4738526641212,1.02669676724729,1.02669676724729
population,207,9.48739726666667,6.50263150976391,0.532158551922834,-2.45260720497992
population,208,30.3230326333333,30.0245388488196,1.18994269690731,0.891448912393541
population,210,11.8270386,12.7020203443311,0.895756320522712,0.895756320522712
population,214,34.2806702,35.1490135132031,1.46813190522838,1.46813190522838
population,216,47.0485624,43.8669697783736,1.39674020935437,-1.784852412272
population,225,14.6402050666667,15.0905231493442,0.88693091987139,0.88693091987139
population,250,32.3481268,31.5108933187409,1.22896753281684,0.391734051557712
population,256,35.8672638666667,32.0293797037015,1.24802242933184,-2.5898617336333
population,258,38.1755600666667,33.2777228736228,1.28528501077007,-3.61255218227377
population,263,14.330242,14.6714417994754,0.793295131271539,0.793295131271539
population,265,23.6675288,19.804089584436,0.822505898274634,-3.04093331728935
population,284,17.4964220333333,17.4084523390557,1.06431710384567,0.97634740956799
population,296,11.2168046,12.3596604345672,0.720546085529427,0.720546085529427
population,298,33.0966055666667,31.0788114788983,1.14959386181737,-0.868200225951034
population,312,23.3216810666667,22.594480008977,1.1077763638629,0.380575306173184
population,347,32.7053238,28.127991454095,1.04190791826389,-3.53542442764111
population,350,17.4595856333333,19.2106699290294,1.07899803327132,1.07899803327132
population,352,34.0688798333333,34.9977299635966,1.29746807944364,1.29746807944364
population,377,40.6634672333333,37.4819694839114,1.14273055354081,-2.03876719588114
population,378,21.0466047333333,21.1031081192655,0.938639457629381,0.938639457629381
population,383,27.0432746333333,26.7327709240163,1.08626409539111,0.775760386074084
population,385,12.6958379,13.3655247195278,0.752585841462099,0.752585841462099
population,417,47.2355634,49.4631964625473,1.71524276642504,1.71524276642504
population,447,21.1271711333333,18.8156015643836,0.859911431036055,-1.45165813791372
population,473,46.346274,42.132106654095,1.04190791826389,-3.17225942764111
population,474,43.2384235333333,40.3734238891868,0.987644473590395,-1.87735517055613
population,479,48.9145755333334,43.8831896535704,1.30953780985511,-3.72184806990786
population,485,47.7206674,45.3035767984261,1.37402747275933,-1.04306312881459
population,509,46.8822345333333,41.0917228691343,1.01900604647056,-4.77150561772842
population,517,26.2309478333333,25.5900392242786,0.930220996476805,0.289312387422097
population,520,36.6364842,35.0177577638589,1.1699422355508,-0.448784200590281
population,546,28.9984191666667,29.141114978636,1.2791499637563,1.2791499637563
population,561,31.8040736333333,31.7613679039638,1.1148548791057,1.07214914973621
population,570,27.0935160333333,25.9674522738852,1.15641643721483,0.0303526777666425
population,577,44.0128097666667,41.7998615635966,1.29746807944364,-0.915480123626437
population,585,24.0904212333333,23.1905904788983,1.14959386181737,0.249763107382299
population,600,44.8868334,44.5070497182163,1.46276394610239,1.08298026431863
population,606,34.130633,32.769604568872,1.16319899647185,-0.197829434656124
population,618,24.224507,24.8367796039638,1.1148548791057,1.1148548791057
population,623,22.1528143333333,19.8008567593704,0.869011276312887,-1.48294629765001
population,625,28.1238213666667,29.1823241736228,1.28528501077007,1.28528501077007
population,629,26.2372642666667,27.2916411387933,1.20309163416092,1.20309163416092
population,633,25.6322053,25.1446399240163,1.08626409539111,0.598698719407417
population,645,34.1071282666667,31.9571691287671,1.21609840821084,-0.93386072968872
population,661,31.0784062,27.7776090546196,0.675466464631567,-2.6253306807488
population,674,44.1653565666667,37.9055815440688,1.05690016955527,-5.20287485304263
population,700,21.0822688333333,22.5074131039638,1.1148548791057,1.1148548791057
population,704,19.7124176333333,16.9372969791606,1.00344778861613,-1.77167286555662
population,760,11.9325047333333,14.2040500891868,0.987644473590395,0.987644473590395
population,763,33.4994965,33.837287893413,1.37974070934718,1.37974070934718
population,772,37.9034350666667,36.8322640340425,1.07168270802085,0.00051167539672381
population,786,15.2939126333333,14.6722581145147,0.762966826213102,0.141312307394478
population,790,28.8364204,28.775788054095,1.04190791826389,0.981275572358892
population,793,34.9665034,36.6548018635966,1.29746807944364,1.29746807944364
population,801,9.86849883333333,10.2121173195278,0.752585841462099,0.752585841462099
population,811,21.1019491,25.5717094833867,1.39109679149038,1.39109679149038
population,816,29.1090535,29.6570221139901,1.10065232621424,1.10065232621424
population,827,7.39213016666667,8.62704635461964,0.675466464631567,0.675466464631567
population,845,22.1951117666667,20.2717717440688,1.05690016955527,-0.866439853042628
population,854,32.6118972333333,32.1721853686097,1.29139091217287,0.851679047449255
population,861,36.4901814666667,41.9850209427572,1.64022281463641,1.64022281463641
population,866,33.6348893,33.770230868872,1.16319899647185,1.16319899647185
population,902,15.4922469333333,16.3446713543573,0.878016815039115,0.878016815039115
population,930,4.68465606666667,5.10198134485573,0.416007476443946,0.416007476443946
population,934,41.5647423,33.5928588187409,1.22896753281684,-6.7429159484423
population,936,27.8545805666667,27.6251515039638,1.1148548791057,0.885425816402873
population,946,20.5828321666667,21.6060001240163,1.08626409539111,1.08626409539111
population,957,16.8457443333333,19.8220156240163,1.08626409539111,1.08626409539111
population,959,13.3933664333333,13.8883778994754,0.793295131271539,0.793295131271539
population,971,14.5993063,16.0784990543573,0.878016815039115,0.878016815039115
population,981,49.9874485666667,51.6878392783736,1.39674020935437,1.39674020935437
population,995,25.7789249666667,25.8896868137278,1.23535182270088,1.23535182270088
population,1003,85.2019158,80.6655629277178,1.65454817670904,-2.88180469557313
population,1006,30.3594334666667,28.0684833939376,1.12887876219315,-1.16207131053592
population,1017,49.3195726666667,49.3758823432818,1.43562311083189,1.43562311083189
population,1041,41.6825615333333,41.8565787087146,1.24170328781995,1.24170328781995
population,1046,21.8603404,20.8807090891868,0.987644473590395,0.00801316277721209
population,1047,14.0594949,15.8588126042262,0.96345358934212,0.96345358934212
population,1073,26.1332848,29.2938783137278,1.23535182270088,1.23535182270088
population,1078,14.2231143333333,15.0383807744098,0.841416550206566,0.841416550206566
population,1083,24.1512897666667,25.1107027741475,1.01125683859793,1.01125683859793
population,1086,9.72277116666667,8.96819139472457,0.574796930908684,-0.179782841033417
population,1100,47.3489765333333,47.3183096686097,1.29139091217287,1.26072404744925
population,1106,21.4958994,23.7676479889245,1.13582577399142,1.13582577399142
population,1111,60.3482008666667,59.5493006184786,1.35093292926313,0.552032681075015
population,1113,24.1573641666667,25.2751740939376,1.12887876219315,1.12887876219315
population,1131,53.0822969333333,52.4632461037015,1.24802242933184,0.628971599700027
population,1172,8.5571077,8.54578358469833,0.60154581708046,0.590221701778793
population,1186,24.6833440333333,25.4914872187409,1.22896753281684,1.22896753281684
population,1206,29.9660622666667,28.0093734546196,0.675466464631567,-1.28122234741546
population,1235,31.6559350666667,32.8173907783736,1.39674020935437,1.39674020935437
population,1239,21.8051202666667,19.2246892591081,1.03433030556419,-1.54610070199436
population,1241,22.7716302333333,23.698244554095,1.04190791826389,1.04190791826389
population,1258,35.6604200666667,38.435379793413,1.37974070934718,1.37974070934718
population,1296,26.486965,24.8944426791606,1.00344778861613,-0.58907453222329
population,1303,87.5463115666667,81.5997443736229,1.28528501077007,-4.6612821822738
population,1315,11.2763017666667,11.4632918944622,0.803150107035793,0.803150107035793
population,1321,37.5069217333333,35.8893517883999,1.38543038589542,-0.232139559038056
population,1322,25.9703122,25.1394388691344,1.01900604647056,0.188132715604906
population,1329,17.2915794,17.8802801092393,0.955253835210168,0.955253835210168
population,1336,16.8697042,17.3883869292917,0.921725649612629,0.921725649612629
population,1343,23.4282230666667,21.7399930691344,1.01900604647056,-0.669223951061754
population,1379,22.8013262,23.3111608490819,1.04943081681142,1.04943081681142
population,1382,36.3762259666667,33.8398637234917,1.34509733857256,-1.19126490460244
population,1390,46.7490389333333,41.926757168872,1.16319899647185,-3.65908276798944
population,1398,26.1746429333333,23.0557731137278,1.23535182270088,-1.88351799690469
population,1399,19.7487601666667,19.197501154095,1.04190791826389,0.490648905692229
population,1411,32.4884952,33.8573517438065,1.19653522767009,1.19653522767009
population,1438,16.2952564,17.3278600641212,1.02669676724729,1.02669676724729
population,1455,26.1291207666667,25.3217886738852,1.15641643721483,0.349084344433311
population,1456,13.1453542666667,15.1681552791606,1.00344778861613,1.00344778861613
population,1462,30.0156931,28.5291186337802,1.20961250378808,-0.276961962431704
population,1469,18.3060282,18.2085569894491,0.812885615301491,0.71541440475062
population,1482,7.47336696666667,7.47918825488196,0.376292920731049,0.376292920731049
population,1485,36.7332713333333,33.014791739318,0.904495613526603,-2.81398398048876
population,1508,20.4640980666667,20.6895400891868,0.987644473590395,0.987644473590395
population,1521,31.0953205,32.8830540387933,1.20309163416092,1.20309163416092
population,1524,28.6085571333333,27.7855774390557,1.06431710384567,0.241337409567987
population,1525,35.4736199666667,32.879140653308,1.42462200533674,-1.16985730802187
population,1527,31.9987461,30.1030925435441,1.32149730749067,-0.5741562489652
population,1546,28.1611951333333,26.8548334691343,1.01900604647056,-0.287355617728428
population,1552,31.2142727333333,33.8286848335179,1.33334953855695,1.33334953855695
population,1560,19.0777321666667,19.843818154095,1.04190791826389,1.04190791826389
population,1617,22.5646753666667,24.7885062287671,1.21609840821084,1.21609840821084
population,1622,25.8569204,26.5808679287671,1.21609840821084,1.21609840821084
population,1628,16.4011375,18.4154191941999,0.979647220728549,0.979647220728549
population,1651,35.8614657333333,33.3756880591081,1.03433030556419,-1.45144736866103
population,1664,25.2480165666667,23.0924274788983,1.14959386181737,-1.00599522595104
population,1666,19.6166496666667,21.6167326741475,1.01125683859793,1.01125683859793
population,1684,21.9081614,20.4026650390557,1.06431710384567,-0.441179257098678
population,1685,13.18725,11.395540784436,0.822505898274634,-0.969203317289351
population,1686,35.5439117666667,32.2638305836491,1.27298534973709,-2.00709583328053
population,1695,14.5264200333333,15.0942644543573,0.878016815039115,0.878016815039115
population,1705,25.8898666666667,22.4682046741475,1.01125683859793,-2.41040515392127
population,1710,41.7936805666667,43.1536163535704,1.30953780985511,1.30953780985511
population,1713,11.2067666333333,11.5128081245409,0.742059646953489,0.742059646953489
population,1725,31.3108801666667,30.4609111791606,1.00344778861613,0.153478801110047
population,1728,6.4149699,6.7959928047508,0.546740938212135,0.546740938212135
population,1751,22.2005923,24.5397409139901,1.10065232621424,1.10065232621424
population,1757,34.8064532,34.9259938841737,0.995577488368498,0.995577488368498
population,1764,19.1108893666667,21.5476783340425,1.07168270802085,1.07168270802085
population,1773,30.0253627333333,31.4429829638589,1.1699422355508,1.1699422355508
population,1803,23.1001868,23.2676224841737,0.995577488368498,0.995577488368498
population,1804,18.9593081666667,19.7587322343049,0.913151271160121,0.913151271160121
population,1811,33.2136578,29.452764368872,1.16319899647185,-2.59769443465611
population,1826,18.1024640666667,19.9517740941999,0.979647220728549,0.979647220728549
population,1840,20.4798157666667,20.0494357440688,1.05690016955527,0.626520146957373
population,1857,4.74058836666667,4.72388866992131,0.30724188320421,0.290542186458848
population,1859,19.4228295666667,20.2118515891868,0.987644473590395,0.987644473590395
population,1867,22.9880659666667,27.4193267535704,1.30953780985511,1.30953780985511
population,1938,5.82483513333333,6.39370270976391,0.532158551922834,0.532158551922834
population,1953,21.7381832666667,24.3272571588458,1.17664683047127,1.17664683047127
population,1956,21.6517616333333,21.2696990593704,0.869011276312887,0.486948702349993
population,1963,25.7864089,29.0671944087146,1.24170328781995,1.24170328781995
population,1995,21.1511848666667,22.2826768139901,1.10065232621424,1.10065232621424
population,2004,64.9700310333333,67.4441407876129,1.69215634682822,1.69215634682822
population,2010,16.4750903,15.6533211345672,0.720546085529427,-0.101223079903399
population,2044,37.6928906333333,39.8647963725736,1.70604568798976,1.70604568798976
population,2058,15.5995981,16.9562528493442,0.88693091987139,0.88693091987139
population,2067,35.2391520333333,33.2219564042262,0.96345358934212,-1.05374203976505
population,2078,133.029668566667,121.642571248295,1.43013313618773,-9.95696418218405
population,2091,6.78358046666667,7.05536470976391,0.532158551922834,0.532158551922834
population,2099,22.1870738666667,24.4361788440688,1.05690016955527,1.05690016955527
population,2108,26.6975657666667,27.6523565285048,1.33923632011028,1.33923632011028
population,2113,24.4143479333333,25.7921961939376,1.12887876219315,1.12887876219315
population,2131,5.26792423333333,5.71422882981638,0.469319728814691,0.469319728814691
population,2134,39.830506,34.9329884535704,1.30953780985511,-3.58797973657452
population,2144,35.7298406,34.6878231788983,1.14959386181737,0.107576440715628
population,2178,20.3293434,20.989168099213,0.971584143524735,0.971584143524735
population,2180,11.1897862666667,11.2029714445934,0.698370104677186,0.698370104677186
population,2183,81.6815099333333,80.5011347377441,1.64501179654927,0.46463660095999
population,2193,33.6856305333333,32.2785715984261,1.37402747275933,-0.0330314621479209
population,2199,47.1326618333334,44.7678329234917,1.34509733857256,-1.0197315712691
population,2203,17.4275335666667,17.8039376593704,0.869011276312887,0.869011276312887
population,2204,31.5611664333333,28.3811227490819,1.04943081681142,-2.13061286744003
population,2207,25.6803401,24.7005906588458,1.17664683047127,0.19689738931707
population,2214,40.4564455,39.2301421941999,0.979647220728549,-0.246656085071524
population,2228,28.1127519666667,29.6461339390557,1.06431710384567,1.06431710384567
population,2236,27.8493363333333,30.1570034335179,1.33334953855695,1.33334953855695
population,2238,24.5099191333333,28.2215013087146,1.24170328781995,1.24170328781995
population,2242,41.4064636666667,42.6165041527834,1.63060265650121,1.63060265650121
population,2291,45.6721313333333,47.5503580575342,1.71982286207211,1.71982286207211
population,2293,38.9918801,43.8283352076654,1.67345791270086,1.67345791270086
population,2294,13.0518091333333,12.0309875944622,0.803150107035793,-0.217671431835291
population,2324,19.9830281,22.271265754095,1.04190791826389,1.04190791826389
population,2327,18.3556529333333,17.1509185398426,0.434505638156444,-0.770228755334281
population,2339,11.5016050666667,12.5975861543573,0.878016815039115,0.878016815039115
population,2380,30.5494925666667,34.0812384037015,1.24802242933184,1.24802242933184
population,2392,22.6012477666667,27.3884765585835,1.30351691446933,1.30351691446933
population,2437,43.1563946333333,45.924829563072,1.52076973354755,1.52076973354755
population,2448,23.3479311666667,22.7140531891868,0.987644473590395,0.353766496110539
population,2466,11.3596804,11.9980151994754,0.793295131271539,0.793295131271539
population,2489,16.6207386666667,19.7586556641212,1.02669676724729,1.02669676724729
population,2504,26.6211718666667,27.9447207087146,1.24170328781995,1.24170328781995
population,2507,28.8617862333333,33.581981163072,1.52076973354755,1.52076973354755
population,2512,27.9219993666667,31.082134093413,1.37974070934718,1.37974070934718
population,2521,7.90305263333333,7.7340322047508,0.546740938212135,0.3777205096296
population,2523,40.8423675666667,44.1998212583212,1.41908947179422,1.41908947179422
population,2526,11.2132551666667,13.6978891841737,0.995577488368498,0.995577488368498
population,2527,50.6661278,49.6696173488196,1.18994269690731,0.193432245726867
population,2533,18.0561031666667,17.7984062242786,0.930220996476805,0.672524054088761
population,2535,10.3032682333333,10.5861897496065,0.687013736379663,0.687013736379663
population,2539,8.1954721,7.93980098971145,0.588323415235634,0.332652304947085
population,2549,6.58098826666667,6.50973253482949,0.452247806763302,0.380992074926128
population,2550,20.7212165,22.5117241791606,1.00344778861613,1.00344778861613
population,2552,36.3227526333333,35.4921648588458,1.17664683047127,0.346059055983735
population,2573,24.0334497,26.8309662187409,1.22896753281684,1.22896753281684
population,2579,46.8125404,44.2201301242786,0.930220996476805,-1.66218927924457
population,2581,31.1409137,33.8031401936753,1.26056568348512,1.26056568348512
population,2585,24.4898891,24.8622847340425,1.07168270802085,1.07168270802085
population,2597,18.3022634,19.9629520390557,1.06431710384567,1.06431710384567
population,2609,18.2032551333333,22.0666532686097,1.29139091217287,1.29139091217287
population,2610,29.1690413,37.3465333023899,1.76942162792342,1.76942162792342
population,2613,54.9103619666667,57.6551414928883,1.59154063420605,1.59154063420605
population,2622,14.9569910666667,16.726237054095,1.04190791826389,1.04190791826389
population,2624,19.7370857,16.3528604994754,0.793295131271539,-2.59093006925309
population,2641,29.9322591,35.445537363072,1.52076973354755,1.52076973354755
population,2648,14.7625236333333,14.9489721195278,0.752585841462099,0.752585841462099
population,2664,11.3669152,11.3905081047508,0.546740938212135,0.546740938212135
population,2676,32.6921963666667,32.5262649831244,1.49993628729502,1.33400490375277
population,2687,26.2649491333333,23.6498344641212,1.02669676724729,-1.58841790196481
population,2695,17.0892816333333,18.126565954095,1.04190791826389,1.04190791826389
population,2703,20.6408397666667,22.9196706538327,1.18331343810106,1.18331343810106
population,2707,20.3925724333333,20.2877917791606,1.00344778861613,0.898667134443382
population,2732,24.0005665666667,25.4162904588458,1.17664683047127,1.17664683047127
population,2736,18.4946354,16.8149860340425,1.07168270802085,-0.607966657936603
population,2744,22.2017852333333,22.5381266493442,0.88693091987139,0.88693091987139
population,2745,7.13474393333333,6.16859655989507,0.354772367948556,-0.611375005489706
population,2746,37.4344826,35.8677049533081,1.42462200533674,-0.142155641355216
population,2756,6.12403213333333,6.13345872480326,0.485792071762367,0.485792071762367
population,2766,30.2345023666667,30.5534292137278,1.23535182270088,1.23535182270088
population,2770,8.34684876666667,9.54233192454094,0.742059646953489,0.742059646953489
population,2782,25.9047653,27.9122928037015,1.24802242933184,1.24802242933184
population,2785,36.0372628666667,39.5661414079277,1.57664289010909,1.57664289010909
population,2809,48.5637884,51.6351126229671,1.56160302751183,1.56160302751183
population,2821,17.3085646,19.4131312190032,1.09348187642427,1.09348187642427
population,2828,7.51880956666667,9.71741070448848,0.78331617892563,0.78331617892563
population,2857,43.1480390666667,42.0631178335179,1.33334953855695,0.248428305408182
population,2864,6.99403683333333,7.06003842480326,0.485792071762367,0.485792071762367
population,2884,27.8953560666667,27.670318139318,0.904495613526603,0.679457686177905
population,2896,13.1881437333333,13.7220641643836,0.859911431036055,0.859911431036055
population,2902,6.6257734,6.67983430976391,0.532158551922834,0.532158551922834
population,2912,21.4685262666667,24.1185651087146,1.24170328781995,1.24170328781995
population,2934,8.66182586666667,8.79469205461964,0.675466464631567,0.675466464631567
population,2948,25.7376390666667,26.034576923754,1.22254990392435,1.22254990392435
population,2949,27.0524875333333,28.4523117037015,1.24802242933184,1.24802242933184
population,2955,39.9370093666667,41.7944111134654,1.3567434202899,1.3567434202899
population,2956,28.8981944,30.9004269287671,1.21609840821084,1.21609840821084
population,2966,23.5184399333333,26.561633168872,1.16319899647185,1.16319899647185
population,2970,19.1321524666667,20.4737074691343,1.01900604647056,1.01900604647056
population,2974,21.3708467333333,24.0994149438065,1.19653522767009,1.19653522767009
population,2977,41.1142113666667,42.94874170239,1.76942162792342,1.76942162792342
population,3000,23.2149867,27.733765138531,1.327436651158,1.327436651158
population,3001,34.7403935333333,30.321432069659,0.639574981878148,-3.7793864817962
population,3004,32.9663107333333,32.7790240941999,0.979647220728549,0.792360581595144
population,3011,21.4427228,21.875007499213,0.971584143524735,0.971584143524735
population,3015,32.5519443666667,30.2046884593704,0.869011276312887,-1.47824463098335
population,3048,20.0910275,22.3828170738852,1.15641643721483,1.15641643721483
population,3067,19.5565482,21.3329968641212,1.02669676724729,1.02669676724729
population,3084,13.9817577666667,14.4971469095016,0.773208449924192,0.773208449924192
population,3109,76.6842519333333,72.1723550936753,1.26056568348512,-3.25133115617295
population,3117,39.5439634333333,42.079086493413,1.37974070934718,1.37974070934718
population,3120,20.9250706666667,22.3893555438065,1.19653522767009,1.19653522767009
population,3160,28.6881684333333,29.5085526538327,1.18331343810106,1.18331343810106
population,3164,22.4701464666667,24.5883723788983,1.14959386181737,1.14959386181737
population,3176,15.7349357333333,13.4669592195278,0.752585841462099,-1.51539067234341
population,3183,16.6506397666667,15.6645189345672,0.720546085529427,-0.265574746570064
population,3188,15.1345464333333,15.2402228744098,0.841416550206566,0.841416550206566
population,3206,26.1855841666667,25.764252023754,1.22254990392435,0.801217761011668
population,3232,27.8823027333333,35.5225204675604,1.71065040807318,1.71065040807318
population,3242,16.6603870333333,16.051999484436,0.822505898274634,0.214118349377318
population,3251,12.4366742666667,15.0388613142524,0.946983083561294,0.946983083561294
population,3264,19.3408973333333,17.8559927142524,0.946983083561294,-0.537921535519645
population,3270,13.4907736666667,15.8274286691343,1.01900604647056,1.01900604647056
population,3286,27.3681498666667,29.3106596936753,1.26056568348512,1.26056568348512
population,3314,7.1082428,8.14396865963276,0.663718325578999,0.663718325578999
population,3320,13.3345765666667,12.9798837145147,0.762966826213102,0.408273974061145
population,3349,10.831823,12.4555427493442,0.88693091987139,0.88693091987139
population,3353,22.3192147666667,21.8161357791606,1.00344778861613,0.500368801110045
population,3366,24.3809399666667,26.5964297686097,1.29139091217287,1.29139091217287
population,3367,27.6737005666667,24.8637264538327,1.18331343810106,-1.62666067473292
population,3379,22.0736196666667,22.7668516891868,0.987644473590395,0.987644473590395
population,3385,26.049395,26.0125486139901,1.10065232621424,1.06380594020432
population,3388,13.1923266666667,13.9246488145147,0.762966826213102,0.762966826213102
population,3392,21.3233967,21.4842553891868,0.987644473590395,0.987644473590395
population,3393,50.3821573333333,46.7617154435441,1.32149730749067,-2.29894458229854
population,3410,22.2417315,22.1664030939376,1.12887876219315,1.05355035613076
population,3412,52.8831911,52.5824193630719,1.52076973354755,1.21999799661952
population,3449,16.3525942,17.5097338240163,1.08626409539111,1.08626409539111
population,3451,26.7411549333333,28.6379328931507,1.48941028856371,1.48941028856371
population,3468,8.41299203333334,9.10199253958029,0.709544735897112,0.709544735897112
population,3472,27.4983481333333,26.0917502335179,1.33334953855695,-0.0732483612584756
population,3488,32.8703412666667,34.7629280134654,1.3567434202899,1.3567434202899
population,3491,14.8124679333333,13.7664773292917,0.921725649612629,-0.124264954428966
population,3493,46.6216982666667,46.3231039282425,1.45196849268573,1.15337415426154
population,3496,32.4340113333333,32.9767576490819,1.04943081681142,1.04943081681142
population,3519,34.3691534666667,32.3713833187409,1.22896753281684,-0.768802615108953
population,3527,5.355756,5.57340493984261,0.434505638156444,0.434505638156444
population,3530,11.2985722666667,13.290863254095,1.04190791826389,1.04190791826389
population,3534,22.3381618333333,23.5479480738852,1.15641643721483,1.15641643721483
population,3541,19.9332076,21.5202383343049,0.913151271160121,0.913151271160121
population,3613,13.3005739666667,13.8999770744098,0.841416550206566,0.841416550206566
population,3621,9.18862946666667,10.9490705794229,0.832014952887892,0.832014952887892
population,3623,9.0496919,10.9189736693967,0.850714252903992,0.850714252903992
population,3633,8.426536,10.1785247894491,0.812885615301491,0.812885615301491
population,3639,8.6848646,10.2019824044885,0.78331617892563,0.78331617892563
population,3651,5.4546585,5.70344142981638,0.469319728814691,0.469319728814691
population,3652,22.1164378,23.2780894691344,1.01900604647056,1.01900604647056
population,3660,25.8522386,28.0632652440688,1.05690016955527,1.05690016955527
population,3687,29.4503219666667,31.7641578788983,1.14959386181737,1.14959386181737
population,3704,36.1208916333333,37.1685137836491,1.27298534973709,1.27298534973709
population,3705,12.275325,12.0441347744098,0.841416550206566,0.610226324616348
population,3717,36.7654853666667,38.0073190833868,1.39109679149038,1.39109679149038
population,3725,14.9433954666667,16.9679645092393,0.955253835210168,0.955253835210168
population,3729,30.4335898666667,31.1014347939376,1.12887876219315,1.12887876219315
population,3730,24.6676163666667,23.0980993240163,1.08626409539111,-0.483252947259252
population,3738,18.3818191666667,18.626037199213,0.971584143524735,0.971584143524735
population,3769,32.4667165666667,31.0967935390557,1.06431710384567,-0.305605923765341
population,3775,37.1171924,38.8183297031769,1.47880936885539,1.47880936885539
population,3777,19.6405450666667,17.5082111292917,0.921725649612629,-1.2106082877623
population,3798,28.0401337333333,29.2029549738851,1.15641643721483,1.15641643721483
population,3814,25.0464402666667,23.5201551438065,1.19653522767009,-0.329749895190125
population,3820,32.8450261,31.4148335786359,1.2791499637563,-0.15104255760776
population,3821,11.1354485333333,11.9867669443311,0.895756320522712,0.895756320522712
population,3846,7.8477318,7.54219270976391,0.532158551922834,0.226619461686747
population,3862,28.0484121666667,24.8981012593704,0.869011276312887,-2.28129963098334
population,3884,26.7133739333333,30.4886480285048,1.33923632011028,1.33923632011028
population,3894,16.1819373666667,15.8699024192655,0.938639457629381,0.626604510228224
population,3895,26.8259155666667,26.4075415039639,1.1148548791057,0.696480816402872
population,3899,52.4604257,48.0428499981638,1.48411929390698,-2.93345640792926
population,3918,34.5220949,37.06931020819,1.47348030875271,1.47348030875271
population,3937,47.2080568,46.4794323337802,1.20961250378808,0.480988037568297
population,3948,14.3094903333333,16.6463025839114,1.14273055354081,1.14273055354081
population,3950,8.97872376666667,10.1775788693967,0.850714252903992,0.850714252903992
population,3960,18.8771353666667,16.8727184493442,0.88693091987139,-1.11748599745108
population,3968,15.2559073333333,14.7713057192655,0.938639457629381,0.454037843561556
population,3976,32.1646157,30.2806212337802,1.20961250378808,-0.674381962431693
population,3991,133.067114633333,123.628084538006,1.54641689984838,-7.89261319547857
population,3995,20.6433058666667,21.8339998841737,0.995577488368498,0.995577488368498
population,3997,44.3026123333333,46.4228202179539,1.56663235785126,1.56663235785126
population,4008,16.2317120666667,15.9098831794229,0.832014952887892,0.510186065644125
population,4011,48.1128602,44.907506593413,1.37974070934718,-1.82561289723984
population,4014,8.7714326,9.63716944459341,0.698370104677186,0.698370104677186
population,4038,10.0413739666667,11.3036030593704,0.869011276312887,0.869011276312887
population,4048,20.958573,20.3236577242786,0.930220996476805,0.29530572075543
population,4056,19.983232,19.5726437443311,0.895756320522712,0.485168064853796
population,4067,39.6717720333333,35.9981322387933,1.20309163416092,-2.47054816037907
population,4070,24.0672409333333,24.8458552290294,1.07899803327132,1.07899803327132
population,4084,15.4316183,16.8195410292917,0.921725649612629,0.921725649612629
population,4102,4.9527268,5.42326874485573,0.416007476443946,0.416007476443946
population,4118,57.9260419333334,52.6977679984261,1.37402747275933,-3.85424646214792
population,4126,48.8306643666667,46.6257999530457,1.53108015490348,-0.673784258717463
population,4127,30.4811283333333,31.5159314686097,1.29139091217287,1.29139091217287
population,4130,22.2095605333333,24.7133787438065,1.19653522767009,1.19653522767009
population,4133,21.3070676333333,22.170698039318,0.904495613526603,0.904495613526603
population,4135,18.5858931,19.3820048192655,0.938639457629381,0.938639457629381
population,4153,7.675109,8.51563079446225,0.803150107035793,0.803150107035793
population,4202,31.1714964333333,28.3090687591081,1.03433030556419,-1.82809736866103
population,4215,21.7232674666667,21.3104103738851,1.15641643721483,0.743559344433318
population,4225,26.6927618666667,27.2454838139901,1.10065232621424,1.10065232621424
population,4232,19.3074529333333,19.3455414445934,0.698370104677186,0.698370104677186
population,4234,31.1946628333333,35.0362769285048,1.33923632011028,1.33923632011028
population,4235,11.9804791333333,12.4298496395803,0.709544735897112,0.709544735897112
population,4252,56.4570601666667,57.2820988833867,1.39109679149038,1.39109679149038
population,4265,35.2759460333333,39.0601839680851,1.51558822024382,1.51558822024382
population,4267,16.7685281333333,17.507865584436,0.822505898274634,0.822505898274634
population,4284,15.8251533666667,19.7740842788983,1.14959386181737,1.14959386181737
population,4296,35.4760926666667,37.7715795137277,1.23535182270088,1.23535182270088
population,4300,20.9015795666667,22.4711395691343,1.01900604647056,1.01900604647056
population,4319,51.2386300666667,50.7953679989507,1.12188873360875,0.678626665892813
population,4322,40.2224748333334,43.0736639034392,1.36829038101015,1.36829038101015
population,4324,35.0384891666667,37.1397479335179,1.33334953855695,1.33334953855695
population,4335,17.3385173333333,17.7994997593704,0.869011276312887,0.869011276312887
population,4346,21.6563854666667,24.2081134741475,1.01125683859793,1.01125683859793
population,4373,23.8817620666667,23.5434401493442,0.88693091987139,0.548609002548926
population,4377,22.9640474,25.5045489438065,1.19653522767009,1.19653522767009
population,4389,43.0990514333333,43.3470785335179,1.33334953855695,1.33334953855695
population,4399,21.1952589333333,21.8629851989507,1.12188873360875,1.12188873360875
population,4403,20.6841857333333,21.8172219989507,1.12188873360875,1.12188873360875
population,4429,36.0271087,33.5411505195278,0.752585841462099,-1.73337233901008
population,4443,16.1879595333333,17.3659588791606,1.00344778861613,1.00344778861613
population,4465,32.5877662666667,35.0505230886622,1.26679073706464,1.26679073706464
population,4469,17.7286102333333,19.9694275340425,1.07168270802085,1.07168270802085
population,4473,22.3372953,20.3541020192655,0.938639457629381,-1.04455382310511
population,4477,21.1445928666667,19.8131938791606,1.00344778861613,-0.327951198889953
population,4478,33.5706746333333,33.7525639039639,1.1148548791057,1.1148548791057
population,4487,26.2002915,26.9820239034392,1.36829038101015,1.36829038101015
population,4496,17.3224347333333,17.7703000390557,1.06431710384567,1.06431710384567
population,4508,20.5494694333333,18.9629018593704,0.869011276312887,-0.717556297650008
population,4549,27.6040338333333,30.1501499986884,1.25430973577016,1.25430973577016
population,4565,18.6333929,21.8156784839114,1.14273055354081,1.14273055354081
population,4575,23.8296745,26.151756068872,1.16319899647185,1.16319899647185
population,4591,47.2650938,45.3917102936753,1.26056568348512,-0.612817822839598
population,4607,23.2949246666667,24.8485605037015,1.24802242933184,1.24802242933184
population,4668,6.32511633333333,6.14371691477703,0.517165152782097,0.335765734225792
population,4686,9.78348896666667,11.1556970994754,0.793295131271539,0.793295131271539
population,4703,31.6828034333333,33.281982578636,1.2791499637563,1.2791499637563
population,4726,27.6459942,30.6258117287671,1.21609840821084,1.21609840821084
population,4733,12.3245659666667,13.0543371546196,0.675466464631567,0.675466464631567
population,4744,23.5502263,24.4349809741475,1.01125683859793,1.01125683859793
population,4752,21.3688185,22.3108981992131,0.971584143524735,0.971584143524735
population,4756,23.7708990666667,27.8456467733605,1.40236091701094,1.40236091701094
population,4765,41.4082150333333,41.6191721585835,1.30351691446933,1.30351691446933
population,4766,28.8961736666667,29.0693715738851,1.15641643721483,1.15641643721483
population,4799,16.7779746666667,17.5124537343049,0.913151271160121,0.913151271160121
population,4803,17.7719347666667,16.405857799213,0.971584143524735,-0.394492823928885
population,4823,31.08724,29.204326568872,1.16319899647185,-0.719714434656118
population,4836,26.7769563666667,25.7179451084523,1.36252913276466,0.30351787455032
population,4842,15.2815203,15.7908859841737,0.995577488368498,0.995577488368498
population,4848,21.0913406666667,17.8888157693967,0.850714252903992,-2.35181064436601
population,4871,37.4950905,36.3001380287671,1.21609840821084,0.0211459369779496
population,4875,43.1497767666667,39.0299226287671,1.21609840821084,-2.90375572968872
population,4881,16.4729709333333,19.4538291939376,1.12887876219315,1.12887876219315
population,4891,7.9695472,9.00702007968522,0.614483766408419,0.614483766408419
population,4915,29.7430354333333,25.2326885936753,1.26056568348512,-3.24978115617293
population,4945,36.5900854,35.0759589889245,1.13582577399142,-0.378300637084087
population,4949,31.8155386333333,33.7995617686097,1.29139091217287,1.29139091217287
population,4956,23.7197219,22.4490176343049,0.913151271160121,-0.357552994535024
population,4960,68.6338854333334,68.8358973580588,1.5259336524262,1.5259336524262
population,4973,20.6451251333333,20.8701844791606,1.00344778861613,1.00344778861613
population,4987,34.5409377333333,34.2349987984261,1.37402747275933,1.06808853785208
population,5020,38.0518668,32.6325994290294,1.07899803327132,-4.34026933769925
population,5034,14.8673556666667,14.8461046841737,0.995577488368498,0.974326505875529
population,5037,16.9849143666667,18.4574653791606,1.00344778861613,1.00344778861613
population,5069,14.1620864333333,14.3669168894491,0.812885615301491,0.812885615301491
population,5075,18.0494024333333,21.3625176638589,1.1699422355508,1.1699422355508
population,5080,28.8345138333334,32.6002199485573,1.31553114922171,1.31553114922171
population,5089,8.4650428,9.25052769973768,0.560944366804377,0.560944366804377
population,5104,28.6108646666667,31.7015474986884,1.25430973577016,1.25430973577016
population,5107,44.3044752333333,48.145628293413,1.37974070934718,1.37974070934718
population,5108,22.5579054,21.2428330791606,1.00344778861613,-0.311624532223285
population,5121,19.7582964666667,21.8113054340425,1.07168270802085,1.07168270802085
population,5134,37.7771263333333,39.7841774736228,1.28528501077007,1.28528501077007
population,5141,28.4690165666667,31.8645384137278,1.23535182270088,1.23535182270088
population,5163,44.1741683333333,46.0508054084523,1.36252913276466,1.36252913276466
population,5168,38.7650909,39.4463004488196,1.18994269690731,1.18994269690731
population,5182,17.4344175,18.7784791941999,0.979647220728549,0.979647220728549
population,5200,24.4897005666667,24.6049585992131,0.971584143524735,0.971584143524735
population,5203,24.9354687666667,26.7534545285048,1.33923632011028,1.33923632011028
population,5217,29.6067459666667,27.6988219039638,1.1148548791057,-0.793069183597125
population,5219,19.6569366333333,22.2310879741475,1.01125683859793,1.01125683859793
population,5232,14.9262860333333,17.0738143440688,1.05690016955527,1.05690016955527
population,5242,40.4199951,39.5957526788983,1.14959386181737,0.325351440715631
population,5270,24.4652783333333,26.0259766440688,1.05690016955527,1.05690016955527
population,5319,25.6370064,32.2859316079277,1.57664289010909,1.57664289010909
population,5338,20.4095592666667,22.2081712139901,1.10065232621424,1.10065232621424
population,5370,17.6594964666667,16.0509364691344,1.01900604647056,-0.589553951061758
population,5385,35.4091889,37.9865003686097,1.29139091217287,1.29139091217287
population,5392,87.1272544666667,87.6350819227047,1.6592958139475,1.6592958139475
population,5402,30.5638504,32.0669080039639,1.1148548791057,1.1148548791057
population,5415,18.4773144333333,18.2707118593704,0.869011276312887,0.66240870234999
population,5449,27.4396499666667,27.6015499190032,1.09348187642427,1.09348187642427
population,5462,32.9926771333334,35.0857742836491,1.27298534973709,1.27298534973709
population,5471,13.4772007333333,12.8603682596328,0.663718325578999,0.0468858518784188
population,5477,20.4505921333333,22.199016454095,1.04190791826389,1.04190791826389
population,5480,36.5409756,33.0337672190032,1.09348187642427,-2.41372650457254
population,5482,10.6160175333333,10.4749470546196,0.675466464631567,0.534395985917871
population,5484,17.3622581666667,19.2015601891868,0.987644473590395,0.987644473590395
population,5497,26.5539412,31.5165504480326,1.53620941602105,1.53620941602105
population,5501,23.6672359,25.8338274939376,1.12887876219315,1.12887876219315
population,5503,15.5142988333333,17.641095199213,0.971584143524735,0.971584143524735
population,5513,29.7323874666667,31.3514673939376,1.12887876219315,1.12887876219315
population,5523,38.7984125,38.5311929084523,1.36252913276466,1.09530954121698
population,5534,29.6409175666667,27.0803003986884,1.25430973577016,-1.30630743220809
population,5557,8.2011783,9.39445115461964,0.675466464631567,0.675466464631567
population,5561,22.3355825,22.7148901039638,1.1148548791057,1.1148548791057
population,5562,9.94102156666667,10.2762297496065,0.687013736379663,0.687013736379663
population,5570,14.6701415333333,13.0317750195278,0.752585841462099,-0.885780672343409
population,5573,11.8270623666667,13.382509439318,0.904495613526603,0.904495613526603
population,5600,17.5371554,18.5957530791606,1.00344778861613,1.00344778861613
population,5636,31.1688138333333,28.7663999986884,1.25430973577016,-1.14810409887476
population,5649,20.1836735666667,21.5962225340425,1.07168270802085,1.07168270802085
population,5659,12.2560949,14.1541856593704,0.869011276312887,0.869011276312887
population,5686,22.1997209,21.7499426192655,0.938639457629381,0.488861176894896
population,5701,7.13854573333333,7.7263272746721,0.627154867885082,0.627154867885082
population,5747,24.7189484666667,26.5457823087146,1.24170328781995,1.24170328781995
population,5767,16.1809195333333,18.1416597638589,1.1699422355508,1.1699422355508
population,5770,8.39707493333333,10.3642343794229,0.832014952887892,0.832014952887892
population,5786,52.9741993333334,53.9666022430195,1.54132160790803,1.54132160790803
population,5800,27.4548528,29.4136773989507,1.12188873360875,1.12188873360875
population,5811,14.4177588,15.5902354941999,0.979647220728549,0.979647220728549
population,5841,8.8972182,8.53236009472457,0.574796930908684,0.209938825633251
population,5853,22.7333924666667,25.3672863337802,1.20961250378808,1.20961250378808
population,5867,33.3564238666667,33.9036748290294,1.07899803327132,1.07899803327132
population,5876,31.7739910333333,31.5146111635966,1.29746807944364,1.03808820970691
population,5896,6.26168853333333,6.44974211979015,0.501723894308066,0.501723894308066
population,5897,31.9719294,26.3371933899738,0.177386183974278,-5.45734982605196
population,5901,27.8373427666667,27.4600357741475,1.01125683859793,0.633949846078733
population,5903,6.85699106666667,8.71886520950159,0.773208449924192,0.773208449924192
population,5905,12.7591725333333,14.4615959443311,0.895756320522712,0.895756320522712
population,5920,8.72099783333333,11.6150192242786,0.930220996476805,0.930220996476805
population,5935,50.4251698,49.9979010179539,1.56663235785126,1.13936357580516
population,5945,10.1845271333333,12.3816816044885,0.78331617892563,0.78331617892563
population,5971,13.7869556333333,15.6626900543573,0.878016815039115,0.878016815039115
population,5991,19.6542937666667,21.0595327591081,1.03433030556419,1.03433030556419
population,6004,23.3763239,29.7483231730982,1.51038893143764,1.51038893143764
population,6023,12.9861537333333,14.2285751994754,0.793295131271539,0.793295131271539
population,6028,41.9681563666667,37.8486134142524,0.946983083561294,-3.17255986885298
population,6044,5.40791953333333,5.55943513984261,0.434505638156444,0.434505638156444
population,6050,32.1773623333333,33.5638905939376,1.12887876219315,1.12887876219315
population,6059,16.7416474333333,18.459054708977,1.1077763638629,1.1077763638629
population,6075,20.2716432666667,20.5722773343049,0.913151271160121,0.913151271160121
population,6089,18.1423340666667,19.9287430340425,1.07168270802085,1.07168270802085
population,6095,26.8998528,28.335900454095,1.04190791826389,1.04190791826389
population,6117,30.6810569,33.9286973836491,1.27298534973709,1.27298534973709
population,6164,25.4317462333333,25.6542415390557,1.06431710384567,1.06431710384567
population,6275,31.8524642333333,34.7566882783736,1.39674020935437,1.39674020935437
population,6286,25.7400153666667,23.7975524643835,0.859911431036055,-1.08255147124706
population,6289,9.93166676666667,12.1506938142524,0.946983083561294,0.946983083561294
population,6309,23.6196483,22.6884860042262,0.96345358934212,0.0322912935682816
population,6312,38.9993373333333,39.8289795337802,1.20961250378808,1.20961250378808
population,6322,33.27756,28.0044286891868,0.987644473590395,-4.2854868372228
population,6326,14.6431504333333,16.6168357390557,1.06431710384567,1.06431710384567
population,6330,10.8712425,11.5597053295541,0.731381973051195,0.731381973051195
population,6333,5.70020753333333,5.30002818997377,0.177386183974278,-0.222793159385286
population,6350,25.8572900333333,28.3072090783736,1.39674020935437,1.39674020935437
population,6368,25.4276941333333,30.5323140380064,1.54641689984838,1.54641689984838
population,6389,9.71338613333333,10.8440315894491,0.812885615301491,0.812885615301491
population,6398,36.8975864333333,39.5364425485573,1.31553114922171,1.31553114922171
population,6406,27.665324,25.6496056941999,0.979647220728549,-1.03607108507152
population,6424,7.1958983,8.39920413456718,0.720546085529427,0.720546085529427
population,6464,20.3585736,21.5978001939376,1.12887876219315,1.12887876219315
population,6465,22.8475061666667,25.4473170788983,1.14959386181737,1.14959386181737
population,6470,20.3249401666667,21.1698870638589,1.1699422355508,1.1699422355508
population,6475,12.5858742,14.475707939318,0.904495613526603,0.904495613526603
population,6485,32.3114728333333,31.4287170538327,1.18331343810106,0.300557658600408
population,6489,18.4060080666667,17.4843252145147,0.762966826213102,-0.158716025938855
population,6492,35.3933461666667,37.179887938531,1.327436651158,1.327436651158
population,6505,15.7190092333333,17.6340716343049,0.913151271160121,0.913151271160121
population,6508,31.8745271333333,25.039479584436,0.822505898274634,-6.01254165062268
population,6511,16.1396579,16.2648297195278,0.752585841462099,0.752585841462099
population,6515,9.9844163,8.20040316965899,0.639574981878148,-1.14443814846286
population,6522,16.8609063666667,19.2768702337802,1.20961250378808,1.20961250378808
population,6524,13.5046045333333,15.179039939318,0.904495613526603,0.904495613526603
population,6539,19.9894478666667,20.011085899213,0.971584143524735,0.971584143524735
population,6541,9.45895016666667,8.21709637968522,0.614483766408419,-0.627370020573027
population,6546,19.4968382,17.2911870145147,0.762966826213102,-1.44268435927219
population,6558,24.8615706333333,27.2832558889245,1.13582577399142,1.13582577399142
population,6560,20.9228257,23.1547182788983,1.14959386181737,1.14959386181737
population,6566,30.6626534666667,30.5701052635966,1.29746807944364,1.20491987637357
population,6572,44.3196758333333,43.9245330087146,1.24170328781995,0.846560463201244
population,6596,35.3375349,31.950875684436,0.822505898274634,-2.56415331728935
population,6600,47.541678,46.7896695438065,1.19653522767009,0.44452677147654
population,6601,25.3736252666667,31.237114993413,1.37974070934718,1.37974070934718
population,6604,28.6913919666667,27.2701246984261,1.37402747275933,-0.0472397954812605
population,6607,19.0073543666667,20.0346074242786,0.930220996476805,0.930220996476805
population,6611,41.4729211333333,44.3684822234917,1.34509733857256,1.34509733857256
population,6621,31.2452747666667,32.5997827741475,1.01125683859793,1.01125683859793
population,6643,30.2505217,27.6506952137278,1.23535182270088,-1.36447466357136
population,6648,22.5967608666667,23.038532939318,0.904495613526603,0.904495613526603
population,6663,19.2262385666667,18.8618425591081,1.03433030556419,0.669934298005646
population,6674,34.5519015,33.2083500137278,1.23535182270088,-0.108199663571354
population,6678,5.1959321,5.49969404485573,0.416007476443946,0.416007476443946
population,6693,21.5522705666667,21.3611066794229,0.832014952887892,0.640851065644124
population,6701,20.6683897,24.5562432137278,1.23535182270088,1.23535182270088
population,6709,22.8139648666667,23.5880819142524,0.946983083561294,0.946983083561294
population,6738,12.6061464333333,13.1598188593704,0.869011276312887,0.869011276312887
population,6754,10.3537653333333,10.9432098546196,0.675466464631567,0.675466464631567
population,6761,12.4123652333333,14.1493076593704,0.869011276312887,0.869011276312887
population,6779,23.1364235333333,25.3668597989507,1.12188873360875,1.12188873360875
population,6793,13.2176386333333,14.4473750744098,0.841416550206566,0.841416550206566
population,6827,67.4285190666667,63.0642759137278,1.23535182270088,-3.12889133023804
population,6833,32.9787582,36.6869786084523,1.36252913276466,1.36252913276466
population,6854,8.3645308,11.5002125192655,0.938639457629381,0.938639457629381
population,6877,35.176686,33.9199396641212,1.02669676724729,-0.230049568631482
population,6897,25.5785209666667,24.3124098839114,1.14273055354081,-0.123380529214479
population,6898,11.9980388666667,13.2881219744098,0.841416550206566,0.841416550206566
population,6901,16.9481713333333,19.6451116139901,1.10065232621424,1.10065232621424
population,6909,6.49935896666667,6.62537621477703,0.517165152782097,0.517165152782097
population,6926,10.5468875333333,11.4473789994754,0.793295131271539,0.793295131271539
population,6934,43.3379676,43.7199890936753,1.26056568348512,1.26056568348512
population,6958,20.6681479,22.4921724488196,1.18994269690731,1.18994269690731
population,6982,13.2377018666667,14.7361049744098,0.841416550206566,0.841416550206566
population,6984,14.7650399,16.8461935891868,0.987644473590395,0.987644473590395
population,6993,4.95246883333333,5.62961441477703,0.517165152782097,0.517165152782097
population,6995,29.7040954333333,34.6248813730982,1.51038893143764,1.51038893143764
population,7035,14.4304987666667,17.9789766738852,1.15641643721483,1.15641643721483
population,7037,27.0793499666667,28.6081279240163,1.08626409539111,1.08626409539111
population,7046,32.6899566666667,36.9333193984261,1.37402747275933,1.37402747275933
population,7050,17.4996994,18.3445901343049,0.913151271160121,0.913151271160121
population,7068,22.2183039666667,23.0885000042262,0.96345358934212,0.96345358934212
population,7069,34.6320437666667,34.8017317741475,1.01125683859793,1.01125683859793
population,7083,32.6865553333333,32.886667608977,1.1077763638629,1.1077763638629
population,7123,25.2392866666667,26.1255436390557,1.06431710384567,1.06431710384567
population,7150,49.9929522333334,56.6913887820752,1.87308387333366,1.87308387333366
population,7162,20.6719240666667,22.9491339939376,1.12887876219315,1.12887876219315
population,7166,16.4108157666667,18.8109367290294,1.07899803327132,1.07899803327132
population,7174,17.3608851666667,17.3165732744098,0.841416550206566,0.797104657949684
population,7194,19.1442327333333,21.575725008977,1.1077763638629,1.1077763638629
population,7206,27.8367690666667,27.6293500039639,1.1148548791057,0.907435816402871
population,7213,12.958771,11.7504199398426,0.434505638156444,-0.773845422000949
population,7216,24.6139169666667,25.0048070192655,0.938639457629381,0.938639457629381
population,7220,40.5425991,39.2203626889245,1.13582577399142,-0.186410637084086
population,7228,21.7134094,22.5973510190032,1.09348187642427,1.09348187642427
population,7231,26.3168382333333,28.6254024287671,1.21609840821084,1.21609840821084
population,7232,37.3466573,41.0829735430195,1.54132160790803,1.54132160790803
population,7242,24.5598886666667,24.3549377092393,0.955253835210168,0.750302877782776
population,7244,13.0834213333333,13.4412407543573,0.878016815039115,0.878016815039115
population,7254,38.9771888,35.2721373889245,1.13582577399142,-2.56922563708408
population,7263,30.7759532,31.7599106535704,1.30953780985511,1.30953780985511
population,7289,27.2484425666667,27.3910345139901,1.10065232621424,1.10065232621424
population,7295,22.3086019,22.1443494788983,1.14959386181737,0.985341440715635
population,7305,24.5490703666667,28.3936811285048,1.33923632011028,1.33923632011028
population,7345,25.2053437666667,25.6351955134654,1.3567434202899,1.3567434202899
population,7346,36.1347355666667,37.6924882232294,1.4573762152871,1.4573762152871
population,7349,23.8327725,23.4884310889245,1.13582577399142,0.791484362915917
population,7362,8.53711786666667,7.93343713482949,0.452247806763302,-0.151432925073871
population,7372,6.02618356666667,5.79611982981638,0.469319728814691,0.239255991964402
population,7378,24.4783386,23.4288772139901,1.10065232621424,0.0511909402043143
population,7388,41.8521346,39.3047873042262,0.96345358934212,-1.58389370643172
population,7392,20.0445864666667,22.5090574039638,1.1148548791057,1.1148548791057
population,7396,26.0854545,25.5039630889245,1.13582577399142,0.554334362915911
population,7413,12.1904641,11.5092549596328,0.663718325578999,-0.0174908147882473
population,7420,27.7525707333333,26.3620060139901,1.10065232621424,-0.289912393129022
population,7441,21.7773441,21.4152486488196,1.18994269690731,0.827847245726878
population,7452,25.6809317,22.445761399213,0.971584143524735,-2.26358615726222
population,7460,30.362628,34.8990134084523,1.36252913276466,1.36252913276466
population,7474,15.5480914,19.3063569839114,1.14273055354081,1.14273055354081
population,7488,23.8305598333333,25.0536931190032,1.09348187642427,1.09348187642427
population,7496,21.4163133,21.0948829490819,1.04943081681142,0.728000465893298
population,7497,15.8101590666667,17.6069320240163,1.08626409539111,1.08626409539111
population,7505,10.3897447666667,11.7102788343049,0.913151271160121,0.913151271160121
population,7521,46.5148292666667,45.664429777849,1.60630021407159,0.7559007252539
population,7535,10.6928581666667,10.9578303395803,0.709544735897112,0.709544735897112
population,7540,21.2824016,19.1619952641212,1.02669676724729,-1.09370956863148
population,7542,42.3581316,43.3542920335179,1.33334953855695,1.33334953855695
population,7547,37.4995191,33.1190105936753,1.26056568348512,-3.11994282283959
population,7565,28.4709989,30.0348834989507,1.12188873360875,1.12188873360875
population,7593,16.5369986666667,17.1395477593704,0.869011276312887,0.869011276312887
population,7600,20.4414039333333,20.7061880786359,1.2791499637563,1.2791499637563
population,7603,55.4245788333333,50.2042741139901,1.10065232621424,-4.11965239312902
population,7607,10.3849448,11.2566636145147,0.762966826213102,0.762966826213102
population,7612,24.7365021333333,24.077001454095,1.04190791826389,0.38240723902556
population,7623,30.4488549666667,32.3158758287671,1.21609840821084,1.21609840821084
population,7624,11.3720577666667,10.7707059997377,0.560944366804377,-0.040407400124608
population,7631,36.4038763,40.2017564828621,1.60139546914369,1.60139546914369
population,7657,22.1893516666667,25.3676265438065,1.19653522767009,1.19653522767009
population,7663,10.808702,12.6069228095016,0.773208449924192,0.773208449924192
population,7677,29.267942,27.6044954886622,1.26679073706464,-0.39665577427319
population,7699,17.1327846333333,20.6673738538327,1.18331343810106,1.18331343810106
population,7708,50.4539092,48.0011487738852,1.15641643721483,-1.29634398890002
population,7745,22.5464736666667,22.8863897292917,0.921725649612629,0.921725649612629
population,7759,28.7486893,32.2182255680851,1.51558822024382,1.51558822024382
population,7765,13.6067001,13.3193079044885,0.78331617892563,0.49592398341411
population,7767,15.7734094,14.4763721794229,0.832014952887892,-0.465022267689211
population,7776,16.4406879,18.2662045691343,1.01900604647056,1.01900604647056
population,7797,33.2068498666667,29.8310218891868,0.987644473590395,-2.38818350388946
population,7806,31.0973308333333,30.1670701290294,1.07899803327132,0.148737328967413
population,7808,8.05309613333333,7.54254370976391,0.532158551922834,0.0216061283534138
population,7820,20.4309718,21.3815463738852,1.15641643721483,1.15641643721483
population,7827,8.31043776666667,8.8880409746721,0.627154867885082,0.627154867885082
population,7834,62.7780671,62.8335904132031,1.46813190522838,1.46813190522838
population,7837,27.7510391666667,28.2382171240163,1.08626409539111,1.08626409539111
population,7864,20.1882620333333,21.0123583240163,1.08626409539111,1.08626409539111
population,7883,26.2467530333333,28.9059522037015,1.24802242933184,1.24802242933184
population,7886,30.7157124,27.5140510390557,1.06431710384567,-2.13734425709867
population,7905,28.4482299666667,28.2153318387933,1.20309163416092,0.970193506287587
population,7911,12.5212172333333,12.6313676643836,0.859911431036055,0.859911431036055
population,7928,27.7359983,25.7579449941999,0.979647220728549,-0.998406085071529
population,7956,24.5478098,24.5596084390557,1.06431710384567,1.06431710384567
population,7962,44.3108056,45.8803399733605,1.40236091701094,1.40236091701094
population,7970,33.3991683666667,35.7782620583212,1.41908947179422,1.41908947179422
population,7977,43.3689369333333,38.6541320134654,1.3567434202899,-3.358061499578
population,7983,18.6657846333333,20.8893679941999,0.979647220728549,0.979647220728549
population,7984,37.3156033666667,39.6541211485572,1.31553114922171,1.31553114922171
population,8007,32.5412289666667,38.2656496031769,1.47880936885539,1.47880936885539
population,8010,24.5540201666667,26.7638550438065,1.19653522767009,1.19653522767009
population,8011,6.1561389,6.90610778971145,0.588323415235634,0.588323415235634
population,8016,19.2817497666667,21.2888708042262,0.96345358934212,0.96345358934212
population,8019,58.2616807666667,60.2722803931507,1.48941028856371,1.48941028856371
population,8032,11.0909683333333,12.3362297493442,0.88693091987139,0.88693091987139
population,8040,23.7733278,24.6885964641212,1.02669676724729,1.02669676724729
population,8041,24.2827477333333,25.0935100591081,1.03433030556419,1.03433030556419
population,8064,33.6391528333333,34.2322531390557,1.06431710384567,1.06431710384567
population,8086,25.2831968,26.1329254390557,1.06431710384567,1.06431710384567
population,8092,39.6979739333333,41.6565770686097,1.29139091217287,1.29139091217287
population,8095,23.6188607333333,24.8935840440688,1.05690016955527,1.05690016955527
population,8101,24.2117046333333,24.3300768087146,1.24170328781995,1.24170328781995
population,8121,20.3483860333333,23.834569268872,1.16319899647185,1.16319899647185
population,8133,20.0106401666667,22.2084690839114,1.14273055354081,1.14273055354081
population,8139,58.0444929,58.4684210878752,1.5964756557685,1.5964756557685
population,8168,25.4885566,23.0254163242786,0.930220996476805,-1.53291927924457
population,8180,10.6037486666667,10.9723698546196,0.675466464631567,0.675466464631567
population,8188,14.2854802666667,16.1167643092393,0.955253835210168,0.955253835210168
population,8192,24.6691649666667,24.2368460543573,0.878016815039115,0.44569790272977
population,8202,12.7770811666667,13.9826853095016,0.773208449924192,0.773208449924192
population,8203,28.6609971666667,24.0644129786359,1.2791499637563,-3.31743422427442
population,8205,19.4336147333333,18.716245139318,0.904495613526603,0.18712601951124
population,8211,26.7762817333333,29.0461209037015,1.24802242933184,1.24802242933184
population,8224,8.29641496666667,8.28328423482949,0.452247806763302,0.439117074926127
population,8232,14.5340937,16.7942474142524,0.946983083561294,0.946983083561294
population,8267,25.7496344333333,25.7779805485573,1.31553114922171,1.31553114922171
population,8298,12.7712081333333,12.3893136395803,0.709544735897112,0.327650242144069
population,8316,30.7338501333333,29.9441284440688,1.05690016955527,0.2671784802907
population,8317,22.1840890333333,19.3580954744098,0.841416550206566,-1.98457700871699
population,8327,33.5608705666667,32.3368853936753,1.26056568348512,0.0365805104937393
population,8352,14.2767146666667,14.7572117643836,0.859911431036055,0.859911431036055
population,8355,49.9721993333333,49.5887865588458,1.17664683047127,0.793234055983729
population,8357,25.5134323,27.829141823754,1.22254990392435,1.22254990392435
population,8360,27.8338566333333,25.5699890092393,0.955253835210168,-1.3086137888839
population,8383,13.8475945333333,14.2346249142524,0.946983083561294,0.946983083561294
population,8391,28.7986886,27.438125168872,1.16319899647185,-0.197364434656119
population,8398,28.3902013333333,27.5177175738851,1.15641643721483,0.283932677766638
population,8407,30.3948304666667,32.9020500931507,1.48941028856371,1.48941028856371
population,8408,5.85817523333333,5.80639783482949,0.452247806763302,0.400470408259461
population,8410,16.9450432666667,20.295653168872,1.16319899647185,1.16319899647185
population,8425,23.708104,23.1697275638589,1.1699422355508,0.631565799409718
population,8448,20.6155538,17.0510255443311,0.895756320522712,-2.6687719351462
population,8454,24.1834114,24.138780923754,1.22254990392435,1.17791942767834
population,8475,13.4212097333333,14.996671099213,0.971584143524735,0.971584143524735
population,8478,32.5517098333334,29.4113580438065,1.19653522767009,-1.94381656185679
population,8497,20.9830456666667,23.6539004936753,1.26056568348512,1.26056568348512
population,8510,29.0902183,27.9284029240163,1.08626409539111,-0.075551280592584
population,8513,23.1107598,23.8797124290294,1.07899803327132,1.07899803327132
population,8518,10.8701291666667,11.9405943195278,0.752585841462099,0.752585841462099
population,8534,39.9027121,38.6799845034392,1.36829038101015,0.145562784449364
population,8549,22.4424381666667,23.107929154095,1.04190791826389,1.04190791826389
population,8557,25.1465473,24.510382908977,1.1077763638629,0.471611972839855
population,8588,16.5434436666667,15.8239097543573,0.878016815039115,0.158482902729768
population,8608,42.0535988333333,36.0020580538327,1.18331343810106,-4.86822734139959
population,8614,10.3290838666667,11.9753189192655,0.938639457629381,0.938639457629381
population,8626,38.6887655666667,36.9018203936753,1.26056568348512,-0.526379489506265
population,8634,33.0280281,30.7913586839114,1.14273055354081,-1.09393886254781
population,8668,21.5718218,21.1303833939376,1.12887876219315,0.687440356130759
population,8676,32.9804270666667,34.3906629287671,1.21609840821084,1.21609840821084
population,8679,46.3101380333334,46.575012963072,1.52076973354755,1.52076973354755
population,8680,29.5920375666667,28.5070794638589,1.1699422355508,0.0849841327430532
population,8687,27.8327010333333,28.9318632588458,1.17664683047127,1.17664683047127
population,8688,9.8398341,9.68476591952783,0.752585841462099,0.597517660989925
population,8702,32.2625913,30.0095089290294,1.07899803327132,-1.17408433769926
population,8707,30.5496655666667,32.1595584738851,1.15641643721483,1.15641643721483
population,8715,33.6410512666667,32.8966610686097,1.29139091217287,0.547000714115912
population,8741,33.2000686333333,29.3478648738851,1.15641643721483,-2.69578732223335
population,8753,21.8986636333333,23.6434848989507,1.12188873360875,1.12188873360875
population,8761,21.2508650333333,23.9159292287671,1.21609840821084,1.21609840821084
population,8765,20.5118820666667,23.0857988635966,1.29746807944364,1.29746807944364
population,8774,59.7028472666667,52.2678741387934,1.20309163416092,-6.23188149371242
population,8780,40.8430987,42.0750220633343,1.41353528425177,1.41353528425177
population,8787,29.6712444333333,31.0809335034392,1.36829038101015,1.36829038101015
population,8789,88.7758283,86.3762019715243,2.04186831605437,-0.357758012421317
population,8821,9.46777176666667,9.5134149746721,0.627154867885082,0.627154867885082
population,8843,19.2918950333333,20.5268174343049,0.913151271160121,0.913151271160121
population,8845,39.3531073,40.3907117986884,1.25430973577016,1.25430973577016
population,8854,17.7259104666667,18.0944135242786,0.930220996476805,0.930220996476805
population,8871,23.8961043666667,22.7070492939376,1.12887876219315,-0.0601763105359068
population,8874,21.3969798333333,23.8101900387933,1.20309163416092,1.20309163416092
population,8875,19.0653449,20.3150365691343,1.01900604647056,1.01900604647056
population,8878,39.5418918333333,34.3748401190032,1.09348187642427,-4.07356983790587
population,8889,26.8262953666667,23.0948054192655,0.938639457629381,-2.79285048977178
population,8891,23.1171363666667,22.9590493240163,1.08626409539111,0.928177052740747
population,8898,40.1083655333333,42.3361077337802,1.20961250378808,1.20961250378808
population,8904,35.4569264333333,34.6845516638589,1.1699422355508,0.397567466076375
population,8908,9.4578674,10.923001139318,0.904495613526603,0.904495613526603
population,8918,8.93290743333333,8.54234205488196,0.376292920731049,-0.0142724577203281
population,8919,27.8439670666667,26.2998069939376,1.12887876219315,-0.415281310535909
population,8923,23.0447176333333,22.7529530643836,0.859911431036055,0.568146862086271
population,8936,20.6986639333333,22.8229251989507,1.12188873360875,1.12188873360875
population,8946,19.6578061666667,19.9111561190032,1.09348187642427,1.09348187642427
population,8984,42.6240580666667,41.4824738285048,1.33923632011028,0.197652081948393
population,8998,30.4074185333333,32.0701766184786,1.35093292926313,1.35093292926313
population,9011,64.6024215333333,60.1031784079277,1.57664289010909,-2.92260023529656
population,9013,14.0889771333333,15.5768345593704,0.869011276312887,0.869011276312887
population,9052,23.1387075666667,27.5379503485573,1.31553114922171,1.31553114922171
population,9053,23.6757508333333,23.9537492192655,0.938639457629381,0.938639457629381
population,9057,18.3615961,19.5446258744098,0.841416550206566,0.841416550206566
population,9078,16.4393655333333,18.6748918240163,1.08626409539111,1.08626409539111
population,9090,24.6562015666667,25.8242695490819,1.04943081681142,1.04943081681142
population,9099,42.0079318333333,41.5194897179539,1.56663235785126,1.07819024247185
population,9100,32.4311978,31.3148013889245,1.13582577399142,0.0194293629159121
population,9101,15.6980144666667,16.479462499213,0.971584143524735,0.971584143524735
population,9104,34.9405261666667,37.3654499084523,1.36252913276466,1.36252913276466
population,9119,13.2488638666667,15.3839518741475,1.01125683859793,1.01125683859793
population,9122,19.1884964,20.5696241042262,0.96345358934212,0.96345358934212
population,9123,21.7795135666667,24.0678204638589,1.1699422355508,1.1699422355508
population,9140,34.4121329333333,34.9114281137278,1.23535182270088,1.23535182270088
population,9144,10.4254015666667,11.4621686894491,0.812885615301491,0.812885615301491
population,9163,30.7092377666667,30.5248506738852,1.15641643721483,0.972029344433309
population,9193,23.3747971,26.0245447039638,1.1148548791057,1.1148548791057
population,9196,33.4605395333333,32.2150587788983,1.14959386181737,-0.0958868926177041
population,9216,32.0873272333333,28.8608243836491,1.27298534973709,-1.95351749994718
population,9219,23.4240519666667,23.2444159591081,1.03433030556419,0.854694298005644
population,9243,5.11548553333333,5.32884613984261,0.434505638156444,0.434505638156444
population,9257,17.3870951666667,18.991212239318,0.904495613526603,0.904495613526603
population,9259,26.5906988666667,28.1783518490819,1.04943081681142,1.04943081681142
population,9268,8.75711293333333,9.41694846464587,0.651758457234666,0.651758457234666
population,9273,25.7677283,23.1347869139901,1.10065232621424,-1.53228905979568
population,9279,33.3396078,37.5147302285048,1.33923632011028,1.33923632011028
population,9311,29.3375564666667,27.0865385142524,0.946983083561294,-1.30403486885298
population,9323,32.5493495,33.0968491490819,1.04943081681142,1.04943081681142
population,9347,20.2839015333333,19.5693298691344,1.01900604647056,0.304434382271575
population,9392,48.7071111,50.9720044132031,1.46813190522838,1.46813190522838
population,9468,19.0507809,17.3827826944623,0.803150107035793,-0.86484809850196
population,9477,26.2523781,25.3051116638589,1.1699422355508,0.222675799409715
population,9494,32.8234765333333,31.4377917387933,1.20309163416092,-0.182593160379081
population,9496,24.8016736333333,24.7657668939376,1.12887876219315,1.09297202279742
population,9521,16.8276705333333,14.9705280596328,0.663718325578999,-1.19342414812158
population,9522,29.6964396666667,29.7849524736228,1.28528501077007,1.28528501077007
population,9527,51.6005329666667,46.9499929190032,1.09348187642427,-3.55705817123922
population,9542,9.01533423333333,9.41716175963276,0.663718325578999,0.663718325578999
population,9555,31.0386408,31.5956101232294,1.4573762152871,1.4573762152871
population,9559,39.4220323333333,42.8854963783736,1.39674020935437,1.39674020935437
population,9574,15.6411488666667,18.0759149042262,0.96345358934212,0.96345358934212
population,9591,15.3424626,16.5315203292917,0.921725649612629,0.921725649612629
population,9595,26.1814315,26.3854590788983,1.14959386181737,1.14959386181737
population,9619,6.79566783333333,7.8915393746721,0.627154867885082,0.627154867885082
population,9622,23.1675052,24.1656477287671,1.21609840821084,1.21609840821084
population,9632,27.8062917666667,26.5219656087146,1.24170328781995,-0.042622870132081
population,9645,35.8380670333333,35.1452651435441,1.32149730749067,0.628695417701471
population,9649,18.2603132666667,18.250880339318,0.904495613526603,0.895062686177912
population,9672,43.9814187,38.9888322387933,1.20309163416092,-3.78949482704574
population,9674,23.5528664,22.4430731443311,0.895756320522712,-0.214036935146199
population,9677,22.9336465,22.385175239318,0.904495613526603,0.356024352844571
population,9680,27.8134972666667,27.8582540886622,1.26679073706464,1.26679073706464
population,9682,33.0933591666667,31.4437650037015,1.24802242933184,-0.4015717336333
population,9683,27.1947022,27.3330177087147,1.24170328781995,1.24170328781995
population,9731,52.6173368333334,50.8374779234917,1.34509733857256,-0.434761571269094
population,9759,18.5670486666667,17.4638897543573,0.878016815039115,-0.225142097270228
population,9760,21.4111836,22.3744102941999,0.979647220728549,0.979647220728549
population,9779,24.832612,28.106686523754,1.22254990392435,1.22254990392435
population,9822,29.0937641,25.9821458443311,0.895756320522712,-2.2158619351462
population,9838,54.7044304,55.5394657583212,1.41908947179422,1.41908947179422
population,9846,20.5797725333333,18.1110868791606,1.00344778861613,-1.46523786555662
population,9852,30.8848048333334,29.4405629435441,1.32149730749067,-0.122744582298538
population,9854,28.7016899,26.5138046493442,0.88693091987139,-1.3009543307844
population,9856,30.1838221666667,30.7609171691343,1.01900604647056,1.01900604647056
population,9864,15.3314797666667,16.5720338343049,0.913151271160121,0.913151271160121
population,9885,22.1939363333333,25.5257383833867,1.39109679149038,1.39109679149038
population,9887,16.1090896,15.4402792741475,1.01125683859793,0.342446512745398
population,9889,12.9106524,12.9730571493442,0.88693091987139,0.88693091987139
population,9894,59.4347377,56.5731491184786,1.35093292926313,-1.51065565225832
population,9899,29.4191591666667,31.0855561139901,1.10065232621424,1.10065232621424
population,9920,27.1209996666667,23.9493435588458,1.17664683047127,-1.9950092773496
population,9923,22.3060962,23.4855268841737,0.995577488368498,0.995577488368498
population,9933,14.3970245333333,15.8975368591081,1.03433030556419,1.03433030556419
population,9934,20.1968310333333,20.5483454042262,0.96345358934212,0.96345358934212
population,9942,21.7672477,22.1255593440688,1.05690016955527,1.05690016955527
population,9949,15.4568251333333,16.5025385192655,0.938639457629381,0.938639457629381
population,9969,20.7360504666667,22.7329232736228,1.28528501077007,1.28528501077007
population,9978,18.6993803,21.7687759340425,1.07168270802085,1.07168270802085
population,9984,11.1951662333333,11.5149987596328,0.663718325578999,0.663718325578999
population,10001,30.6178302666667,37.3976776224424,1.7515482239531,1.7515482239531
population,10013,7.5680052,7.84292406464587,0.651758457234666,0.651758457234666
population,10023,41.5826238666667,44.6363366234917,1.34509733857256,1.34509733857256
population,10027,4.6414023,5.50907921979015,0.501723894308066,0.501723894308066
population,10044,23.1912692333333,25.3846644638589,1.1699422355508,1.1699422355508
population,10064,9.51941833333333,10.0547928295541,0.731381973051195,0.731381973051195
population,10066,32.1092732666667,31.2989632691344,1.01900604647056,0.208696048938245
population,10069,7.11943283333333,8.91139232955406,0.731381973051195,0.731381973051195
population,10138,25.6338551666667,26.8112849936753,1.26056568348512,1.26056568348512
population,10141,22.7609747666667,26.1831066638589,1.1699422355508,1.1699422355508
population,10153,37.1813946666667,37.7929365387933,1.20309163416092,1.20309163416092
population,10163,7.63938373333333,9.38284923958029,0.709544735897112,0.709544735897112
population,10165,44.4131682333334,46.131103947508,1.72894665480774,1.72894665480774
population,10169,20.8138759,24.0668664588458,1.17664683047127,1.17664683047127
population,10170,30.9164760666667,35.0946428635966,1.29746807944364,1.29746807944364
population,10181,22.9538151,22.0472557841737,0.995577488368498,0.0890181725421943
population,10182,28.4454875,25.2758940939376,1.12887876219315,-2.04071464386924
population,10185,30.8715525333333,31.8690716285048,1.33923632011028,1.33923632011028
population,10199,10.0812852,9.19857605963275,0.663718325578999,-0.218990814788247
population,10212,25.9968308666667,25.859987939318,0.904495613526603,0.767652686177904
population,10217,45.8351554333333,47.2935422577965,1.62577123060298,1.62577123060298
population,10219,5.27134736666667,5.81752362981638,0.469319728814691,0.469319728814691
population,10261,24.3967914333333,26.3233896438065,1.19653522767009,1.19653522767009
population,10265,16.2854885,18.5603370889245,1.13582577399142,1.13582577399142
population,10293,25.4621010333333,25.1634284593704,0.869011276312887,0.570338702349987
population,10294,26.4364156333333,25.6800320242786,0.930220996476805,0.173837387422093
population,10298,60.9906439333334,61.4767549984261,1.37402747275933,1.37402747275933
population,10305,47.9118554333333,52.9397190271932,1.83489695469537,1.83489695469537
population,10307,15.4932172666667,19.1079051488196,1.18994269690731,1.18994269690731
population,10317,11.8916725666667,14.3735966593704,0.869011276312887,0.869011276312887
population,10318,17.8176974,20.8184740190032,1.09348187642427,1.09348187642427
population,10331,14.5538762666667,14.9259023042262,0.96345358934212,0.96345358934212
population,10334,41.8038644666667,44.3730721984261,1.37402747275933,1.37402747275933
population,10340,49.706065,45.3896476039639,1.1148548791057,-3.20156251693047
population,10354,34.5357773333333,31.4934406440688,1.05690016955527,-1.9854365197093
population,10356,33.3393133333333,35.2817294736228,1.28528501077007,1.28528501077007
population,10366,17.9561432666667,18.8741752390557,1.06431710384567,1.06431710384567
population,10378,21.2167208333333,25.0615950788983,1.14959386181737,1.14959386181737
population,10392,33.2417650666667,33.6216398184786,1.35093292926313,1.35093292926313
population,10402,29.4467806,26.381975123754,1.22254990392435,-1.84225557232167
population,10407,26.1274650333333,29.6506841535704,1.30953780985511,1.30953780985511
population,10411,21.7625625666667,26.1482152984261,1.37402747275933,1.37402747275933
population,10417,52.7221822666667,55.7228747227047,1.6592958139475,1.6592958139475
population,10422,12.6891114,14.6311000641212,1.02669676724729,1.02669676724729
population,10423,8.08962246666667,9.94111557440979,0.841416550206566,0.841416550206566
population,10424,7.2067912,7.07086809472457,0.574796930908684,0.43887382563325
population,10460,79.3796026666667,79.6456091126785,1.66875056747515,1.66875056747515
population,10469,7.1440338,5.76026475989507,0.354772367948556,-1.02899667215637
population,10479,22.4528251,22.6364767190032,1.09348187642427,1.09348187642427
population,10482,33.8267665333333,34.5205526234917,1.34509733857256,1.34509733857256
population,10485,33.0994914,37.1281927432818,1.43562311083189,1.43562311083189
population,10488,21.5298532,21.4076608791606,1.00344778861613,0.881255467776714
population,10509,16.1354227333333,16.0238771794229,0.832014952887892,0.720469398977456
population,10518,26.3923774666667,29.6369043387933,1.20309163416092,1.20309163416092
population,10519,17.0251437666667,17.2934288192655,0.938639457629381,0.938639457629381
population,10520,36.6320886666667,36.4936065488196,1.18994269690731,1.05146057906021
population,10536,31.265561,31.5538574435441,1.32149730749067,1.32149730749067
population,10568,33.2710129333333,31.2880461438064,1.19653522767009,-0.786431561856793
population,10580,38.8792296666667,43.6689372730982,1.51038893143764,1.51038893143764
population,10583,21.0913257,21.3487783290294,1.07899803327132,1.07899803327132
population,10597,12.5540669666667,14.9229619691344,1.01900604647056,1.01900604647056
population,10606,31.5558315333333,33.1260926736228,1.28528501077007,1.28528501077007
population,10610,39.3892573666667,40.7337248728359,1.61119002816518,1.61119002816518
population,10619,21.9850967,18.7219934944622,0.803150107035793,-2.45995309850196
population,10620,15.5535036666667,15.5696956891868,0.987644473590395,0.987644473590395
population,10621,54.8169365333333,51.3447836585835,1.30351691446933,-2.16863596028052
population,10654,6.04757116666667,6.40546841477703,0.517165152782097,0.517165152782097
population,10660,47.7279161333333,49.7906491432818,1.43562311083189,1.43562311083189
population,10663,56.8997384333333,50.925762277849,1.60630021407159,-4.36767594141274
population,10674,21.9734653,20.1019941145147,0.762966826213102,-1.10850435927219
population,10688,33.3545205666667,34.6450702683474,1.40795918644407,1.40795918644407
population,10707,22.0417984666667,22.3809514240163,1.08626409539111,1.08626409539111
population,10711,21.7562432333333,27.1016213435441,1.32149730749067,1.32149730749067
population,10715,30.1877118666667,35.0127174530457,1.53108015490348,1.53108015490348
population,10722,44.9021297,46.1334909430195,1.54132160790803,1.54132160790803
population,10723,30.1646030666667,31.027893878636,1.2791499637563,1.2791499637563
population,10726,20.5059515,24.2014920337802,1.20961250378808,1.20961250378808
population,10761,29.5117344,29.3575569788983,1.14959386181737,0.995416440715632
population,10762,14.2675628333333,17.1572731641212,1.02669676724729,1.02669676724729
population,10777,27.0038357666667,25.8483157941999,0.979647220728549,-0.175872751738193
population,10781,14.4192171,20.3692865485573,1.31553114922171,1.31553114922171
population,10803,25.2250240666667,24.5871069738851,1.15641643721483,0.518499344433312
population,10812,14.5802412666667,16.6591312691344,1.01900604647056,1.01900604647056
population,10820,9.13960706666667,8.05870630976391,0.532158551922834,-0.54874220497992
population,10823,15.9755212333333,18.9155185591081,1.03433030556419,1.03433030556419
population,10835,27.8807860333333,25.8838783591081,1.03433030556419,-0.962577368661016
population,10842,31.5358648666667,34.6376696435441,1.32149730749067,1.32149730749067
population,10843,27.1233276,32.1451337678228,1.61606504695553,1.61606504695553
population,10844,26.4531835666667,26.9513126092393,0.955253835210168,0.955253835210168
population,10857,8.60127783333333,9.19419934960652,0.687013736379663,0.687013736379663
population,10863,30.1799709333333,34.2509719482949,1.43013313618773,1.43013313618773
population,10885,29.3896242666667,25.3945673242786,0.930220996476805,-3.06483594591124
population,10887,33.8161461666667,36.1787821039639,1.1148548791057,1.1148548791057
population,10889,40.4130865333333,36.8239768390557,1.06431710384567,-2.52479259043201
population,10905,23.6123846,25.6892181137278,1.23535182270088,1.23535182270088
population,10924,33.0063681,35.4330366137278,1.23535182270088,1.23535182270088
population,10928,20.1065498666667,20.9089978240163,1.08626409539111,1.08626409539111
population,10948,23.9132354333333,22.4031157641212,1.02669676724729,-0.483422901964807
population,10952,30.0417133,27.4967449190032,1.09348187642427,-1.45148650457253
population,10978,38.6807805666667,39.4620593335179,1.33334953855695,1.33334953855695
population,10982,36.0370106,38.901110123754,1.22254990392435,1.22254990392435
population,11005,26.5346120333333,31.2941111535704,1.30953780985511,1.30953780985511
population,11010,23.9859699666667,24.3151279992131,0.971584143524735,0.971584143524735
population,11011,18.9248870666667,19.5061301994754,0.793295131271539,0.793295131271539
population,11034,30.1320522,31.6792257387933,1.20309163416092,1.20309163416092
population,11043,10.651665,9.68140979947536,0.793295131271539,-0.1769600692531
population,11051,26.2675145,21.7065031390557,1.06431710384567,-3.49669425709867
population,11063,40.4433774333333,36.5221713279801,1.55655744718968,-2.3646486581635
population,11071,48.9376949666666,54.1648783825998,1.69679875979549,1.69679875979549
population,11075,20.5677776333333,18.4892571044885,0.78331617892563,-1.29520434991922
population,11076,14.3033069666667,16.6449049240163,1.08626409539111,1.08626409539111
population,11089,22.1352798333333,23.0587350889245,1.13582577399142,1.13582577399142
population,11091,42.9423955666667,43.587965293413,1.37974070934718,1.37974070934718
population,11150,22.4375269333333,22.5834982240163,1.08626409539111,1.08626409539111
population,11151,23.3217123333333,25.0548495337802,1.20961250378808,1.20961250378808
population,11156,4.9058005,5.03179845488196,0.376292920731049,0.376292920731049
population,11162,36.1668855333333,30.9730136686097,1.29139091217287,-3.90248095255075
population,11166,30.9019339666667,28.1512879841737,0.995577488368498,-1.75506849412447
population,11213,23.9609917666667,23.0744257340425,1.07168270802085,0.185116675396722
population,11231,40.7690257666667,37.3480115285048,1.33923632011028,-2.0817779180516
population,11250,23.5594788,18.9872677899738,0.177386183974278,-4.39482482605195
population,11262,27.3247756333333,27.3499008387933,1.20309163416092,1.20309163416092
population,11263,22.6063806,21.6978352240163,1.08626409539111,0.177718719407417
population,11265,23.9861013666667,23.2105993741475,1.01125683859793,0.235754846078728
population,11266,20.7582838333333,22.4551771941999,0.979647220728549,0.979647220728549
population,11281,6.94665783333333,7.06308040976391,0.532158551922834,0.532158551922834
population,11298,17.9484442666667,15.747638384436,0.822505898274634,-1.37829998395602
population,11308,19.896548,20.1409937092393,0.955253835210168,0.955253835210168
population,11311,25.5356979666667,25.5948737535704,1.30953780985511,1.30953780985511
population,11328,31.9216334666667,27.384276323754,1.22254990392435,-3.31480723898834
population,11336,28.6176109666667,23.4859850092393,0.955253835210168,-4.17637212221722
population,11340,15.9996065,16.4973931691344,1.01900604647056,1.01900604647056
population,11376,32.0158111666667,29.5497780889245,1.13582577399142,-1.33020730375075
population,11393,26.1269471666667,26.057310023754,1.22254990392435,1.15291276101166
population,11405,31.5572040333333,27.7246484042262,0.96345358934212,-2.86910203976506
population,11416,14.1428009333333,17.3270572490819,1.04943081681142,1.04943081681142
population,11425,33.6331016,32.8689230686097,1.29139091217287,0.527212380782589
population,11432,29.8462069,28.3721335190032,1.09348187642427,-0.380591504572536
population,11442,26.7910103,29.6662488137278,1.23535182270088,1.23535182270088
population,11446,30.2437285666667,32.7045084438065,1.19653522767009,1.19653522767009
population,11447,36.0595079333333,34.1299309182162,1.46276394610239,-0.466813069014707
population,11462,18.9305789333333,16.2689273944623,0.803150107035793,-1.85850143183529
population,11463,31.2712058,32.6548293638589,1.1699422355508,1.1699422355508
population,11486,10.8992320666667,12.338035099213,0.971584143524735,0.971584143524735
population,11488,51.2385272666667,46.211962777849,1.60630021407159,-3.4202642747461
population,11491,25.8949926,26.3216751037015,1.24802242933184,1.24802242933184
population,11496,26.8259155666667,26.4075415039639,1.1148548791057,0.696480816402872
population,11498,27.9334734333333,26.1378727039638,1.1148548791057,-0.6807458502638
population,11503,36.4168496666667,32.1877994184785,1.35093292926313,-2.87811731892498
population,11511,32.4884429666667,31.158052868872,1.16319899647185,-0.167191101322778
population,11516,42.1446452333333,43.025699077849,1.60630021407159,1.60630021407159
population,11547,17.3106391666667,18.2885102543573,0.878016815039115,0.878016815039115
population,11548,25.2754175,24.0371070488196,1.18994269690731,-0.0483677542731169
population,11569,13.8434490333333,15.8472043390557,1.06431710384567,1.06431710384567
population,11590,26.3036332333333,30.8502293485573,1.31553114922171,1.31553114922171
population,11598,39.4144137333333,36.8172160340425,1.07168270802085,-1.52551499126994
population,11607,26.8781652333333,26.4313824337802,1.20961250378808,0.762829704234969
population,11633,22.6104639333333,22.8632092139901,1.10065232621424,1.10065232621424
population,11636,67.0925889,64.1320131981638,1.48411929390698,-1.47645640792924
population,11641,35.6381122666667,34.2292370686097,1.29139091217287,-0.11748428588408
population,11666,15.0453640666667,16.9717301042262,0.96345358934212,0.96345358934212
population,11696,5.6437467,5.67121063984261,0.434505638156444,0.434505638156444
population,11724,21.3626288,18.2699494841737,0.995577488368498,-2.09710182745781
population,11742,20.0624723333333,20.5060606691344,1.01900604647056,1.01900604647056
population,11746,24.0581376666667,24.8733915588458,1.17664683047127,1.17664683047127
population,11778,10.9642837,11.1195675395803,0.709544735897112,0.709544735897112
population,11790,15.7826656666667,16.3898477142524,0.946983083561294,0.946983083561294
population,11800,20.0168836,21.2124382490819,1.04943081681142,1.04943081681142
population,11805,17.0480069333333,21.066908123754,1.22254990392435,1.22254990392435
population,11830,16.7731366666667,19.7124316691344,1.01900604647056,1.01900604647056
population,11855,18.2605070333333,20.6973493841737,0.995577488368498,0.995577488368498
population,11869,7.18831153333333,8.47381506965899,0.639574981878148,0.639574981878148
population,11879,8.9624317,10.696972484436,0.822505898274634,0.822505898274634
population,11881,32.0403443,31.2211157936753,1.26056568348512,0.441337177160407
population,11885,31.0886338333333,29.3771941390557,1.06431710384567,-0.647122590432019
population,11924,18.6853895666667,20.445473508977,1.1077763638629,1.1077763638629
population,11926,22.0971985333333,20.910815984436,0.822505898274634,-0.363876650622683
population,11935,13.1689179333333,13.2062722791606,1.00344778861613,1.00344778861613
population,11952,24.3424035333333,27.1158928039639,1.1148548791057,1.1148548791057
population,11959,24.9833157,29.4017801986884,1.25430973577016,1.25430973577016
population,11971,17.7065788,20.0059054941999,0.979647220728549,0.979647220728549
population,11993,16.0148835333333,16.8398729543573,0.878016815039115,0.878016815039115
population,11999,36.7470661333333,33.8743295693967,0.850714252903992,-2.02202231103268
population,12004,18.2085405,20.7660841139901,1.10065232621424,1.10065232621424
population,12039,8.41624316666667,9.73756531451471,0.762966826213102,0.762966826213102
population,12040,21.544369,23.4243826390557,1.06431710384567,1.06431710384567
population,12063,35.6142266333333,37.0211744678228,1.61606504695553,1.61606504695553
population,12074,13.196795,13.0366367944622,0.803150107035793,0.642991901498042
population,12083,31.2366311333333,28.9973284340425,1.07168270802085,-1.16761999126994
population,12100,27.999137,29.8340024335179,1.33334953855695,1.33334953855695
population,12106,37.1532264666667,37.1374952335179,1.33334953855695,1.31761830540818
population,12107,43.3681339666667,42.4611527335179,1.33334953855695,0.426368305408189
population,12110,16.0389501,13.9088259345672,0.720546085529427,-1.4095780799034
population,12112,28.0255914666667,30.1787673037015,1.24802242933184,1.24802242933184
population,12118,35.4712555,34.0726920939376,1.12887876219315,-0.269684643869246
population,12128,33.0281413666667,31.2586334894491,0.812885615301491,-0.95662226191604
population,12148,55.010427,51.311809478636,1.2791499637563,-2.41946755760775
population,12195,12.2573879666667,13.7763351145147,0.762966826213102,0.762966826213102
population,12206,28.6163997666667,26.8711836839114,1.14273055354081,-0.602485529214476
population,12212,25.5209312666667,23.6148263693967,0.850714252903992,-1.05539064436601
population,12219,35.7539307333333,40.2389974074031,1.7649702457069,1.7649702457069
population,12235,24.9082929,23.3202354538327,1.18331343810106,-0.404744008066249
population,12238,24.0433015,22.5570211741475,1.01125683859793,-0.475023487254602
population,12245,30.2729915333333,27.3936149443311,0.895756320522712,-1.98362026847953
population,12250,27.9241595666667,25.8578215390557,1.06431710384567,-1.00202092376535
population,12251,46.1196280666667,41.5916169087147,1.24170328781995,-3.28630787013208
population,12255,46.0580917666667,42.3708755335179,1.33334953855695,-2.35386669459182
population,12266,17.6643667666667,15.4998098744098,0.841416550206566,-1.32314034205032
population,12271,16.9995968666667,14.2662688641212,1.02669676724729,-1.70663123529814
population,12277,22.9513134666667,24.5988753387933,1.20309163416092,1.20309163416092
population,12283,19.6671026333333,18.792098039318,0.904495613526603,0.0294910195112447
population,12295,23.2300584666667,23.2883224841737,0.995577488368498,0.995577488368498
population,12313,33.6582861333333,31.4840374490819,1.04943081681142,-1.12481786744003
population,12320,28.8478050666667,31.2961928736228,1.28528501077007,1.28528501077007
population,12322,34.5880301666667,33.0545310037015,1.24802242933184,-0.285476733633312
population,12329,27.1923822,24.3092787438065,1.19653522767009,-1.68656822852345
population,12330,20.6559247666667,18.756027799213,0.971584143524735,-0.928312823928887
population,12336,19.4629144,18.9126881894491,0.812885615301491,0.26265940475062
population,12346,21.6477722666667,22.3936162841737,0.995577488368498,0.995577488368498
population,12359,38.2886200333333,38.444557308977,1.1077763638629,1.1077763638629
population,12367,34.3168966,29.6636630184785,1.35093292926313,-3.30230065225831
population,12384,33.7239777,39.4965578828621,1.60139546914369,1.60139546914369
population,12395,42.7376283,42.8955197936753,1.26056568348512,1.26056568348512
population,12412,34.5180316333334,31.8803119390557,1.06431710384567,-1.57340259043202
population,12415,29.5923757,30.5499371686097,1.29139091217287,1.29139091217287
population,12420,31.0544155666667,31.2018414538327,1.18331343810106,1.18331343810106
population,12449,22.6546512333333,27.2850143435441,1.32149730749067,1.32149730749067
population,12461,16.6153765,16.1883423846983,0.60154581708046,0.174511701778791
population,12466,5.4276584,6.1754113047508,0.546740938212135,0.546740938212135
population,12477,19.2878581333333,22.2408033137278,1.23535182270088,1.23535182270088
population,12493,34.0765525,35.5029810387933,1.20309163416092,1.20309163416092
population,12524,27.6154388666667,29.2335927588458,1.17664683047127,1.17664683047127
population,12539,15.1658919,16.1672696042262,0.96345358934212,0.96345358934212
population,12564,48.9115018333333,45.8147668883998,1.38543038589542,-1.71130455903805
population,12567,27.2974432,29.2409188340425,1.07168270802085,1.07168270802085
population,12574,27.93614,27.6357345488196,1.18994269690731,0.889537245726877
population,12597,36.3708346,33.3248721287671,1.21609840821084,-1.82986406302205
population,12623,33.0234301,36.453798538531,1.327436651158,1.327436651158
population,12667,23.7756367,26.5178562738852,1.15641643721483,1.15641643721483
population,12676,19.8349147333333,22.2869589788983,1.14959386181737,1.14959386181737
population,12688,79.0038626,72.3532910886622,1.26679073706464,-5.38378077427318
population,12693,74.2922732333333,69.9059723786359,1.2791499637563,-3.1071508909411
population,12694,13.8816108333333,15.2769661641212,1.02669676724729,1.02669676724729
population,12698,18.3090939666667,17.2317950794229,0.832014952887892,-0.245283934355879
population,12701,25.7642294,29.0609799087146,1.24170328781995,1.24170328781995
population,12716,20.5283162,23.0935677939376,1.12887876219315,1.12887876219315
population,12741,30.6671073333333,32.9979522881375,1.49468255385948,1.49468255385948
population,12743,38.5403222666667,36.4918461087146,1.24170328781995,-0.806772870132078
population,12749,13.8483856,13.3676334796852,0.614483766408419,0.133731646093638
population,12758,40.2081151333334,39.67475710819,1.47348030875271,0.94012228360937
population,12774,50.5263701333333,49.1863893287671,1.21609840821084,-0.123882396355386
population,12783,47.2309165,47.1303508482949,1.43013313618773,1.32956748448267
population,12806,19.2262625333333,19.702547939318,0.904495613526603,0.904495613526603
population,12807,17.6874964,19.4756291292917,0.921725649612629,0.921725649612629
population,12820,6.41856173333333,6.6340963047508,0.546740938212135,0.546740938212135
population,12821,32.2314024,32.2485459638589,1.1699422355508,1.1699422355508
population,12829,29.856106,31.0640055488196,1.18994269690731,1.18994269690731
population,12857,28.4172874333333,25.9279027390557,1.06431710384567,-1.42506759043201
population,12860,25.1568947666667,25.4065865635966,1.29746807944364,1.29746807944364
population,12865,39.9752731666667,38.5735200387933,1.20309163416092,-0.198661493712414
population,12889,19.5436837,19.2718664292917,0.921725649612629,0.649908378904367
population,12902,20.8747511,20.7981997390557,1.06431710384567,0.987765742901318
population,12913,25.7723274666667,26.355567368872,1.16319899647185,1.16319899647185
population,12917,76.9568572666667,78.1748237628096,1.62092540393562,1.62092540393562
population,12968,5.78387653333333,6.12323112981638,0.469319728814691,0.469319728814691
population,12975,29.0100552333333,24.1652996543573,0.878016815039115,-3.9667387639369
population,12982,15.5628335,17.102094108977,1.1077763638629,1.1077763638629
population,12984,15.1759483666667,14.2971164744098,0.841416550206566,-0.0374153420503175
population,12987,24.8277610333333,24.1638073741475,1.01125683859793,0.347303179412067
population,12990,16.7484944333333,19.0606957741475,1.01125683859793,1.01125683859793
population,13003,41.3579131333333,38.104059323754,1.22254990392435,-2.031303905655
population,13004,18.0008148333333,17.3142692292917,0.921725649612629,0.235180045571038
population,13018,13.7813887333333,13.9135031794229,0.832014952887892,0.832014952887892
population,13059,32.8679961333333,30.7658105543573,0.878016815039115,-1.2241687639369
population,13064,32.4114769666667,32.818363738531,1.327436651158,1.327436651158
population,13082,20.9910104333333,22.7700997791606,1.00344778861613,1.00344778861613
population,13096,42.5153174666667,44.4906032535704,1.30953780985511,1.30953780985511
population,13098,21.1883087,18.7530525646459,0.651758457234666,-1.78349767811947
population,13103,29.6176646666667,31.4240504034392,1.36829038101015,1.36829038101015
population,13116,31.1581957333333,33.0029079588458,1.17664683047127,1.17664683047127
population,13122,75.1691000333333,77.0038324166423,2.00689557723226,2.00689557723226
population,13123,29.1803754,33.1075057583212,1.41908947179422,1.41908947179422
population,13154,28.5813454666667,32.7797042836491,1.27298534973709,1.27298534973709
population,13157,5.61336613333333,5.54586673984261,0.434505638156444,0.367006244665719
population,13179,13.9126940666667,16.7828919738851,1.15641643721483,1.15641643721483
population,13182,16.1758221,17.8421406889245,1.13582577399142,1.13582577399142
population,13189,6.15565916666667,7.0097823746721,0.627154867885082,0.627154867885082
population,13207,10.0217649333333,13.0448842791606,1.00344778861613,1.00344778861613
population,13214,31.2983273666667,30.8117112839114,1.14273055354081,0.656114470785525
population,13216,36.8331368,38.4157201132031,1.46813190522838,1.46813190522838
population,13278,37.5086153333334,37.5952783182162,1.46276394610239,1.46276394610239
population,13290,40.3167803,41.5762817686097,1.29139091217287,1.29139091217287
population,13291,7.33808166666667,6.7596948746721,0.627154867885082,0.048768075890517
population,13320,23.6870615666667,25.6775333886622,1.26679073706464,1.26679073706464
population,13327,21.7914242333333,21.7828105741475,1.01125683859793,1.00264317941207
population,13360,45.2454301,40.2574777791606,1.00344778861613,-3.98450453222328
population,13363,46.4467472,41.415200638531,1.327436651158,-3.70410991031098
population,13383,49.2808451333333,46.5549241031769,1.47880936885539,-1.24711166130106
population,13396,20.7643799,19.0061756593704,0.869011276312887,-0.88919296431668
population,13406,19.1889755333333,21.215213768872,1.16319899647185,1.16319899647185
population,13435,37.3982583333333,40.0113281628096,1.62092540393562,1.62092540393562
population,13488,28.9652257,27.278815399213,0.971584143524735,-0.714826157262226
population,13500,33.4201631,30.5314296939376,1.12887876219315,-1.75985464386924
population,13533,24.960128,24.8209395939376,1.12887876219315,0.989690356130756
population,13548,20.7832591333333,22.2484893387933,1.20309163416092,1.20309163416092
population,13549,43.7173331333333,40.5629132134655,1.3567434202899,-1.79767649957799
population,13566,51.5949890666667,47.7287347533081,1.42462200533674,-2.44163230802188
population,13580,21.0785860666667,21.5155150841737,0.995577488368498,0.995577488368498
population,13598,39.9731883333333,41.3454161678227,1.61606504695553,1.61606504695553
population,13601,30.7152496666667,30.6000016891868,0.987644473590395,0.872396496110541
population,13609,26.1917515,26.783294938531,1.327436651158,1.327436651158
population,13623,28.4744000666667,29.6838518635966,1.29746807944364,1.29746807944364
population,13631,34.1957401,36.3151446989507,1.12188873360875,1.12188873360875
population,13633,19.7139324666667,17.7701796145147,0.762966826213102,-1.18078602593885
population,13666,13.2094453,10.5170572448557,0.416007476443946,-2.27638057870033
population,13669,5.9073302,6.30144009973768,0.560944366804377,0.560944366804377
population,13684,5.71297416666667,6.56288739973768,0.560944366804377,0.560944366804377
population,13687,24.7929479333333,24.8025112941999,0.979647220728549,0.979647220728549
population,13690,12.8223405,13.9037822443311,0.895756320522712,0.895756320522712
population,13697,31.1565439333333,28.4122040635966,1.29746807944364,-1.4468717902931
population,13714,23.3937035,28.2048539585835,1.30351691446933,1.30351691446933
population,13717,27.5559998666667,29.3240336084523,1.36252913276466,1.36252913276466
population,13720,45.8066663,50.1197296132031,1.46813190522838,1.46813190522838
population,13750,22.4480110333333,23.9105654042262,0.96345358934212,0.96345358934212
population,13761,27.1914881333333,28.9932062936753,1.26056568348512,1.26056568348512
population,13787,69.7318677333334,68.3231918034392,1.36829038101015,-0.0403855488839791
population,13793,19.2447223333333,20.4786556691343,1.01900604647056,1.01900604647056
population,13827,19.7234709,21.0949675941999,0.979647220728549,0.979647220728549
population,13831,21.1463179333333,24.0847521788983,1.14959386181737,1.14959386181737
population,13856,18.85547,20.6575396490819,1.04943081681142,1.04943081681142
population,13890,9.37538413333333,9.92282761952783,0.752585841462099,0.752585841462099
population,13896,18.7830509333333,21.4326952039638,1.1148548791057,1.1148548791057
population,13910,7.62892823333333,8.41091684485573,0.416007476443946,0.416007476443946
population,13914,26.3581901666667,29.825726763072,1.52076973354755,1.52076973354755
population,13966,38.0326127,37.0760173240163,1.08626409539111,0.12966871940742
population,13979,18.8131559333333,18.8683523242786,0.930220996476805,0.930220996476805
population,14028,41.3372026333333,38.6007467535704,1.30953780985511,-1.42691806990785
population,14047,7.80305203333333,8.4331485746721,0.627154867885082,0.627154867885082
population,14069,21.5669377333333,19.4168952095016,0.773208449924192,-1.37683407390754
population,14077,30.6270384333333,33.2996675034392,1.36829038101015,1.36829038101015
population,14081,20.2177995,20.0702042242786,0.930220996476805,0.782625720755426
population,14082,42.2468295666667,44.6378150527834,1.63060265650121,1.63060265650121
population,14100,22.2945095666667,24.1439694438065,1.19653522767009,1.19653522767009
population,14126,19.9522736333333,21.2268498738852,1.15641643721483,1.15641643721483
population,14133,31.6545054666667,27.6655894591081,1.03433030556419,-2.95458570199435
population,14139,36.3273823333333,32.4785624134654,1.3567434202899,-2.49207649957797
population,14147,12.7472412333333,12.8576096944622,0.803150107035793,0.803150107035793
population,14150,19.6757132666667,19.8182302891868,0.987644473590395,0.987644473590395
population,14194,23.1693096666667,22.8267555788983,1.14959386181737,0.807039774048962
population,14195,29.3491542666667,26.3099482340425,1.07168270802085,-1.96752332460328
population,14207,19.9392970666667,20.1905531292917,0.921725649612629,0.921725649612629
population,14209,16.3426835,15.2024642593704,0.869011276312887,-0.271207964316679
population,14231,18.3952661,20.050965799213,0.971584143524735,0.971584143524735
population,14235,51.3828892666667,43.3433122741475,1.01125683859793,-7.02832015392128
population,14240,15.1070277333333,16.3746971543573,0.878016815039115,0.878016815039115
population,14241,37.0876776666667,39.9043363583212,1.41908947179422,1.41908947179422
population,14243,26.3275697333333,26.3824628686097,1.29139091217287,1.29139091217287
population,14268,17.4330662,17.3532598390557,1.06431710384567,0.984510742901325
population,14340,9.78432886666667,10.2093660897114,0.588323415235634,0.588323415235634
population,14341,16.5535993333333,18.9977056741475,1.01125683859793,1.01125683859793
population,14372,38.8243558,39.9899193387933,1.20309163416092,1.20309163416092
population,14376,24.5130964333333,27.3282216387933,1.20309163416092,1.20309163416092
population,14386,18.7775908666667,20.7713517788983,1.14959386181737,1.14959386181737
population,14396,20.9434119666667,24.8805708087146,1.24170328781995,1.24170328781995
population,14408,32.5991472666667,31.4607561839114,1.14273055354081,0.00433947078552799
population,14419,70.9951625,67.5988528583212,1.41908947179422,-1.97722016988462
population,14423,7.03189443333333,7.58814397968522,0.614483766408419,0.614483766408419
population,14427,29.8999577666667,31.5025565585835,1.30351691446933,1.30351691446933
population,14455,28.9780601666667,24.6895172643836,0.859911431036055,-3.42863147124706
population,14471,19.1022304333333,18.9738188192655,0.938639457629381,0.810227843561559
population,14478,31.2689261,27.8185959746721,0.627154867885082,-2.82317525744282
population,14491,56.1444919666667,54.6051947736228,1.28528501077007,-0.254012182273763
population,14500,24.9606699,18.5603877044885,0.78331617892563,-5.61696601658589
population,14502,9.5603097,10.6861904593704,0.869011276312887,0.869011276312887
population,14520,9.8527502,10.3315860345672,0.720546085529427,0.720546085529427
population,14523,17.9475512666667,20.0061323042262,0.96345358934212,0.96345358934212
population,14527,28.8507312666667,32.3878101337802,1.20961250378808,1.20961250378808
population,14532,25.5421684333333,25.4655728042262,0.96345358934212,0.886857960234945
population,14538,47.1229450333333,49.3173400382687,1.44109217105885,1.44109217105885
population,14549,8.13218813333333,8.88683767968522,0.614483766408419,0.614483766408419
population,14560,44.5284988333334,45.9620789134655,1.3567434202899,1.3567434202899
population,14563,22.4619112,23.5854538791606,1.00344778861613,1.00344778861613
population,14569,30.6012104666667,27.6516574641212,1.02669676724729,-1.92285623529814
population,14572,29.5366121666667,29.4027721190032,1.09348187642427,0.959641828760791
population,14573,49.0836486,51.6430668881376,1.49468255385948,1.49468255385948
population,14581,32.9930125666667,32.406932468872,1.16319899647185,0.57711889867721
population,14594,20.2116182,22.5389067387933,1.20309163416092,1.20309163416092
population,14614,8.327105,9.21560583456717,0.720546085529427,0.720546085529427
population,14644,30.1853046666667,30.7254165137278,1.23535182270088,1.23535182270088
population,14668,63.7708685666667,62.0273812733605,1.40236091701094,-0.341126376295209
population,14670,25.6382206333333,25.7269667986884,1.25430973577016,1.25430973577016
population,14673,30.1477544666667,29.8723534340425,1.07168270802085,0.796281675396721
population,14674,21.7586196333333,22.614226908977,1.1077763638629,1.1077763638629
population,14690,25.5518982,27.3903655031769,1.47880936885539,1.47880936885539
population,14713,38.8218727,42.581379877849,1.60630021407159,1.60630021407159
population,14722,18.9450784,20.4958510290294,1.07899803327132,1.07899803327132
population,14725,21.2342736666667,22.603636699213,0.971584143524735,0.971584143524735
population,14736,15.0161503333333,17.7059986691343,1.01900604647056,1.01900604647056
population,14756,18.0014933333333,16.9316747493442,0.88693091987139,-0.182887664117735
population,14758,21.1394482666667,20.2459912741475,1.01125683859793,0.117799846078733
population,14764,39.2282240666667,40.2192428084523,1.36252913276466,1.36252913276466
population,14805,34.0210911,33.9134136788983,1.14959386181737,1.04191644071563
population,14809,37.5031290333333,41.4856841134654,1.3567434202899,1.3567434202899
population,14829,43.2387632,41.6851197187409,1.22896753281684,-0.324675948442291
population,14840,13.3498600333333,14.1410475596328,0.663718325578999,0.663718325578999
population,14846,27.1857737333333,23.7901841142524,0.946983083561294,-2.44860653551964
population,14851,42.6353122,41.6582635683474,1.40795918644407,0.430910554791464
population,14869,38.8779046,34.5776991738851,1.15641643721483,-3.14378898890002
population,14898,5.1080679,5.09930385989507,0.354772367948556,0.346008327843628
population,14910,23.4799721,27.4315595535704,1.30953780985511,1.30953780985511
population,14914,32.8332323333333,34.7702234736228,1.28528501077007,1.28528501077007
population,14918,35.3656042,37.5865286485572,1.31553114922171,1.31553114922171
population,14945,52.1226023333333,51.7917345588458,1.17664683047127,0.845779055983739
population,14958,43.9291076,45.4579070986884,1.25430973577016,1.25430973577016
population,14972,32.5395145,32.8543171290294,1.07899803327132,1.07899803327132
population,14982,20.9537186666667,21.3233237693967,0.850714252903992,0.850714252903992
population,14984,48.1200992333333,47.706536383649,1.27298534973709,0.859422500052812
population,15000,94.6165778666667,93.528098377849,1.60630021407159,0.517820725253918
population,15018,25.3640469,28.6023624087147,1.24170328781995,1.24170328781995
population,15021,49.8927051666667,50.5641479986884,1.25430973577016,1.25430973577016
population,15031,40.0649497666667,41.1352115635966,1.29746807944364,1.29746807944364
population,15033,37.6489148333333,39.5149829686097,1.29139091217287,1.29139091217287
population,15034,20.4775769333333,22.2589492591081,1.03433030556419,1.03433030556419
population,15041,31.6440589666667,32.4143089440688,1.05690016955527,1.05690016955527
population,15057,33.5460862666667,35.0291301087147,1.24170328781995,1.24170328781995
population,15066,25.433804,24.2011365788983,1.14959386181737,-0.0830735592843668
population,15076,47.1322186,47.1996321137278,1.23535182270088,1.23535182270088
population,15077,33.8606044333333,32.2575846638589,1.1699422355508,-0.433077533923622
population,15080,16.5728201333333,15.6540726345672,0.720546085529427,-0.198201413236732
population,15116,11.4384766666667,12.7782648245409,0.742059646953489,0.742059646953489
population,15127,24.5903482,25.9738916886622,1.26679073706464,1.26679073706464
population,15146,32.4405166333333,34.7475676984261,1.37402747275933,1.37402747275933
population,15148,22.7588245666667,24.1499545941999,0.979647220728549,0.979647220728549
population,15149,18.3063627,18.685273484436,0.822505898274634,0.822505898274634
population,15159,25.309822,23.6022317994754,0.793295131271539,-0.9142950692531
population,15173,24.4676367666667,23.9731208343049,0.913151271160121,0.41863533879831
population,15185,20.5853036666667,21.5222325588458,1.17664683047127,1.17664683047127
population,15211,19.8609632666667,20.983721299213,0.971584143524735,0.971584143524735
population,15220,17.0671255333333,17.247050939318,0.904495613526603,0.904495613526603
population,15225,18.0821030333333,18.3144105095016,0.773208449924192,0.773208449924192
population,15233,22.8428413666667,24.4543001335179,1.33334953855695,1.33334953855695
population,15234,4.91062373333333,5.24204835488196,0.376292920731049,0.376292920731049
population,15241,6.6551913,7.80220715963276,0.663718325578999,0.663718325578999
population,15253,20.2637841333333,22.5436443889245,1.13582577399142,1.13582577399142
population,15270,18.3810023333333,19.1555117042262,0.96345358934212,0.96345358934212
population,15288,17.9530678,18.9580354791606,1.00344778861613,1.00344778861613
population,15292,19.2721316,18.5638014245409,0.742059646953489,0.0337294714944318
population,15296,22.8884789666667,26.0948417485573,1.31553114922171,1.31553114922171
population,15308,21.1275544333333,22.813668754095,1.04190791826389,1.04190791826389
population,15321,16.7460609666667,19.5855557936753,1.26056568348512,1.26056568348512
population,15329,6.35067343333333,7.02565297968522,0.614483766408419,0.614483766408419
population,15333,5.54755073333333,5.50064532981638,0.469319728814691,0.422414325297735
population,15379,6.38301463333333,6.73207119973768,0.560944366804377,0.560944366804377
population,15424,6.23219546666667,6.25197071979015,0.501723894308066,0.501723894308066
population,15434,13.6833302333333,14.4669176092393,0.955253835210168,0.955253835210168
population,15442,42.5838504666667,44.4772292585835,1.30351691446933,1.30351691446933
population,15443,57.8033583333334,53.3003777543573,0.878016815039115,-3.6249637639369
population,15485,5.39753186666667,6.07968911477703,0.517165152782097,0.517165152782097
population,15510,10.2871320333333,13.366093399213,0.971584143524735,0.971584143524735
population,15512,13.6442637666667,17.2922857641212,1.02669676724729,1.02669676724729
population,15521,6.56604266666667,7.13494089973768,0.560944366804377,0.560944366804377
population,15522,15.9350949333333,14.4271583443311,0.895756320522712,-0.612180268479535
population,15535,10.2413879666667,10.4119730693967,0.850714252903992,0.850714252903992
population,15553,17.4100562,18.8287648641212,1.02669676724729,1.02669676724729
population,15559,20.4824783666667,21.353809354095,1.04190791826389,1.04190791826389
population,15563,4.11743996666667,4.22730827493442,0.280472183402189,0.280472183402189
population,15587,44.1751028,46.9136999026523,1.6781520535141,1.6781520535141
population,15620,30.4509000333333,31.1565461986884,1.25430973577016,1.25430973577016
population,15640,11.9833155,13.8975722443311,0.895756320522712,0.895756320522712
population,15643,5.31380216666667,5.73139542480326,0.485792071762367,0.485792071762367
population,15644,26.8671922,29.4076437939376,1.12887876219315,1.12887876219315
population,15646,8.0118765,9.30760831952783,0.752585841462099,0.752585841462099
population,15665,5.4126493,5.53886924986884,0.396647565635769,0.396647565635769
population,15669,12.8280039333333,13.4773073944622,0.803150107035793,0.803150107035793
population,15691,13.5143554,17.4406120440688,1.05690016955527,1.05690016955527
population,15695,29.4610279666667,25.6841087535704,1.30953780985511,-2.46738140324119
population,15715,37.1929074333333,33.3008107941999,0.979647220728549,-2.91244941840486
population,15722,15.7827011666667,16.3802311941999,0.979647220728549,0.979647220728549
population,15735,11.983278,13.2607277493442,0.88693091987139,0.88693091987139
population,15743,18.1906008,18.4517405242786,0.930220996476805,0.930220996476805
population,15754,37.6671248666667,39.3004073227047,1.6592958139475,1.6592958139475
population,15759,17.0379303,17.0638010343049,0.913151271160121,0.913151271160121
population,15761,29.6797044333333,29.7802896638589,1.1699422355508,1.1699422355508
population,15772,35.7385865666667,34.8403705591081,1.03433030556419,0.136114298005641
population,15822,17.9403561333333,18.8010034841737,0.995577488368498,0.995577488368498
population,15829,23.4655750333333,25.1627443039639,1.1148548791057,1.1148548791057
population,15832,19.1756299666667,25.4211736833867,1.39109679149038,1.39109679149038
population,15834,40.801583,38.9101513132031,1.46813190522838,-0.423299781568505
population,15836,32.4534868333333,30.8152229986884,1.25430973577016,-0.38395409887476
population,15838,31.5225162666667,28.8275362941999,0.979647220728549,-1.71533275173819
population,15839,22.5398355,26.0120039886622,1.26679073706464,1.26679073706464
population,15840,29.7628225,33.1670760137278,1.23535182270088,1.23535182270088
population,15855,23.6217565666667,26.2346243485573,1.31553114922171,1.31553114922171
population,15858,31.3234885333333,33.3468895984261,1.37402747275933,1.37402747275933
population,15859,30.8238412666667,34.7623610184786,1.35093292926313,1.35093292926313
population,15867,42.363184,43.3228694836491,1.27298534973709,1.27298534973709
population,15868,17.0895242,18.3942539493442,0.88693091987139,0.88693091987139
population,15898,25.5391354666667,26.3892274891868,0.987644473590395,0.987644473590395
population,15933,6.864232,8.95061881952783,0.752585841462099,0.752585841462099
population,15944,20.8470376333333,21.7931569791606,1.00344778861613,1.00344778861613
population,15946,52.3904670666667,56.2076796981638,1.48411929390698,1.48411929390698
population,15959,103.869686833333,103.14101335701,1.89396616712259,1.1652926907988
population,15963,5.46695156666667,5.81528083482949,0.452247806763302,0.452247806763302
population,15971,9.02903213333333,10.9120265794229,0.832014952887892,0.832014952887892
population,15987,14.2311480333333,15.9342794493442,0.88693091987139,0.88693091987139
population,15999,6.03159213333333,6.08528172981638,0.469319728814691,0.469319728814691
population,16007,12.5305632,15.0980398941999,0.979647220728549,0.979647220728549
population,16009,49.0942241666667,54.3881392517342,1.97926737809399,1.97926737809399
population,16011,11.194859,11.6071578145147,0.762966826213102,0.762966826213102
population,16018,27.4066331666667,30.9512939535704,1.30953780985511,1.30953780985511
population,16031,5.9355927,6.11230062981638,0.469319728814691,0.469319728814691
population,16040,24.8037015333333,28.2245667387933,1.20309163416092,1.20309163416092
population,16061,17.3435151333333,17.5731876095016,0.773208449924192,0.773208449924192
population,16065,14.4600321,15.5092508894491,0.812885615301491,0.812885615301491
population,16086,23.4042024,24.3130030841737,0.995577488368498,0.995577488368498
population,16091,22.6979935333333,23.5871188641212,1.02669676724729,1.02669676724729
population,16097,18.8931448333333,20.0320802142524,0.946983083561294,0.946983083561294
population,16137,20.6140237666667,21.1012568242786,0.930220996476805,0.930220996476805
population,16148,41.0819133333334,43.7725723533081,1.42462200533674,1.42462200533674
population,16152,18.2430553333333,20.4231796290294,1.07899803327132,1.07899803327132
population,16170,16.95536,15.0911028546196,0.675466464631567,-1.1887906807488
population,16180,5.9872895,7.53544535963276,0.663718325578999,0.663718325578999
population,16184,36.9560147333334,42.0606964825998,1.69679875979549,1.69679875979549
population,16197,34.6046204,34.1899629037015,1.24802242933184,0.833364933033363
population,16199,23.8870225,25.4369400538327,1.18331343810106,1.18331343810106
population,16205,28.2423272333333,32.5170022132031,1.46813190522838,1.46813190522838
population,16214,18.9032834333333,20.3715728042262,0.96345358934212,0.96345358934212
population,16219,11.0218204,11.2966631543573,0.878016815039115,0.878016815039115
population,16229,21.1467886666667,23.0742016490819,1.04943081681142,1.04943081681142
population,16238,36.336042,36.1008733182162,1.46276394610239,1.22759526431863
population,16239,9.34674496666667,10.6832150944622,0.803150107035793,0.803150107035793
population,16244,38.5844492333333,35.4699023686097,1.29139091217287,-1.82315595255075
population,16245,43.1937051333333,42.3545792786359,1.2791499637563,0.440024109058903
population,16260,26.1244967666667,29.237373538531,1.327436651158,1.327436651158
population,16264,17.7084752,19.4232417939376,1.12887876219315,1.12887876219315
population,16273,36.1027395666667,35.7396953535704,1.30953780985511,0.946493596758817
population,16296,13.8962427,11.8920915145147,0.762966826213102,-1.24118435927219
population,16303,31.8709499,31.4278944989507,1.12188873360875,0.67883333255948
population,16322,30.8077783666667,33.9126161485573,1.31553114922171,1.31553114922171
population,16327,23.1565373666667,24.045538354095,1.04190791826389,1.04190791826389
population,16345,29.6736532666667,28.3268934195278,0.752585841462099,-0.594174005676739
population,16349,23.2338061666667,25.1650140738852,1.15641643721483,1.15641643721483
population,16357,24.5370344,27.8832667783736,1.39674020935437,1.39674020935437
population,16358,20.6304239666667,20.3781861145147,0.762966826213102,0.510728974061145
population,16371,20.0779613333333,20.3006627744098,0.841416550206566,0.841416550206566
population,16375,25.4080804,26.5724170190032,1.09348187642427,1.09348187642427
population,16399,16.3450805,18.6567271190032,1.09348187642427,1.09348187642427
population,16400,30.3034216333333,33.3674808037015,1.24802242933184,1.24802242933184
population,16401,23.7281506666667,22.6073086741475,1.01125683859793,-0.109585153921268
population,16414,19.3463364,21.1021359738852,1.15641643721483,1.15641643721483
population,16445,14.3282479,14.0613866643836,0.859911431036055,0.593050195419605
population,16462,59.7877338,60.0890070380064,1.54641689984838,1.54641689984838
population,16463,34.8702725,35.2585859635966,1.29746807944364,1.29746807944364
population,16468,18.6873548333333,19.592889154095,1.04190791826389,1.04190791826389
population,16479,23.7376931,25.8512406037015,1.24802242933184,1.24802242933184
population,16486,22.6574187666667,22.940406623754,1.22254990392435,1.22254990392435
population,16487,27.5861704666667,27.8237195343049,0.913151271160121,0.913151271160121
population,16494,27.9988718333333,31.7978609285048,1.33923632011028,1.33923632011028
population,16505,24.9593472666667,25.4440491889245,1.13582577399142,1.13582577399142
population,16516,29.6410291333334,29.7580443638589,1.1699422355508,1.1699422355508
population,16537,15.7674339,17.6831395591081,1.03433030556419,1.03433030556419
population,16543,36.6221868333334,38.3129789084523,1.36252913276466,1.36252913276466
population,16550,60.9430958333333,62.5335898282425,1.45196849268573,1.45196849268573
population,16563,34.8807175333333,33.8919389744098,0.841416550206566,-0.147362008716983
population,16564,8.3081153,8.90237618469833,0.60154581708046,0.60154581708046
population,16565,54.8004339666667,51.6611506633343,1.41353528425177,-1.72574801908061
population,16566,14.9740267666667,18.3918606839114,1.14273055354081,1.14273055354081
population,16608,23.4144727333333,21.8494961443311,0.895756320522712,-0.66922026847953
population,16612,7.29800903333333,7.02974261979015,0.501723894308066,0.233457480764878
population,16630,25.0978545666667,21.0933386593704,0.869011276312887,-3.13550463098335
population,16642,11.7686659666667,14.4440629641212,1.02669676724729,1.02669676724729
population,16650,5.8277836,6.32292852480326,0.485792071762367,0.485792071762367
population,16678,6.0390983,6.82659819973768,0.560944366804377,0.560944366804377
population,16688,10.5078558666667,10.9080090496065,0.687013736379663,0.687013736379663
population,16693,4.88924093333333,5.32175052981638,0.469319728814691,0.469319728814691
population,16700,18.6782259333333,21.5314521989507,1.12188873360875,1.12188873360875
population,16739,6.51572376666667,7.81288295963276,0.663718325578999,0.663718325578999
population,16762,7.38039883333333,8.61123335461964,0.675466464631567,0.675466464631567
population,16773,4.82009553333333,5.28138914485573,0.416007476443946,0.416007476443946
population,16783,36.6129769,38.619461423754,1.22254990392435,1.22254990392435
population,16789,23.7523338333333,22.0458933796852,0.614483766408419,-1.09195668723969
population,16803,19.3590336,19.994297339318,0.904495613526603,0.904495613526603
population,16812,8.3179418,7.72212972981638,0.469319728814691,-0.126492341368932
population,16845,28.1977266,25.2554813242786,0.930220996476805,-2.01202427924457
population,16862,8.9025247,10.0972845245409,0.742059646953489,0.742059646953489
population,16863,8.80088153333333,9.12680107968522,0.614483766408419,0.614483766408419
population,16869,7.35139363333333,7.68779926490819,0.331859162789499,0.331859162789499
population,16870,8.10346883333333,7.85508047493442,0.280472183402189,0.0320838250032761
population,16873,20.6249734333333,23.4576635886622,1.26679073706464,1.26679073706464
population,16875,33.5464322333333,33.6865884488196,1.18994269690731,1.18994269690731
population,16896,13.0057173333333,14.8101228145147,0.762966826213102,0.762966826213102
population,16904,32.4021555,36.5750698733605,1.40236091701094,1.40236091701094
population,16906,12.1413706,10.6045075448557,0.416007476443946,-1.12085557870033
population,16912,34.7121049333333,25.8929245799475,0.250861947154033,-8.56831840623177
population,16913,15.8261092,17.0194228891868,0.987644473590395,0.987644473590395
population,16918,23.0062692333333,22.6480976693967,0.850714252903992,0.492542688967327
population,16919,25.2527899,24.9217404337802,1.20961250378808,0.878563037568304
population,16924,6.06001296666667,6.36632018971145,0.588323415235634,0.588323415235634
population,16925,7.00622533333334,6.7965949047508,0.546740938212135,0.337110509629598
population,16926,16.3186990333333,18.0051522939376,1.12887876219315,1.12887876219315
population,16960,17.4313392666667,18.7875233343049,0.913151271160121,0.913151271160121
population,16962,8.82233303333333,8.80295856464587,0.651758457234666,0.632383988547202
population,16967,8.2475893,8.7571072047508,0.546740938212135,0.546740938212135
population,16968,9.41958696666667,11.1346550994754,0.793295131271539,0.793295131271539
population,16972,18.0442490333333,18.5528834543573,0.878016815039115,0.878016815039115
population,16982,5.85312603333333,6.13393661477703,0.517165152782097,0.517165152782097
population,16983,17.1273118,17.5512185693967,0.850714252903992,0.850714252903992
population,16987,18.1975618666667,17.0520118440688,1.05690016955527,-0.0886498530426281
population,16997,5.80512343333333,5.71672004986884,0.396647565635769,0.308244182171276
population,17011,13.0595537333333,12.7608101994754,0.793295131271539,0.494551597413566
population,17018,60.9543087,56.1039884493442,0.88693091987139,-3.96338933078442
population,17026,17.3967314666667,16.9925345493442,0.88693091987139,0.482734002548931
population,17045,7.6859124,8.2055053047508,0.546740938212135,0.546740938212135
population,17058,7.7820066,7.8431095047508,0.546740938212135,0.546740938212135
population,17065,17.4854904666667,19.0542544591081,1.03433030556419,1.03433030556419
population,17086,14.1867886333333,13.1210000493442,0.88693091987139,-0.178857664117739
population,17103,24.2422194,28.2741638485573,1.31553114922171,1.31553114922171
population,17110,8.59072026666667,9.05247544459341,0.698370104677186,0.698370104677186
population,17139,9.67968576666667,10.0335609445934,0.698370104677186,0.698370104677186
population,17191,6.25348953333333,6.35347814485573,0.416007476443946,0.416007476443946
population,17194,38.9760623333333,40.26705430819,1.47348030875271,1.47348030875271
population,17200,22.3310442666667,24.1068922240163,1.08626409539111,1.08626409539111
population,17208,6.92127433333333,5.12007496490819,0.331859162789499,-1.46934020563564
population,17224,55.3119398,55.577262153308,1.42462200533674,1.42462200533674
population,17240,12.8248499333333,15.108125339318,0.904495613526603,0.904495613526603
population,17245,16.1267709666667,19.3952058939376,1.12887876219315,1.12887876219315
population,17246,17.8737213666667,17.8032644242786,0.930220996476805,0.859764054088764
population,17259,5.17627043333333,5.81149901979015,0.501723894308066,0.501723894308066
population,17263,12.4308819,12.7786257897115,0.588323415235634,0.588323415235634
population,17266,45.783644,40.7748796591081,1.03433030556419,-3.97443403532769
population,17280,11.1322807666667,12.6677078643836,0.859911431036055,0.859911431036055
population,17295,11.0819292,12.2537700345672,0.720546085529427,0.720546085529427
population,17302,5.28012523333333,5.50021783482949,0.452247806763302,0.452247806763302
population,17337,8.35400346666667,7.75172169973768,0.560944366804377,-0.0413374001246083
population,17375,27.5711336333333,29.6595439139901,1.10065232621424,1.10065232621424
population,17380,6.3805834,6.93844029472457,0.574796930908684,0.574796930908684
population,17382,15.2176374333333,17.3692088242786,0.930220996476805,0.930220996476805
population,17392,7.46606923333333,7.9157457746721,0.627154867885082,0.627154867885082
population,17393,8.58017686666667,9.36716406464587,0.651758457234666,0.651758457234666
population,17394,8.47332823333333,9.40120474960652,0.687013736379663,0.687013736379663
population,17398,18.5282819666667,16.7825509340425,1.07168270802085,-0.674048324603279
population,17424,6.12237316666667,6.75736839472457,0.574796930908684,0.574796930908684
population,17428,15.5942942,16.0080209192655,0.938639457629381,0.938639457629381
population,17440,5.59096513333333,5.76340573984261,0.434505638156444,0.434505638156444
population,17468,5.71854743333333,6.44954500976391,0.532158551922834,0.532158551922834
population,17478,58.0013043333333,56.107063353308,1.42462200533674,-0.469618974688529
population,17487,5.7389082,6.24897910976391,0.532158551922834,0.532158551922834
population,17508,7.16300396666667,8.14334315963276,0.663718325578999,0.663718325578999
population,17523,11.6020497666667,12.1366628744098,0.841416550206566,0.841416550206566
population,17527,8.72042526666667,8.6140134746721,0.627154867885082,0.520743075890518
population,17528,21.5794259,21.7643516092393,0.955253835210168,0.955253835210168
population,17534,5.03083803333333,4.9692916699213,0.30724188320421,0.24569551979218
population,17555,6.15192016666667,6.39662142981638,0.469319728814691,0.469319728814691
population,17560,26.7325403333333,31.2104623332556,1.44654055408744,1.44654055408744
population,17574,7.9267165,8.93414435461964,0.675466464631567,0.675466464631567
population,17591,19.9333280333333,21.7205863941999,0.979647220728549,0.979647220728549
population,17592,17.3999699666667,19.8323269641212,1.02669676724729,1.02669676724729
population,17595,18.2224720666667,18.1183301744098,0.841416550206566,0.737274657949682
population,17618,7.04672893333333,7.57990448971145,0.588323415235634,0.588323415235634
population,17649,5.6829265,5.56429243482949,0.452247806763302,0.333613741592795
population,17668,6.69450926666667,7.05648249973768,0.560944366804377,0.560944366804377
population,17678,11.0705537333333,10.9517112846983,0.60154581708046,0.48270336844546
population,17683,5.6099563,5.84146723482949,0.452247806763302,0.452247806763302
population,17692,8.81553346666667,10.0044396295541,0.731381973051195,0.731381973051195
population,17721,19.2047277666667,20.3174107992131,0.971584143524735,0.971584143524735
population,17730,9.558295,9.81290886464587,0.651758457234666,0.651758457234666
population,17732,38.31107,31.3695829047508,0.546740938212135,-6.39474615703707
population,17747,5.1755302,5.58885613482949,0.452247806763302,0.452247806763302
population,17755,23.0211218333333,23.5721041591081,1.03433030556419,1.03433030556419
population,17756,9.04703156666667,9.78851972454094,0.742059646953489,0.742059646953489
population,17774,19.8030534333333,18.7908488643836,0.859911431036055,-0.152293137913729
population,17780,12.0403664,12.2240231693967,0.850714252903992,0.850714252903992
population,17785,12.3763549333333,12.4285734195278,0.752585841462099,0.752585841462099
population,17791,16.7459086666667,18.7087877092393,0.955253835210168,0.955253835210168
population,17799,32.3124231666667,33.9657898132031,1.46813190522838,1.46813190522838
population,17803,38.1275716,37.2489531187409,1.22896753281684,0.350349051557707
population,17810,15.0280711,15.1095789044885,0.78331617892563,0.78331617892563
population,17836,13.1293297666667,13.2106689596328,0.663718325578999,0.663718325578999
population,17838,6.10960496666667,6.19122521979015,0.501723894308066,0.501723894308066
population,17840,9.08580666666667,9.83953982454094,0.742059646953489,0.742059646953489
population,17842,9.55616683333333,9.95115334960652,0.687013736379663,0.687013736379663
population,17859,18.9183943333333,20.0378536290294,1.07899803327132,1.07899803327132
population,17885,7.70982136666667,8.56405358971145,0.588323415235634,0.588323415235634
population,17886,6.59055956666667,6.80906979472457,0.574796930908684,0.574796930908684
population,17897,7.03342593333333,7.34702951979015,0.501723894308066,0.501723894308066
population,17904,27.5870101,26.2176128543573,0.878016815039115,-0.491380430603569
population,17914,20.9781263333333,20.7262007292917,0.921725649612629,0.669800045571034
population,17926,27.8021932,31.8284906535704,1.30953780985511,1.30953780985511
population,17928,20.8922468666667,22.7380588891868,0.987644473590395,0.987644473590395
population,17942,29.9038750666667,30.5031759037015,1.24802242933184,1.24802242933184
population,17947,7.55427323333333,9.35411671952783,0.752585841462099,0.752585841462099
population,18012,19.2370741666667,20.3977231591081,1.03433030556419,1.03433030556419
population,18015,5.1938758,5.1694777699213,0.30724188320421,0.282843853125514
population,18019,20.7118698,21.0060035142524,0.946983083561294,0.946983083561294
population,18035,20.9847170333333,23.4473262538327,1.18331343810106,1.18331343810106
population,18037,17.1023174,19.124521139318,0.904495613526603,0.904495613526603
population,18058,26.4890025333333,23.4671757939376,1.12887876219315,-1.89294797720257
population,18062,11.4998700666667,11.7139392095016,0.773208449924192,0.773208449924192
population,18075,22.209214,22.252879608977,1.1077763638629,1.1077763638629
population,18081,23.3916879,24.2249786092393,0.955253835210168,0.955253835210168
population,18086,7.33051673333333,7.8463782746721,0.627154867885082,0.627154867885082
population,18099,7.76461293333333,7.48418952480326,0.485792071762367,0.205368663232295
population,18110,9.0315986,8.22452945963276,0.663718325578999,-0.143350814788247
population,18111,9.83221096666667,7.53655419973768,0.560944366804377,-1.73471240012461
population,18114,7.36544556666667,7.32818081979015,0.501723894308066,0.464459147431544
population,18122,7.79409963333333,9.03549516464587,0.651758457234666,0.651758457234666
population,18129,7.52227286666667,7.31379614986884,0.396647565635769,0.188170848837944
population,18153,33.1690733333333,30.1618098496065,0.687013736379663,-2.32024974734715
population,18160,18.1277255,17.8056961591081,1.03433030556419,0.712300964672309
population,18163,26.0967965,27.2687190037015,1.24802242933184,1.24802242933184
population,18175,11.5785657333333,12.1826682596328,0.663718325578999,0.663718325578999
population,18206,73.0905354,67.0102901493442,0.88693091987139,-5.19331433078442
population,18213,5.20849686666667,6.43526108469833,0.60154581708046,0.60154581708046
population,18218,8.70809573333333,9.64698121451471,0.762966826213102,0.762966826213102
population,18227,4.22613733333333,4.51790296490819,0.331859162789499,0.331859162789499
population,18229,6.28803813333333,6.54770171979015,0.501723894308066,0.501723894308066
population,18249,42.3405506,43.8468437878752,1.5964756557685,1.5964756557685
population,18269,8.6364354,10.3043682044885,0.78331617892563,0.78331617892563
population,18295,32.6487685333333,30.6454230044885,0.78331617892563,-1.22002934991922
population,18308,5.57353263333333,5.49845924986884,0.396647565635769,0.321574182171277
population,18321,18.740781,23.2368584786359,1.2791499637563,1.2791499637563
population,18342,6.09112356666667,5.92675485488196,0.376292920731049,0.211924208946339
population,18352,35.4007360333333,32.6737391184786,1.35093292926313,-1.37606398559165
population,18354,29.0860968333333,28.8744359535704,1.30953780985511,1.09787693009213
population,18367,37.6402845333333,38.2605835783736,1.39674020935437,1.39674020935437
population,18375,14.6098741333333,14.7380886044885,0.78331617892563,0.78331617892563
population,18400,15.4249004666667,16.9732385493442,0.88693091987139,0.88693091987139
population,18401,17.7121094666667,18.5046334591081,1.03433030556419,1.03433030556419
population,18409,10.3725097666667,11.5677998693967,0.850714252903992,0.850714252903992
population,18414,13.5022493,13.3541180643836,0.859911431036055,0.711780195419606
population,18448,42.8042641,42.0312965535704,1.30953780985511,0.536570263425479
population,18459,5.53678936666667,5.59132663984261,0.434505638156444,0.434505638156444
population,18477,14.8468001666667,8.1684514047508,0.546740938212135,-6.13160782370374
population,18486,31.4388952333334,29.4412704387933,1.20309163416092,-0.794533160379085
population,18487,26.6387598,29.0758263939376,1.12887876219315,1.12887876219315
population,18502,5.63386576666667,5.24578606992131,0.30724188320421,-0.0808378135411517
population,18512,43.7977577333333,48.0765756931507,1.48941028856371,1.48941028856371
population,18514,25.0633783,24.8769438337802,1.20961250378808,1.0231780375683
population,18530,30.2619733,30.7930849691343,1.01900604647056,1.01900604647056
population,18553,5.91760923333333,6.17634281979015,0.501723894308066,0.501723894308066
population,18555,7.91367036666667,7.5083266047508,0.546740938212135,0.141397176296266
population,18577,7.3271521,8.30696497968522,0.614483766408419,0.614483766408419
population,18592,5.10001486666667,5.96522711477703,0.517165152782097,0.517165152782097
population,18602,6.74759853333333,6.24142812981638,0.469319728814691,-0.0368506747022653
population,18603,22.7194311333333,24.5463603788983,1.14959386181737,1.14959386181737
population,18606,6.79103216666667,7.63078239472457,0.574796930908684,0.574796930908684
population,18635,12.4981452333333,11.5628337445934,0.698370104677186,-0.236941384062739
population,18641,18.6883842333333,16.7766595641212,1.02669676724729,-0.885027901964811
population,18656,5.7632839,5.64907783984261,0.434505638156444,0.320299577999053
population,18675,5.07301716666667,5.94690941477703,0.517165152782097,0.517165152782097
population,18679,19.6494437666667,23.397318668872,1.16319899647185,1.16319899647185
population,18682,32.1802610666667,33.4062609939376,1.12887876219315,1.12887876219315
population,18686,11.9163822666667,12.2873994145147,0.762966826213102,0.762966826213102
population,18703,8.31964463333333,8.78037215963276,0.663718325578999,0.663718325578999
population,18710,9.3517266,8.56779844459341,0.698370104677186,-0.0855580507294058
population,18723,19.2818783333333,21.638350608977,1.1077763638629,1.1077763638629
population,18724,16.0959629,17.5162346443311,0.895756320522712,0.895756320522712
population,18727,6.7267606,7.16790249472457,0.574796930908684,0.574796930908684
population,18737,5.16934276666667,5.52774703482949,0.452247806763302,0.452247806763302
population,18744,10.8076836333333,10.8967041145147,0.762966826213102,0.762966826213102
population,18758,15.5211423666667,18.814486308977,1.1077763638629,1.1077763638629
population,18770,55.4668627,58.0272335921014,1.86466547623902,1.86466547623902
population,18822,29.1516470333333,33.6620020883999,1.38543038589542,1.38543038589542
population,18828,24.8040219666667,27.8579868438065,1.19653522767009,1.19653522767009
population,18836,23.2784596666667,26.7316756039638,1.1148548791057,1.1148548791057
population,18845,21.8104683333333,23.3040345989507,1.12188873360875,1.12188873360875
population,18862,32.1651614,38.7880715828621,1.60139546914369,1.60139546914369
population,18876,22.6357543333333,24.8031016340425,1.07168270802085,1.07168270802085
population,18884,62.7952771,64.6953123079277,1.57664289010909,1.57664289010909
population,18906,30.3869850333333,31.3767763240163,1.08626409539111,1.08626409539111
population,18907,69.8413556666666,70.9706621628096,1.62092540393562,1.62092540393562
population,18910,19.5170845333333,21.7969828440688,1.05690016955527,1.05690016955527
population,18914,11.0605563666667,12.6348884643836,0.859911431036055,0.859911431036055
population,18929,25.0436965333333,24.2790479744098,0.841416550206566,0.076767991283012
population,18947,34.0770193666667,36.9459221736228,1.28528501077007,1.28528501077007
population,18958,25.5445836333333,26.5987879290294,1.07899803327132,1.07899803327132
population,18968,25.3065355,24.839439239318,0.904495613526603,0.437399352844576
population,18979,31.4296683333333,36.1460263182162,1.46276394610239,1.46276394610239
population,19000,33.6040405666667,34.3553424889245,1.13582577399142,1.13582577399142
population,19005,31.1700257333333,32.5316949287671,1.21609840821084,1.21609840821084
population,19028,26.4370132333333,28.8230603836491,1.27298534973709,1.27298534973709
population,19047,12.9733324,11.2548672245409,0.742059646953489,-0.976405528505566
population,19051,23.0684454333333,25.964991623754,1.22254990392435,1.22254990392435
population,19058,20.6578427666667,22.3124767591081,1.03433030556419,1.03433030556419
population,19091,21.2557111333333,19.562997499213,0.971584143524735,-0.721129490595547
population,19102,38.4827327,38.3384832087146,1.24170328781995,1.09745379653458
population,19105,48.8791144,50.4526656931507,1.48941028856371,1.48941028856371
population,19143,19.1054186,19.5366472390557,1.06431710384567,1.06431710384567
population,19145,29.2799996666667,25.9936487092393,0.955253835210168,-2.33109712221722
population,19157,32.5322992333333,30.4078344889245,1.13582577399142,-0.988638970417411
population,19158,27.3911097333333,32.2766345628096,1.62092540393562,1.62092540393562
population,19224,19.7525774666667,22.2459874190032,1.09348187642427,1.09348187642427
population,19235,24.1028248,21.3516394240163,1.08626409539111,-1.66492128059258
population,19243,10.6693249,11.5313877295541,0.731381973051195,0.731381973051195
population,19246,36.9585077333333,39.9057904675605,1.71065040807318,1.71065040807318
population,19257,29.0804843666667,27.0247902037015,1.24802242933184,-0.807671733633305
population,19269,20.6598717666667,20.7765458092393,0.955253835210168,0.955253835210168
population,19275,19.8351926666667,21.4500796641212,1.02669676724729,1.02669676724729
population,19296,6.9909009,9.45511468944913,0.812885615301491,0.812885615301491
population,19313,55.238141,52.0361383282425,1.45196849268573,-1.7500341790718
population,19315,34.0486132666667,31.7567030686097,1.29139091217287,-1.00051928588408
population,19323,32.8280408666667,30.906170768872,1.16319899647185,-0.758671101322782
population,19351,31.5579419333333,31.742042038531,1.327436651158,1.327436651158
population,19354,26.6744689,29.2866593335179,1.33334953855695,1.33334953855695
population,19356,15.4944243333333,16.2331576440688,1.05690016955527,1.05690016955527
population,19360,7.6538847,8.50144055963276,0.663718325578999,0.663718325578999
population,19368,6.3656505,6.58511741979015,0.501723894308066,0.501723894308066
population,19373,21.5412804666667,21.4909144591081,1.03433030556419,0.983964298005642
population,19389,26.7455116333333,27.3693677485573,1.31553114922171,1.31553114922171
population,19391,23.0703026666667,21.9288797643836,0.859911431036055,-0.281511471247063
population,19403,19.4457103333333,21.3112726340425,1.07168270802085,1.07168270802085
population,19405,26.0650789,28.1438394087146,1.24170328781995,1.24170328781995
population,19421,13.9080339,14.8655636493442,0.88693091987139,0.88693091987139
population,19434,30.5522591666667,30.3432809886622,1.26679073706464,1.05781255906015
population,19441,14.6659191333333,16.201164539318,0.904495613526603,0.904495613526603
population,19460,12.8211854666667,14.1005735744098,0.841416550206566,0.841416550206566
population,19468,24.6585942666667,25.0950832591081,1.03433030556419,1.03433030556419
population,19475,32.9601737666667,32.0258165986884,1.25430973577016,0.319952567791909
population,19504,5.40483406666667,5.61470234986884,0.396647565635769,0.396647565635769
population,19515,48.3578796666667,41.9960623232293,1.4573762152871,-4.90444112815021
population,19547,20.3349008,23.4149073939376,1.12887876219315,1.12887876219315
population,19556,16.0300091333333,17.8614845142524,0.946983083561294,0.946983083561294
population,19561,27.0475742666667,30.9629569984261,1.37402747275933,1.37402747275933
population,19567,26.9565561666667,30.6399748583212,1.41908947179422,1.41908947179422
population,19579,8.81739313333333,11.1856715693967,0.850714252903992,0.850714252903992
population,19591,14.4304806333333,15.7324129841737,0.995577488368498,0.995577488368498
population,19597,6.51628883333333,6.88153239472457,0.574796930908684,0.574796930908684
population,19609,12.7904792,13.2019649593704,0.869011276312887,0.869011276312887
population,19626,25.6096524666667,28.1663313588458,1.17664683047127,1.17664683047127
population,19661,11.2167241666667,10.8798273746721,0.627154867885082,0.290258075890515
population,19665,41.4659462333333,43.7326041430195,1.54132160790803,1.54132160790803
population,19674,9.1904964,9.76849021451471,0.762966826213102,0.762966826213102
population,19677,20.7505675666667,19.7023167095016,0.773208449924192,-0.275042407240881
population,19680,28.6907811666667,32.8103789736228,1.28528501077007,1.28528501077007
population,19690,23.5923551666667,21.9334201691343,1.01900604647056,-0.63992895106176
population,19694,11.0074596666667,11.256994869659,0.639574981878148,0.639574981878148
population,19728,9.8326542,10.8406259443311,0.895756320522712,0.895756320522712
population,19730,11.3228116333333,11.2508001947246,0.574796930908684,0.502785492299915
population,19740,29.9999313666667,31.6128822538327,1.18331343810106,1.18331343810106
population,19743,33.2765216,33.9062632190032,1.09348187642427,1.09348187642427
population,19744,14.182272,14.3626698044885,0.78331617892563,0.78331617892563
population,19747,8.13194516666667,7.79617539472457,0.574796930908684,0.239027158966583
population,19769,14.1152011333333,14.2361135593704,0.869011276312887,0.869011276312887
population,19774,12.9457432666667,11.9215673593704,0.869011276312887,-0.155164630983345
population,19776,21.5331685666667,23.8421364488196,1.18994269690731,1.18994269690731
population,19785,8.9036901,10.2238659345672,0.720546085529427,0.720546085529427
population,19790,23.1821241666667,23.9490061641212,1.02669676724729,1.02669676724729
population,19801,21.8169768666667,22.7557078791606,1.00344778861613,1.00344778861613
population,19812,61.8260895,64.4532717279801,1.55655744718968,1.55655744718968
population,19819,18.6919455666667,20.4476605691344,1.01900604647056,1.01900604647056
population,19838,12.7354217,13.484920439318,0.904495613526603,0.904495613526603
population,19855,14.4414986,14.705537339318,0.904495613526603,0.904495613526603
population,19856,11.4129343333333,11.3401637543573,0.878016815039115,0.805246236063103
population,19859,12.4332551666667,13.9973192092393,0.955253835210168,0.955253835210168
population,19873,13.3330067666667,14.6164419195278,0.752585841462099,0.752585841462099
population,19890,31.5367032,34.7717335833867,1.39109679149038,1.39109679149038
population,19904,21.1032413666667,19.6516935897115,0.588323415235634,-0.863224361719582
population,19919,10.4231501666667,10.7282673395803,0.709544735897112,0.709544735897112
population,19943,14.6122488,16.1926684490819,1.04943081681142,1.04943081681142
population,19946,13.5931730666667,14.6711951643836,0.859911431036055,0.859911431036055
population,19965,34.7946574333333,31.901589708977,1.1077763638629,-1.78529136049348
population,19967,22.6907152666667,25.066877038531,1.327436651158,1.327436651158
population,19970,27.8582199666667,30.8511346683474,1.40795918644407,1.40795918644407
population,19976,21.8805242,21.5299078641212,1.02669676724729,0.676080431368523
population,19977,28.8582354,27.8278810340425,1.07168270802085,0.0413283420633848
population,19981,16.4905773666667,15.5262195646459,0.651758457234666,-0.312599344786131
population,19999,19.9629167666667,19.6021448242786,0.930220996476805,0.569449054088757
population,20005,33.3070488,32.4667743839114,1.14273055354081,0.302456137452193
population,20006,35.6005109,31.4679893134654,1.3567434202899,-2.77577816624465
population,20020,28.8779558666667,23.712191854095,1.04190791826389,-4.12385609430777
population,20022,24.6622895,26.4848100337802,1.20961250378808,1.20961250378808
population,20034,24.6026837666667,25.5825187190032,1.09348187642427,1.09348187642427
population,20054,20.0599898666667,18.9318418641212,1.02669676724729,-0.101451235298142
population,20073,19.9570783666667,18.5406973591081,1.03433030556419,-0.382050701994356
population,20075,26.4710278333333,27.7929238733605,1.40236091701094,1.40236091701094
population,20111,10.2436896333333,11.6310860493442,0.88693091987139,0.88693091987139
population,20112,9.72656713333333,10.3730346095016,0.773208449924192,0.773208449924192
population,20118,35.9510730333333,35.3213232387933,1.20309163416092,0.573341839620916
population,20120,5.8162762,5.37889513984261,0.434505638156444,-0.00287542200094859
population,20122,17.5485707333333,17.8089910891868,0.987644473590395,0.987644473590395
population,20128,44.6521367,39.8776629931507,1.48941028856371,-3.28506341828564
population,20131,35.7962413333333,35.7513854285048,1.33923632011028,1.29438041528172
population,20133,16.5650259,17.0763776443311,0.895756320522712,0.895756320522712
population,20134,33.1775832333333,32.5144465941999,0.979647220728549,0.31651058159515
population,20143,31.8335957333333,33.2559159137278,1.23535182270088,1.23535182270088
population,20163,15.0181263,15.7147910493442,0.88693091987139,0.88693091987139
population,20164,10.8242457333333,10.3627062145147,0.762966826213102,0.30142730739448
population,20169,5.38866043333333,5.72292103984261,0.434505638156444,0.434505638156444
population,20173,14.6356724333333,15.742359884436,0.822505898274634,0.822505898274634
population,20187,41.2176452666667,44.5381066876129,1.69215634682822,1.69215634682822
population,20192,32.9512043333333,30.4179494886622,1.26679073706464,-1.26646410760652
population,20203,17.8872199333333,17.0569223343049,0.913151271160121,0.0828536721316443
population,20212,25.1526417,23.0432443290294,1.07899803327132,-1.03039933769926
population,20228,20.4155605666667,20.3980256192655,0.938639457629381,0.921104510228225
population,20239,31.4012954,30.8484789889245,1.13582577399142,0.583009362915917
population,20253,9.6868002,9.66872704459341,0.698370104677186,0.680296949270594
population,20279,26.1266785666667,25.2642084939376,1.12887876219315,0.266408689464095
population,20294,13.2445823333333,14.6625137493442,0.88693091987139,0.88693091987139
population,20296,48.4457482,40.1976626485573,1.31553114922171,-6.93255440222105
population,20301,24.3901478,25.729977323754,1.22254990392435,1.22254990392435
population,20322,24.9421657333333,25.5090040440688,1.05690016955527,1.05690016955527
population,20323,39.7245136333333,36.3846677285048,1.33923632011028,-2.00060958471827
population,20329,23.1288117666667,25.9084175285048,1.33923632011028,1.33923632011028
population,20330,28.6144936333333,30.7930128287671,1.21609840821084,1.21609840821084
population,20345,28.1089407333333,30.0289028836491,1.27298534973709,1.27298534973709
population,20355,21.1760469333333,22.5102652691344,1.01900604647056,1.01900604647056
population,20356,48.7657328666667,48.0877734530457,1.53108015490348,0.853120741282536
population,20364,17.2798355,20.071203154095,1.04190791826389,1.04190791826389
population,20374,16.7738065666667,19.1716853836491,1.27298534973709,1.27298534973709
population,20390,34.8777764,26.5915961242786,0.930220996476805,-7.35595927924458
population,20396,15.6182453333333,17.6014276591081,1.03433030556419,1.03433030556419
population,20399,29.6359230666667,30.8009318836491,1.27298534973709,1.27298534973709
population,20420,23.1581304333333,23.8934707891868,0.987644473590395,0.987644473590395
population,20436,18.2987446333333,20.8538178939376,1.12887876219315,1.12887876219315
population,20444,23.4389957666667,27.0028266037015,1.24802242933184,1.24802242933184
population,20446,29.1899338666667,30.638312808977,1.1077763638629,1.1077763638629
population,20487,30.0352618,31.2724024340425,1.07168270802085,1.07168270802085
population,20502,14.2689414,15.744652008977,1.1077763638629,1.1077763638629
population,20507,11.0467103666667,11.1379275395803,0.709544735897112,0.709544735897112
population,20526,30.057592,26.5685328846983,0.60154581708046,-2.88751329822121
population,20537,20.9684527666667,24.5194566588458,1.17664683047127,1.17664683047127
population,20549,15.9375954333333,17.6685848292917,0.921725649612629,0.921725649612629
population,20566,22.9816778666667,24.4579948641212,1.02669676724729,1.02669676724729
population,20573,30.9268308,29.5870175443311,0.895756320522712,-0.444056935146199
population,20577,8.60111936666667,9.67036949446225,0.803150107035793,0.803150107035793
population,20593,41.7269816666667,36.9320327543573,0.878016815039115,-3.91693209727023
population,20599,11.0625194333333,12.5949248894491,0.812885615301491,0.812885615301491
population,20617,22.5496473666667,22.7417893641212,1.02669676724729,1.02669676724729
population,20622,31.7537402,34.4697477287671,1.21609840821084,1.21609840821084
population,20648,57.5412002333333,59.1894382683474,1.40795918644407,1.40795918644407
population,20654,25.2527863333333,28.400725478636,1.2791499637563,1.2791499637563
population,20683,18.1388112666667,17.8898902591081,1.03433030556419,0.78540929800565
population,20715,32.6530019666667,35.5526447234917,1.34509733857256,1.34509733857256
population,20729,13.8596789,14.9979806693967,0.850714252903992,0.850714252903992
population,20750,74.6375220666667,68.8739559588458,1.17664683047127,-4.58691927734961
population,20757,25.4953385333333,26.1524788139901,1.10065232621424,1.10065232621424
population,20787,16.7513395333333,18.3634558240163,1.08626409539111,1.08626409539111
population,20808,43.5084059333333,44.7299420485573,1.31553114922171,1.31553114922171
population,20820,28.6745503333333,31.9826084435441,1.32149730749067,1.32149730749067
population,20821,42.0426169666667,40.2581058087146,1.24170328781995,-0.542807870132079
population,20861,19.7830821333333,19.6699445593704,0.869011276312887,0.755873702349989
population,20870,35.9077984666667,35.7502711733605,1.40236091701094,1.24483362370478
population,20879,91.1846546,88.7765896825998,1.69679875979549,-0.711266157604736
population,20920,30.6726992,31.6044176886622,1.26679073706464,1.26679073706464
population,20936,18.3227018666667,18.4189408841737,0.995577488368498,0.995577488368498
population,20948,39.2350578,38.1018635092393,0.955253835210168,-0.177940455550559
population,20960,28.1257957333333,29.1373449037015,1.24802242933184,1.24802242933184
population,20971,21.8718828666667,22.3927378440688,1.05690016955527,1.05690016955527
population,20972,14.3556459333333,16.0837073744098,0.841416550206566,0.841416550206566
population,21014,55.6917727666667,61.3670667414456,2.06485442462697,2.06485442462697
population,21020,20.6949743333333,21.009547568872,1.16319899647185,1.16319899647185
population,21022,16.0933732333333,17.4978565190032,1.09348187642427,1.09348187642427
population,21024,42.2864549333333,39.0370461738852,1.15641643721483,-2.09299232223335
population,21039,24.1921047,22.2064155596328,0.663718325578999,-1.32197081478825
population,21049,76.3693273333334,68.7463125137278,1.23535182270088,-6.38766299690471
population,21053,34.3270119333334,33.3154222139901,1.10065232621424,0.0890626068709783
population,21093,25.0030657333333,24.352090054095,1.04190791826389,0.390932239025563
population,21094,12.3457790666667,13.8511151543573,0.878016815039115,0.878016815039115
population,21107,14.9131579666667,15.6270049891868,0.987644473590395,0.987644473590395
population,21115,26.7812607,28.8894462337802,1.20961250378808,1.20961250378808
population,21125,25.9738622333333,24.9105536493442,0.88693091987139,-0.176377664117737
population,21128,5.91257826666667,6.15546551477703,0.517165152782097,0.517165152782097
population,21132,25.0445521,26.6146565234917,1.34509733857256,1.34509733857256
population,21173,13.5118050666667,15.9600850440688,1.05690016955527,1.05690016955527
population,21176,40.2353996,37.5504531387933,1.20309163416092,-1.48185482704575
population,21182,18.2201482333333,19.6474795490819,1.04943081681142,1.04943081681142
population,21192,27.1877342333333,25.5421013585835,1.30351691446933,-0.34211596028053
population,21194,42.9996562,44.0824406234917,1.34509733857256,1.34509733857256
population,21195,19.3626983333333,20.7757906591081,1.03433030556419,1.03433030556419
population,21239,22.2593861666667,25.2552300087146,1.24170328781995,1.24170328781995
population,21245,22.9167028333333,24.2833831641212,1.02669676724729,1.02669676724729
population,21251,15.1369383333333,14.6814858345672,0.720546085529427,0.265093586763271
population,21259,18.4398168,15.8199516997377,0.560944366804377,-2.05892073345794
population,21262,32.6720323666667,31.8714703240163,1.08626409539111,0.28570205274075
population,21275,6.6269218,6.7616497047508,0.546740938212135,0.546740938212135
population,21287,8.42101723333333,8.58839675461964,0.675466464631567,0.675466464631567
population,21318,7.0810569,7.06592081477703,0.517165152782097,0.502029067559126
population,21322,31.8893990333333,34.9538351986884,1.25430973577016,1.25430973577016
population,21333,21.2167440333333,24.0780552738852,1.15641643721483,1.15641643721483
population,21344,7.48391643333333,7.8456160047508,0.546740938212135,0.546740938212135
population,21354,16.3905993,18.0820159941999,0.979647220728549,0.979647220728549
population,21357,23.6154580666667,26.6484309488196,1.18994269690731,1.18994269690731
population,21373,6.38652956666667,7.1090577746721,0.627154867885082,0.627154867885082
population,21382,8.20882206666667,8.04187623456718,0.720546085529427,0.553600253429936
population,21417,77.862314,76.1592164285048,1.33923632011028,-0.363861251384944
population,21427,37.9266452,39.7731776535704,1.30953780985511,1.30953780985511
population,21460,27.1513798,25.8369603839114,1.14273055354081,-0.17168886254781
population,21464,89.442621,86.7618912580589,1.5259336524262,-1.15479608951493
population,21466,51.6619072666667,49.8660981538327,1.18331343810106,-0.612495674732923
population,21470,13.8607715666667,16.9445095240163,1.08626409539111,1.08626409539111
population,21487,26.8104518333333,28.4576191340425,1.07168270802085,1.07168270802085
population,21491,71.2187819666666,65.0244050493442,0.88693091987139,-5.30744599745107
population,21492,20.6749110666667,21.4378090490819,1.04943081681142,1.04943081681142
population,21494,18.2369121,20.3850547290294,1.07899803327132,1.07899803327132
population,21506,33.1677238666667,31.5792627337802,1.20961250378808,-0.378848629098362
population,21535,13.6023332666667,13.1452524095016,0.773208449924192,0.316127592759117
population,21540,34.2988057,32.5653253490819,1.04943081681142,-0.684049534106699
population,21557,32.68911,34.117498438531,1.327436651158,1.327436651158
population,21564,36.3073947333333,33.3301659738851,1.15641643721483,-1.82081232223335
population,21579,19.6528800666667,18.7103051192655,0.938639457629381,-0.00393548977177782
population,21584,17.6174895,15.5932711691343,1.01900604647056,-1.00521228439509
population,21599,20.4047964666667,20.6203894490819,1.04943081681142,1.04943081681142
population,21609,15.9067931333333,16.0925795994754,0.793295131271539,0.793295131271539
population,21612,19.5006287,19.3187744593704,0.869011276312887,0.687157035683322
population,21622,18.1699319,19.5934705390557,1.06431710384567,1.06431710384567
population,21639,15.7287449333333,16.9607302641212,1.02669676724729,1.02669676724729
population,21647,26.0198443666667,26.963698308977,1.1077763638629,1.1077763638629
population,21653,10.3972742333333,9.31880973958029,0.709544735897112,-0.36891975785593
population,21660,16.4875671,16.6051899044885,0.78331617892563,0.78331617892563
population,21685,25.3770672,26.2546918741475,1.01125683859793,1.01125683859793
population,21708,9.10627646666667,8.62467666965899,0.639574981878148,0.157975184870469
population,21716,35.6208426666667,37.7641813583212,1.41908947179422,1.41908947179422
population,21732,23.1782380666667,24.0596258234917,1.34509733857256,1.34509733857256
population,21733,50.285113,45.2446394686097,1.29139091217287,-3.74908261921742
population,21764,40.5539709,41.6178021179539,1.56663235785126,1.56663235785126
population,21802,29.9376839333333,30.4324971939376,1.12887876219315,1.12887876219315
population,21808,26.4365310666667,28.3322047332556,1.44654055408744,1.44654055408744
population,21832,14.4458842,14.939477939318,0.904495613526603,0.904495613526603
population,21854,37.5284967333333,35.7045099939376,1.12887876219315,-0.695107977202581
population,21866,27.9728635666667,28.440200338531,1.327436651158,1.327436651158
population,21888,12.6994856333333,14.4703520493442,0.88693091987139,0.88693091987139
population,21894,10.0404414333333,10.3854969395803,0.709544735897112,0.709544735897112
population,21901,34.1334593,34.1032398588458,1.17664683047127,1.14642738931707
population,21912,19.9804413333333,22.1864506290294,1.07899803327132,1.07899803327132
population,21916,17.1502596333333,19.1074848137278,1.23535182270088,1.23535182270088
population,21923,8.3034518,8.81841967968522,0.614483766408419,0.614483766408419
population,21925,19.3183565333333,20.5240679744098,0.841416550206566,0.841416550206566
population,21936,32.1756905666667,37.8333561530457,1.53108015490348,1.53108015490348
population,21945,32.4968010666667,30.6025629889245,1.13582577399142,-0.758412303750752
population,21951,34.7309612333333,35.917274293413,1.37974070934718,1.37974070934718
population,21956,33.2152270666667,34.6779698736228,1.28528501077007,1.28528501077007
population,21970,11.0888153333333,11.8766178345672,0.720546085529427,0.720546085529427
population,21983,58.1131393333334,58.5180910575342,1.71982286207211,1.71982286207211
population,21986,21.3020602666667,25.444292038531,1.327436651158,1.327436651158
population,21998,16.8228603666667,19.5146322638589,1.1699422355508,1.1699422355508
population,22035,5.62542676666667,6.07262502480326,0.485792071762367,0.485792071762367
population,22056,16.6386582666667,18.6608392791606,1.00344778861613,1.00344778861613
population,22061,19.3859831333333,21.7709583638589,1.1699422355508,1.1699422355508
population,22069,20.7398672,22.2192898791606,1.00344778861613,1.00344778861613
population,22091,18.8235948333333,21.5339911741475,1.01125683859793,1.01125683859793
population,22093,51.3051432,53.7952225733605,1.40236091701094,1.40236091701094
population,22096,17.0086474,21.8753889438065,1.19653522767009,1.19653522767009
population,22106,28.3307415666667,30.7228524788983,1.14959386181737,1.14959386181737
population,22128,23.2404275,23.1224372242786,0.930220996476805,0.81223072075543
population,22130,14.1780350333333,14.4422055145147,0.762966826213102,0.762966826213102
population,22138,17.3108567666667,17.3761929044885,0.78331617892563,0.78331617892563
population,22139,28.8193149333333,29.9715620836491,1.27298534973709,1.27298534973709
population,22142,4.9218222,6.0840451047508,0.546740938212135,0.546740938212135
population,22157,46.7634795666667,50.4820281580589,1.5259336524262,1.5259336524262
population,22163,16.3776072666667,18.4173532290294,1.07899803327132,1.07899803327132
population,22177,20.2800506333333,24.8909927585835,1.30351691446933,1.30351691446933
population,22183,23.9225456,24.5352201738852,1.15641643721483,1.15641643721483
population,22204,26.9157970333333,26.0300922889245,1.13582577399142,0.250121029582581
population,22236,24.1051940333333,26.1153582538327,1.18331343810106,1.18331343810106
population,22239,31.9795655,30.7991041390557,1.06431710384567,-0.116144257098674
population,22259,13.1877385,13.9450292593704,0.869011276312887,0.869011276312887
population,22272,26.3113818333333,26.9465910037015,1.24802242933184,1.24802242933184
population,22273,16.3301224666667,17.5769855493442,0.88693091987139,0.88693091987139
population,22275,24.7738065333333,21.5599859292917,0.921725649612629,-2.29209495442897
population,22284,10.3586383666667,9.87961053958029,0.709544735897112,0.230516908810737
population,22294,26.2699903666667,25.3554073891868,0.987644473590395,0.0730614961105419
population,22315,14.7871869333333,15.2917612290294,1.07899803327132,1.07899803327132
population,22319,15.89683,16.8095266941999,0.979647220728549,0.979647220728549
population,22343,17.8413806,22.1764459833867,1.39109679149038,1.39109679149038
population,22367,17.2838847333333,16.9658712496065,0.687013736379663,0.369000252652851
population,22376,18.7134149666667,16.6386950443311,0.895756320522712,-1.17896360181287
population,22380,7.1446227,7.27762062981638,0.469319728814691,0.469319728814691
population,22381,16.5610316333333,18.8303479240163,1.08626409539111,1.08626409539111
population,22391,34.2193974333333,34.8615907190032,1.09348187642427,1.09348187642427
population,22395,28.1329905666667,28.1381514287671,1.21609840821084,1.21609840821084
population,22410,12.2405986666667,13.9150187443311,0.895756320522712,0.895756320522712
population,22450,20.7608482666667,23.1027352139901,1.10065232621424,1.10065232621424
population,22455,17.6380758,18.405507368872,1.16319899647185,1.16319899647185
population,22470,13.2355559666667,16.0248319791606,1.00344778861613,1.00344778861613
population,22471,5.3360282,5.67719112981638,0.469319728814691,0.469319728814691
population,22476,56.5273235333334,52.2964615182163,1.46276394610239,-2.76809806901471
population,22491,17.0080364333333,18.8006948192655,0.938639457629381,0.938639457629381
population,22496,20.5420491333333,20.7961144891868,0.987644473590395,0.987644473590395
population,22506,31.3969427666667,33.5305533279802,1.55655744718968,1.55655744718968
population,22516,36.7171041333333,33.5749173187409,1.22896753281684,-1.91321928177563
population,22517,30.2420293,29.380804908977,1.1077763638629,0.246551972839853
population,22518,12.4765854333333,14.863626799213,0.971584143524735,0.971584143524735
population,22526,16.9029303666667,18.2145913791606,1.00344778861613,1.00344778861613
population,22529,13.2358982333333,13.9752566944622,0.803150107035793,0.803150107035793
population,22530,36.9834166,36.4026922591081,1.03433030556419,0.453605964672317
population,22539,30.8566645,31.2499589736228,1.28528501077007,1.28528501077007
population,22541,65.0023771333333,66.317258932731,1.64978687712041,1.64978687712041
population,22556,22.3955288333333,23.6813911340425,1.07168270802085,1.07168270802085
population,22559,15.5421151666667,17.1040381490819,1.04943081681142,1.04943081681142
population,22561,26.0431607333333,25.6705900290294,1.07899803327132,0.70642732896741
population,22574,27.8953015333333,27.4902478240163,1.08626409539111,0.681210386074086
population,22577,15.361937,11.5309728596328,0.663718325578999,-3.16724581478824
population,22586,25.0694708,24.1271223438065,1.19653522767009,0.254186771476541
population,22587,9.49358023333333,9.21349179973768,0.560944366804377,0.280855933208726
population,22599,22.3326356666667,23.0253947593704,0.869011276312887,0.869011276312887
population,22604,54.5519816333334,52.9541898438065,1.19653522767009,-0.401256561856797
population,22606,5.3810532,5.65377312480326,0.485792071762367,0.485792071762367
population,22616,15.7077882333333,16.8706106593704,0.869011276312887,0.869011276312887
population,22617,16.6558949333333,20.8399460485572,1.31553114922171,1.31553114922171
population,22618,57.3634859,60.9860535614981,2.04955899607005,2.04955899607005
population,22669,15.4357187,18.5459082738851,1.15641643721483,1.15641643721483
population,22689,30.0437467666667,30.379707754095,1.04190791826389,1.04190791826389
population,22693,10.2929264,11.3537412496065,0.687013736379663,0.687013736379663
population,22721,20.1121905333333,22.5439468240163,1.08626409539111,1.08626409539111
population,22736,16.0379127333333,17.0646911443311,0.895756320522712,0.895756320522712
population,22737,14.5488967333333,17.389194968872,1.16319899647185,1.16319899647185
population,22754,5.9421864,5.49743233482949,0.452247806763302,0.00749374159279465
population,22769,31.7212172,31.997726899213,0.971584143524735,0.971584143524735
population,22774,13.3731101333333,14.1540965994754,0.793295131271539,0.793295131271539
population,22793,13.9250703333333,14.9489207894491,0.812885615301491,0.812885615301491
population,22819,13.5630719333333,15.2637443593704,0.869011276312887,0.869011276312887
population,22824,9.86218516666667,10.3432653947246,0.574796930908684,0.574796930908684
population,22826,13.4109951333333,12.7428695543573,0.878016815039115,0.209891236063101
population,22833,14.5891276333333,16.6297309190032,1.09348187642427,1.09348187642427
population,22836,21.4094524333333,22.9835346588458,1.17664683047127,1.17664683047127
population,22845,34.1477982,39.9660114129408,1.5716455942098,1.5716455942098
population,22847,62.6496923,57.1680887686097,1.29139091217287,-4.19021261921741
population,22848,21.6469521666667,22.9711471691344,1.01900604647056,1.01900604647056
population,22855,14.1249593333333,14.0253947643836,0.859911431036055,0.760346862086274
population,22866,27.1544890333333,26.656636308977,1.1077763638629,0.609923639506518
population,22890,5.42268086666667,5.20189215488196,0.376292920731049,0.155504208946339
population,22891,9.02119846666667,9.6366545794229,0.832014952887892,0.832014952887892
population,22900,15.3781793,16.425331954095,1.04190791826389,1.04190791826389
population,22902,13.9645296333333,12.3963111245409,0.742059646953489,-0.826158861838899
population,22923,20.7819947333333,22.0339869588458,1.17664683047127,1.17664683047127
population,22928,28.4020292666667,25.0725922741475,1.01125683859793,-2.31818015392126
population,22933,7.77744133333334,8.46063191477703,0.517165152782097,0.517165152782097
population,22942,24.1779645,24.3364470538327,1.18331343810106,1.18331343810106
population,22960,22.4332286333333,21.0179150493442,0.88693091987139,-0.528382664117742
population,22963,6.99516183333333,9.59465428443602,0.822505898274634,0.822505898274634
population,22965,26.8606201333333,23.6878142786359,1.2791499637563,-1.89365589094108
population,23016,5.56803513333333,5.38180573984261,0.434505638156444,0.248276244665718
population,23037,7.62574526666667,7.59155950976391,0.532158551922834,0.497972795020081
population,23046,25.6146348,24.4237805092393,0.955253835210168,-0.235600455550557
population,23050,7.1082428,8.14396865963276,0.663718325578999,0.663718325578999
