model,strike,h,lambda,k,u,n_members,mean_profit,se_profit,mean_loss_ratio,se_loss_ratio,pooled_loss_ratio,median_loss_ratio
population,0.9,8,0,0,0,100,81.6734366015615,3.2041127306192,0,0,0,0
population,0.9,8,0,1,0.0333333333333333,100,79.2645939520486,3.13466934042972,0.030133118416647,0.00446666259412175,0.0294935875083148,0.0168336310510787
population,0.9,8,0,2,0.0666666666666667,100,77.3913614261345,3.12205615964328,0.0545759915848459,0.00748267797960006,0.0524292273425056,0.0341457002856048
population,0.9,8,0,3,0.1,100,75.4176328865512,3.11021205623229,0.0794327573233061,0.0103690565688156,0.0765953286076217,0.0506414297448765
population,0.9,8,0,4,0.133333333333333,100,73.383717350768,3.12970285026596,0.105641432880563,0.0128492533693741,0.101498352410886,0.0739172833853991
population,0.9,8,0,5,0.166666666666667,100,71.5263815776931,3.16149126019393,0.129951807913001,0.0155822369163152,0.124239354263617,0.0874646856194971
population,0.9,8,0,6,0.2,100,69.7695831814578,3.21082718527296,0.153590299644585,0.0184812353535154,0.145749388239605,0.106695291993122
population,0.9,8,0,7,0.233333333333333,100,67.5587042762545,3.29452593913954,0.183643958483928,0.0216216132562977,0.172819130829094,0.132983774622027
population,0.9,8,0,8,0.266666666666667,100,65.6139993248262,3.34355204579886,0.208303464458779,0.023961905271055,0.196629870677295,0.155082027209433
population,0.9,8,0,9,0.3,100,63.8660730520256,3.44000931768887,0.231188602276426,0.0272750295552084,0.2180312754122,0.171019904209252
population,0.9,8,0,10,0.333333333333333,100,62.0653550543677,3.54855982802356,0.25507165997293,0.0301939271721572,0.24007905584836,0.18545920780139
population,0.9,8,0,11,0.366666666666667,100,60.0280492650808,3.66965816183004,0.282687678675526,0.0333822412108373,0.265023589518785,0.216009364876636
population,0.9,8,0,12,0.4,100,57.8605224686436,3.79219547915066,0.310629924579715,0.0366745547422536,0.291562533961778,0.232845699955359
population,0.9,8,0,13,0.433333333333333,100,55.8737430054045,3.90483678165573,0.336538092222289,0.0393957274225228,0.315888429208864,0.248311509389592
population,0.9,8,0,14,0.466666666666667,100,53.8516879112926,4.03144805806323,0.361570458421349,0.0424266642689799,0.340646235152263,0.264917421153306
population,0.9,8,0,15,0.5,100,51.958160019749,4.16972614157626,0.386328761808631,0.0452728086185547,0.363830369068178,0.281213197404414
population,0.9,8,0,16,0.533333333333333,100,49.6955777418624,4.30352687822168,0.414923255669056,0.0482818479700252,0.391533161702268,0.295716170588998
population,0.9,8,0,17,0.566666666666667,100,47.9025547438523,4.44738367177614,0.438407195751586,0.0510689282920599,0.413486725463241,0.310638990432478
population,0.9,8,0,18,0.6,100,46.0036011719029,4.59337325553978,0.462473045808729,0.0539100835417694,0.436737290775109,0.333465805560554
population,0.9,8,0,19,0.633333333333333,100,44.281189821919,4.75155826626865,0.485009423803504,0.0568630830384187,0.457826293780904,0.344709277409075
population,0.9,8,0,20,0.666666666666667,100,42.4575444435066,4.90606551752685,0.509567100152321,0.0599607001165434,0.480154794383969,0.370912736183549
population,0.9,8,0,21,0.7,100,40.3614218567246,5.08743324767314,0.537449147915607,0.0630737430526945,0.505819474039949,0.387434577896458
population,0.9,8,0,22,0.733333333333333,100,38.6847916773746,5.24667895146025,0.559512683943259,0.0656351666559037,0.526347937749996,0.407908009206205
population,0.9,8,0,23,0.766666666666667,100,36.5373992226046,5.41774234696113,0.587197511351125,0.0685242147720696,0.552640359669817,0.415610013199032
population,0.9,8,0,24,0.8,100,34.5711012546443,5.59323017291229,0.612717989887833,0.071314530622785,0.576715481885535,0.425134415059696
population,0.9,8,0,25,0.833333333333333,100,32.5225955531018,5.73461630994909,0.639127634372857,0.0738138138239171,0.601797145970958,0.446371560709426
population,0.9,8,0,26,0.866666666666667,100,30.4689778462791,5.91500781396444,0.665335386590981,0.0769023194274038,0.626941400850805,0.463302690932587
population,0.9,8,0,27,0.9,100,28.2769206229577,6.09041630985306,0.693111853974865,0.0796696369374853,0.653780692969921,0.511022817513716
population,0.9,8,0,28,0.933333333333333,100,26.4571432481758,6.25585505943371,0.717002475361667,0.0823518461574254,0.676061834189184,0.528114035849464
population,0.9,8,0,29,0.966666666666667,100,24.4829874933106,6.42919298234264,0.743079962085727,0.0851746981030209,0.700233166228216,0.546754184993045
population,0.9,8,0,30,1,100,22.8480651185619,6.61171286883785,0.764695347725114,0.0880648465361453,0.720250964459538,0.550334236937773
population,0.9,8,0.25,0,0,100,81.6734366015615,3.2041127306192,0,0,0,0
population,0.9,8,0.25,1,0.0333333333333333,100,78.6769068693116,3.12924905427079,0.0384589426929522,0.00456668494893475,0.0366891593758722,0.0233453085233758
population,0.9,8,0.25,2,0.0666666666666667,100,76.3708447543366,3.12459980726208,0.0685527755347525,0.00786040216991816,0.0649243140470904,0.0467772116954233
population,0.9,8,0.25,3,0.1,100,74.1788611990495,3.13459042952874,0.0972767866566605,0.0107211864671637,0.0917627041834152,0.0673451223547745
population,0.9,8,0.25,4,0.133333333333333,100,71.6692086434145,3.14232752456394,0.129241078233208,0.0139703452366367,0.122490596385114,0.0931496559547097
population,0.9,8,0.25,5,0.166666666666667,100,69.2652639941456,3.18275076902608,0.160955675183751,0.017235891860043,0.151924213351623,0.125190265811335
population,0.9,8,0.25,6,0.2,100,66.977138060524,3.2516738065335,0.191193885744743,0.0205597311023131,0.179939759517314,0.146472442560662
population,0.9,8,0.25,7,0.233333333333333,100,64.7440900931377,3.31030608378953,0.220754323734913,0.0233111018316624,0.20728093750986,0.170908270473538
population,0.9,8,0.25,8,0.266666666666667,100,62.6368373245446,3.40320828465785,0.249077610369706,0.0260169818582854,0.233081893809437,0.188405407393867
population,0.9,8,0.25,9,0.3,100,60.487058964348,3.4874753756267,0.277048429565238,0.029035697002488,0.259403528476093,0.211783427163797
population,0.9,8,0.25,10,0.333333333333333,100,58.4756155734679,3.58415238248535,0.302826220836948,0.0319309251564599,0.284031405966944,0.220872812508456
population,0.9,8,0.25,11,0.366666666666667,100,56.589507301295,3.66779759750918,0.326631990213338,0.0344106077005799,0.307124694931558,0.254932585439877
population,0.9,8,0.25,12,0.4,100,54.3604867322975,3.8175358262704,0.35594359782313,0.0378586566232064,0.334416561929535,0.271588601435848
population,0.9,8,0.25,13,0.433333333333333,100,52.6116877574537,3.95041837465551,0.379262450403975,0.0407185538429618,0.355828651926129,0.279115982728675
population,0.9,8,0.25,14,0.466666666666667,100,50.7271817712893,4.08910509669386,0.403910110132613,0.0433361273449539,0.378902322688361,0.293684729183503
population,0.9,8,0.25,15,0.5,100,48.9704430606752,4.23801974662023,0.426963852267281,0.0463126673771063,0.400411625880587,0.312686023898931
population,0.9,8,0.25,16,0.533333333333333,100,46.8597476886123,4.38680657896865,0.454313304612973,0.0494980310067803,0.42625473301418,0.333245054747934
population,0.9,8,0.25,17,0.566666666666667,100,44.8333638196713,4.50645160182508,0.479514817151736,0.0519703425929055,0.451065539970016,0.341862456057603
population,0.9,8,0.25,18,0.6,100,42.7824986484781,4.66402807094197,0.506591598001123,0.055044398589509,0.476176093125729,0.363586684523761
population,0.9,8,0.25,19,0.633333333333333,100,40.6634740981564,4.8110825268721,0.532857384524455,0.0581440645582486,0.502121181743209,0.393906724189315
population,0.9,8,0.25,20,0.666666666666667,100,38.7267571026851,4.96557458209842,0.558025964846902,0.0609265346984543,0.525834117993455,0.40697373595393
population,0.9,8,0.25,21,0.7,100,37.0700989978296,5.1177719995778,0.580069796679389,0.0635936870201839,0.546118045960603,0.436107549667587
population,0.9,8,0.25,22,0.733333333333333,100,35.3230870148113,5.26050016507947,0.602320039329354,0.066161978586765,0.567508256238407,0.451146293392934
population,0.9,8,0.25,23,0.766666666666667,100,33.6314582399428,5.40714786493067,0.624275085652578,0.068779375699767,0.588220360996788,0.468309474903825
population,0.9,8,0.25,24,0.8,100,32.0240154326391,5.5946925531481,0.645469776697379,0.0718290526799074,0.607901702620081,0.498738365031644
population,0.9,8,0.25,25,0.833333333333333,100,30.4926582769239,5.75371034463201,0.665666447825341,0.0743986187099054,0.626651460429168,0.508932284033757
population,0.9,8,0.25,26,0.866666666666667,100,28.7425344468617,5.92464698815493,0.688342626065805,0.0773344695207727,0.648079771798017,0.508932284033757
population,0.9,8,0.25,27,0.9,100,27.2053706110541,6.08851359310288,0.708057162346266,0.080083152517557,0.666900625918636,0.511696845564275
population,0.9,8,0.25,28,0.933333333333333,100,25.4951893672836,6.27000803342393,0.730419358399679,0.0827794842668761,0.687839884935169,0.52934294748952
population,0.9,8,0.25,29,0.966666666666667,100,24.0455354898209,6.44976935497129,0.748961440245474,0.0853684507882193,0.705589277366576,0.546754184993045
population,0.9,8,0.25,30,1,100,22.8480651185619,6.61171286883785,0.764695347725114,0.0880648465361453,0.720250964459538,0.550334236937773
population,0.9,8,0.5,0,0,100,81.6734366015615,3.2041127306192,0,0,0,0
population,0.9,8,0.5,1,0.0333333333333333,100,78.172900281157,3.12707197734739,0.0448503135033426,0.00460048311979228,0.0428601570603878,0.0321676890973955
population,0.9,8,0.5,2,0.0666666666666667,100,75.0328728082287,3.11231880939129,0.0859852785249201,0.00828263724824348,0.0813062859804515,0.0662615339430638
population,0.9,8,0.5,3,0.1,100,72.4168575886049,3.14341144356648,0.121409413385585,0.0117342761385123,0.113336470193047,0.0965803308302151
population,0.9,8,0.5,4,0.133333333333333,100,69.6453171502116,3.16699110289143,0.157738220521125,0.0150799086222026,0.147270886984078,0.120483822704762
population,0.9,8,0.5,5,0.166666666666667,100,66.9853659149549,3.21366547523213,0.192810012919799,0.0178256465857205,0.179839018630517,0.154592062401467
population,0.9,8,0.5,6,0.2,100,64.4555507452655,3.25254964643297,0.224826167998454,0.0209216670274381,0.210813779519189,0.184427502030373
population,0.9,8,0.5,7,0.233333333333333,100,61.8276420593945,3.32679551918937,0.258224642783909,0.0244014834541227,0.242989585940695,0.20264813560077
population,0.9,8,0.5,8,0.266666666666667,100,59.4870523033458,3.39426204077026,0.288855941542361,0.0271354621557917,0.271647493008657,0.236808608811102
population,0.9,8,0.5,9,0.3,100,57.3140511674585,3.49596748096029,0.317403549859666,0.0301416270727674,0.298253464623249,0.256715642939413
population,0.9,8,0.5,10,0.333333333333333,100,55.0667274559165,3.60293270303959,0.347069798586385,0.0332177068391514,0.325769433156634,0.277971821009589
population,0.9,8,0.5,11,0.366666666666667,100,53.0123309378599,3.72402935736297,0.373661826611443,0.0361858109972825,0.35092322371009,0.304484816018774
population,0.9,8,0.5,12,0.4,100,50.9961582834811,3.85267165473714,0.399962552295487,0.0392013634441336,0.375609005749782,0.313941893505998
population,0.9,8,0.5,13,0.433333333333333,100,49.0759641232871,3.99182227381319,0.425400297037282,0.0422951547658052,0.399119638338461,0.331464329607129
population,0.9,8,0.5,14,0.466666666666667,100,46.9257287985846,4.11801454155724,0.453285590684598,0.045258853296816,0.425446868025051,0.3645106213205
population,0.9,8,0.5,15,0.5,100,44.7916727011243,4.25319351649735,0.480591887655257,0.0481932343671272,0.451576001146646,0.375363134750269
population,0.9,8,0.5,16,0.533333333333333,100,42.9920492137245,4.39650971949188,0.504102483230704,0.0511035245082643,0.47361038052729,0.390282903229789
population,0.9,8,0.5,17,0.566666666666667,100,41.0533764979234,4.52698488273186,0.528034917357652,0.053443314110159,0.497347262388387,0.429239199759148
population,0.9,8,0.5,18,0.6,100,39.284678723611,4.67611655018808,0.550559419981961,0.0561035318765177,0.519002990957038,0.440478364146224
population,0.9,8,0.5,19,0.633333333333333,100,37.7292840108631,4.81398682739263,0.570931989376938,0.0584877296382108,0.538047061801466,0.455052510317486
population,0.9,8,0.5,20,0.666666666666667,100,36.1541712701597,4.96766129857527,0.591363821995459,0.0611759251116641,0.557332557872697,0.476830819126429
population,0.9,8,0.5,21,0.7,100,34.4994767155817,5.13951679581679,0.612742026084979,0.0641714275931942,0.57759244436003,0.482783218186353
population,0.9,8,0.5,22,0.733333333333333,100,33.0960631392043,5.29951795820239,0.630549649944822,0.066800420192953,0.594775675956171,0.495646105282789
population,0.9,8,0.5,23,0.766666666666667,100,31.5471640085685,5.44812645178655,0.6513538364234,0.0694582016289248,0.613740215653355,0.502581784192765
population,0.9,8,0.5,24,0.8,100,30.0278146018997,5.62130762697979,0.67103597014482,0.072305721240578,0.632342951988314,0.510871858667336
population,0.9,8,0.5,25,0.833333333333333,100,28.5820705274743,5.79885987816472,0.690286989931944,0.0751603595933868,0.650044473248872,0.53045711955552
population,0.9,8,0.5,26,0.866666666666667,100,27.2665729893983,5.97963905564174,0.707933638902706,0.0780207535640089,0.666151271160335,0.53045711955552
population,0.9,8,0.5,27,0.9,100,26.0108455469202,6.13204308782656,0.724037095404786,0.0805058289392072,0.68152625101583,0.538548071248386
population,0.9,8,0.5,28,0.933333333333333,100,24.8646256680882,6.29270195675261,0.739218736011983,0.0830922122421224,0.695560433077053,0.546545091822534
population,0.9,8,0.5,29,0.966666666666667,100,23.8025645466869,6.45654216066851,0.752217553753072,0.0854507875706249,0.708564185160884,0.546754184993045
population,0.9,8,0.5,30,1,100,22.8480651185619,6.61171286883786,0.764695347725114,0.0880648465361453,0.720250964459538,0.550334236937773
population,0.9,8,0.75,0,0,100,81.6734366015615,3.2041127306192,0,0,0,0
population,0.9,8,0.75,1,0.0333333333333333,100,77.3670574834522,3.11583100492706,0.0553639016127507,0.00453166151147837,0.0527268019725646,0.0503268176326776
population,0.9,8,0.75,2,0.0666666666666667,100,73.5753335028853,3.09842397880386,0.105098244310506,0.00817860131460224,0.0991522266680446,0.0877623315056978
population,0.9,8,0.75,3,0.1,100,70.1325252716232,3.11365348100242,0.15068939112287,0.0118097928919603,0.141305567760542,0.126173622614224
population,0.9,8,0.75,4,0.133333333333333,100,67.1950007804352,3.13783511636279,0.189137730540406,0.0152906345186,0.177272273869881,0.158433441819372
population,0.9,8,0.75,5,0.166666666666667,100,64.2066832475118,3.14795992359143,0.226961260840133,0.0185528520336889,0.213860884038223,0.192875164914877
population,0.9,8,0.75,6,0.2,100,61.2809433514917,3.21089540742975,0.264746753971849,0.0219630355588091,0.249683300943405,0.215730230313792
population,0.9,8,0.75,7,0.233333333333333,100,58.5677745517834,3.28665417218018,0.300579548468295,0.0250149021189066,0.282903022221259,0.242963563202021
population,0.9,8,0.75,8,0.266666666666667,100,56.0188748272037,3.38702423816673,0.33399032551629,0.0283001212816779,0.314111452166656,0.266088254696822
population,0.9,8,0.75,9,0.3,100,53.7193516645475,3.46085467583095,0.363255077764735,0.0310231902312058,0.342266544670897,0.293858191388681
population,0.9,8,0.75,10,0.333333333333333,100,51.3438110056741,3.59050071740276,0.395238455210296,0.0343402191139084,0.371352386502952,0.309760558187115
population,0.9,8,0.75,11,0.366666666666667,100,49.2230902620884,3.70766545816063,0.423134084489618,0.0372365360747884,0.397318243112261,0.349033597956613
population,0.9,8,0.75,12,0.4,100,47.213499074489,3.84411023614734,0.449392734923053,0.0399985114542974,0.421923442442896,0.371365081334324
population,0.9,8,0.75,13,0.433333333333333,100,45.1929411301565,3.98091545645853,0.475891723921817,0.0428434896022134,0.446662917459599,0.402059256638508
population,0.9,8,0.75,14,0.466666666666667,100,43.1866586618055,4.13130229454442,0.501331514845216,0.0457436680386366,0.471227605218956,0.418458603914719
population,0.9,8,0.75,15,0.5,100,41.2371422891682,4.28149171755434,0.526549831480051,0.0486520914885849,0.495097255545387,0.434579890229886
population,0.9,8,0.75,16,0.533333333333333,100,39.6297468337046,4.43428126182947,0.547581722333568,0.0515823131631797,0.514778017398291,0.455237876025313
population,0.9,8,0.75,17,0.566666666666667,100,37.9321297686916,4.59342440553762,0.569101163080935,0.0544710996900831,0.535563442080428,0.468393739369426
population,0.9,8,0.75,18,0.6,100,36.5382879304718,4.74399559602511,0.58745261242418,0.0571214227845321,0.552629478434691,0.479214454368055
population,0.9,8,0.75,19,0.633333333333333,100,34.9298778694829,4.89025385797423,0.608307484528647,0.0597938478435049,0.572322662998913,0.486917516532355
population,0.9,8,0.75,20,0.666666666666667,100,33.4848570919957,5.0475780909033,0.627077853207037,0.0626887389009768,0.590015328296403,0.497840989961621
population,0.9,8,0.75,21,0.7,100,32.1005873953038,5.21980979494557,0.645073139185574,0.0655934656052386,0.606964164469968,0.500071080653625
population,0.9,8,0.75,22,0.733333333333333,100,30.8953339916571,5.37529177747472,0.660895297868162,0.0682900508050696,0.621721146100684,0.508546337032218
population,0.9,8,0.75,23,0.766666666666667,100,29.5164478154907,5.54591716416732,0.678887599909927,0.0709045682641699,0.638604067078935,0.527364859806665
population,0.9,8,0.75,24,0.8,100,28.3669988667153,5.70610475099461,0.693917355054299,0.0735361138414325,0.652677785494666,0.53045711955552
population,0.9,8,0.75,25,0.833333333333333,100,27.1756991743633,5.87018776274055,0.709350951862234,0.0762940941750095,0.667263919517209,0.539113133952491
population,0.9,8,0.75,26,0.866666666666667,100,26.059221708821,6.03583742073793,0.723563109681333,0.0788886698898824,0.680933938950687,0.543111937057586
population,0.9,8,0.75,27,0.9,100,24.9940420551486,6.20743994063242,0.737215710432245,0.0815497723295518,0.693975873978704,0.543837476381627
population,0.9,8,0.75,28,0.933333333333333,100,24.183893187686,6.34135469138003,0.747406188711596,0.0837029128754612,0.703895241905082,0.546545091822534
population,0.9,8,0.75,29,0.966666666666667,100,23.4738707654989,6.47711840233467,0.756692703255901,0.0859814039438138,0.7125886733527,0.548997867289773
population,0.9,8,0.75,30,1,100,22.8480651185619,6.61171286883785,0.764695347725114,0.0880648465361453,0.720250964459538,0.550334236937773
population,0.9,8,0.9,0,0,100,81.6734366015615,3.2041127306192,0,0,0,0
population,0.9,8,0.9,1,0.0333333333333333,100,76.6263028071215,3.09233318359825,0.0643738835076467,0.00467143744829544,0.061796515543507,0.0562047596620057
population,0.9,8,0.9,2,0.0666666666666667,100,72.3547306451412,3.07232018593798,0.120862349654828,0.00831836208117347,0.114097145218476,0.105761540824858
population,0.9,8,0.9,3,0.1,100,68.684477315177,3.06515990233844,0.168420192441936,0.0119571332749959,0.159035297482954,0.145471899685464
population,0.9,8,0.9,4,0.133333333333333,100,65.4230624380713,3.07259596794843,0.210800969499519,0.0153279208955136,0.198967679574531,0.179225621427004
population,0.9,8,0.9,5,0.166666666666667,100,62.2941066390368,3.12767835382368,0.252523279342653,0.0187717669905484,0.23727824821509,0.211323373736681
population,0.9,8,0.9,6,0.2,100,59.5070286483688,3.19252430027046,0.288511337040866,0.0221453723515835,0.271402904977906,0.245399374322782
population,0.9,8,0.9,7,0.233333333333333,100,56.7120084642118,3.27051317981777,0.32501944011299,0.0253705087553333,0.305624805028377,0.26983706288124
population,0.9,8,0.9,8,0.266666666666667,100,54.0027089504111,3.36862138074311,0.360062568675208,0.0286464175637162,0.338797151222377,0.299460377578157
population,0.9,8,0.9,9,0.3,100,51.646127318042,3.485178204462,0.391269752075848,0.0317458727112261,0.367650860952573,0.322217451520625
population,0.9,8,0.9,10,0.333333333333333,100,49.3053669601098,3.6142636308769,0.421604925476241,0.0348714732079007,0.396310856850034,0.350369701444376
population,0.9,8,0.9,11,0.366666666666667,100,47.1931004565565,3.73660533395609,0.448746267899292,0.0377955298931603,0.422173200733735,0.367495331973641
population,0.9,8,0.9,12,0.4,100,45.0916327441512,3.86900774937917,0.47634029535765,0.0408328283061962,0.447903325482338,0.393339963003622
population,0.9,8,0.9,13,0.433333333333333,100,43.1890492967887,4.01327223338016,0.501600764564589,0.0436288889854735,0.471198334563983,0.416657461138836
population,0.9,8,0.9,14,0.466666666666667,100,41.4040110675509,4.15964272701653,0.524753692161792,0.0464956093845767,0.493054133750515,0.437170031007481
population,0.9,8,0.9,15,0.5,100,39.6140513550039,4.31825565610095,0.548079642218784,0.0494730972152135,0.514970191002756,0.459621055851701
population,0.9,8,0.9,16,0.533333333333333,100,37.9580340291458,4.4624386359212,0.569279296453521,0.0521954084204289,0.535246273346846,0.470143730155851
population,0.9,8,0.9,17,0.566666666666667,100,36.4278343701408,4.61661582813383,0.589360845327816,0.0548996409130321,0.55398185890167,0.476354931619461
population,0.9,8,0.9,18,0.6,100,34.6864976265261,4.7893687039343,0.611805528083756,0.0580363464536587,0.575302582212355,0.495235111825694
population,0.9,8,0.9,19,0.633333333333333,100,33.1948792653309,4.95176373801845,0.63095573082281,0.0609145823036076,0.593565782871731,0.507729350460245
population,0.9,8,0.9,20,0.666666666666667,100,31.8043064100531,5.12850191882279,0.64927523537966,0.0639218126519267,0.610591794181401,0.519256504016567
population,0.9,8,0.9,21,0.7,100,30.567448565696,5.29216234850939,0.665365985013534,0.0666643514836969,0.625735736885698,0.525409084529314
population,0.9,8,0.9,22,0.733333333333333,100,29.350314723128,5.45664799190993,0.680620758720236,0.0693218169373032,0.640638181220271,0.536684723139587
population,0.9,8,0.9,23,0.766666666666667,100,28.2478438487689,5.61142917551578,0.69506928929337,0.0719049234694062,0.65413670559041,0.539776982888441
population,0.9,8,0.9,24,0.8,100,27.1481814718722,5.77026468201068,0.709289352521513,0.0745091172756599,0.667600843046279,0.543111937057586
population,0.9,8,0.9,25,0.833333333333333,100,26.2073377358236,5.92321252302983,0.721234950115226,0.0768873865469416,0.679120423649193,0.545819552498493
population,0.9,8,0.9,26,0.866666666666667,100,25.3564281796082,6.07361613505137,0.732014512734737,0.0792871645388772,0.689538860678682,0.546545091822534
population,0.9,8,0.9,27,0.9,100,24.6418020904908,6.21187679380753,0.741489618316332,0.081627550308016,0.698288658885456,0.546545091822534
population,0.9,8,0.9,28,0.933333333333333,100,23.906007200061,6.35885286875932,0.75093928087145,0.0840068581222456,0.707297645418242,0.548788774119262
population,0.9,8,0.9,29,0.966666666666667,100,23.2751673395056,6.50047208223408,0.758989856127514,0.0861351658689307,0.715021574847499,0.548997867289773
population,0.9,8,0.9,30,1,100,22.8480651185619,6.61171286883785,0.764695347725114,0.0880648465361452,0.720250964459538,0.550334236937773
population,0.9,8,1,0,0,100,81.6734366015615,3.2041127306192,0,0,0,0
population,0.9,8,1,1,0.0333333333333333,100,76.013028462743,3.08356954771084,0.0727394443685528,0.00490339592636042,0.0693053748482809,0.0617664588069706
population,0.9,8,1,2,0.0666666666666667,100,71.68852353393,3.05606616248101,0.12983004658831,0.00856183322608237,0.122254107125947,0.113404007903278
population,0.9,8,1,3,0.1,100,67.8529753547391,3.04961552169661,0.180010544228153,0.012097919286305,0.169216110180898,0.157567378319894
population,0.9,8,1,4,0.133333333333333,100,64.3575602109328,3.06887791484312,0.225494267063623,0.0155898353747127,0.212013564154317,0.193756661328845
population,0.9,8,1,5,0.166666666666667,100,61.1478215599582,3.11816625609413,0.267416145815931,0.0189976931126322,0.251313228580501,0.228274951573438
population,0.9,8,1,6,0.2,100,58.1285318038669,3.1882289567498,0.306768974950793,0.0223746312368596,0.288281059024819,0.265628903963062
population,0.9,8,1,7,0.233333333333333,100,55.3406142770813,3.27556722431016,0.343147721118472,0.02567174970207,0.322415994969615,0.294772821873587
population,0.9,8,1,8,0.266666666666667,100,52.7313505880946,3.3759485357489,0.377224981867713,0.02890272637491,0.354363514231181,0.316249211883999
population,0.9,8,1,9,0.3,100,50.2552153935999,3.49074622200753,0.409625434057309,0.0321087279968546,0.384681023785412,0.339513559410101
population,0.9,8,1,10,0.333333333333333,100,47.932567627091,3.61465607123071,0.439903544959213,0.0352637267425122,0.413119251233092,0.365615145392532
population,0.9,8,1,11,0.366666666666667,100,45.7359528295467,3.74901795840413,0.468580008928656,0.0384014412617697,0.440014345757648,0.389836432468005
population,0.9,8,1,12,0.4,100,43.6495264516216,3.89089557105999,0.495731712716087,0.0414809385144108,0.465560306167071,0.41355154903998
population,0.9,8,1,13,0.433333333333333,100,41.6935548195244,4.03760401983222,0.521097485985615,0.0444848193416637,0.489508993934911,0.435505559548868
population,0.9,8,1,14,0.466666666666667,100,39.8439124044834,4.19117395413651,0.545054056333983,0.0474739413949798,0.512155799212181,0.450603946684147
population,0.9,8,1,15,0.5,100,38.110624034258,4.34759435544076,0.567462360325424,0.0504215293138365,0.53337797918094,0.460747437614715
population,0.9,8,1,16,0.533333333333333,100,36.463088616295,4.50555955278747,0.588719042164726,0.0533072063357288,0.55355021003735,0.475738327713584
population,0.9,8,1,17,0.566666666666667,100,34.9201163278774,4.66718883255758,0.608622331894395,0.0561585603335883,0.572442182171997,0.495332834137195
population,0.9,8,1,18,0.6,100,33.4629283078607,4.83070057076365,0.627473143864534,0.0589623027383579,0.590283821763159,0.513455673910657
population,0.9,8,1,19,0.633333333333333,100,32.0992762281684,4.99698616492484,0.645108571339002,0.0617392747951601,0.606980218246936,0.527762227920114
population,0.9,8,1,20,0.666666666666667,100,30.8245228460259,5.1633346042471,0.661522711823415,0.0644722743305226,0.622588149481191,0.534311151076445
population,0.9,8,1,21,0.7,100,29.6391179153029,5.32668964995816,0.676737444854661,0.0671420643957192,0.637102108732176,0.540338144280454
population,0.9,8,1,22,0.733333333333333,100,28.5402571605433,5.48783741175871,0.690862841552468,0.0697598679508442,0.650556431220409,0.542020665185169
population,0.9,8,1,23,0.766666666666667,100,27.5306772964575,5.64525876572408,0.703818145097802,0.0723112994071426,0.662917608931235,0.544721514708867
population,0.9,8,1,24,0.8,100,26.5948548242026,5.80087848495375,0.715793821445948,0.0748285738421509,0.674375709767867,0.546935640055376
population,0.9,8,1,25,0.833333333333333,100,25.7585162967798,5.95171084769399,0.726584433459832,0.077277732236091,0.68461574082598,0.548272009703376
population,0.9,8,1,26,0.866666666666667,100,24.9936849728668,6.09959614899511,0.736512058303655,0.07967598556777,0.693980246052375,0.549399604443221
population,0.9,8,1,27,0.9,100,24.3042807398318,6.24531645119868,0.745474625347454,0.0820259014069803,0.702421230804837,0.550125143767262
population,0.9,8,1,28,0.933333333333333,100,23.7135288096621,6.38003973145601,0.753146364968159,0.0841684428252525,0.709654328305701,0.550334236937773
population,0.9,8,1,29,0.966666666666667,100,23.2159398021895,6.50447224242196,0.759740572534524,0.0862066880651145,0.715746749883357,0.550334236937773
population,0.9,8,1,30,1,100,22.8480651185619,6.61171286883786,0.764695347725114,0.0880648465361453,0.720250964459538,0.550334236937773
population,1,8,0,0,0,100,34.1335024874128,0.858151539735388,0,0,0,0
population,1,8,0,1,0.0333333333333333,100,32.9035012385474,0.922469750766965,0.0372511336005683,0.0100647900867154,0.036035014259643,0
population,1,8,0,2,0.0666666666666667,100,32.2053842592087,0.987761676559235,0.0607132130053401,0.0149546695406857,0.0564875587823191,0
population,1,8,0,3,0.1,100,31.4246278249902,1.07635607200375,0.0846045647626917,0.020078837461163,0.0793611690866337,0.000458473755350811
population,1,8,0,4,0.133333333333333,100,30.6946009307566,1.15816607363631,0.107737129223814,0.0240695073669123,0.100748569764395,0.0166392683354293
population,1,8,0,5,0.166666666666667,100,29.9371618073553,1.25543316215952,0.132145857800526,0.0286737356204719,0.122939059113695,0.0204205123455453
population,1,8,0,6,0.2,100,29.3180154351454,1.35739731519845,0.153393214316768,0.0334884343986166,0.141078023096025,0.0325285504022151
population,1,8,0,7,0.233333333333333,100,28.365661698181,1.50144917526576,0.185473467395494,0.0391593091234662,0.168978873215803,0.0461556947207123
population,1,8,0,8,0.266666666666667,100,27.654646704861,1.59997030803571,0.207791517893607,0.0430795125033294,0.189809287369233,0.0542759091168681
population,1,8,0,9,0.3,100,26.9939777805784,1.72927389698885,0.22898625295467,0.0488535213822582,0.209164726340849,0.0573209978606871
population,1,8,0,10,0.333333333333333,100,26.2887436011884,1.86199621743233,0.252238423386824,0.0540066061124983,0.229825781550465,0.0599167723547987
population,1,8,0,11,0.366666666666667,100,25.4446302356642,2.00554509389101,0.280789453350325,0.0596003777327833,0.254555542753128,0.0634017327286334
population,1,8,0,12,0.4,100,24.431420072783,2.16031843413601,0.312732982064585,0.0653289477094778,0.284239287140474,0.0654705718442251
population,1,8,0,13,0.433333333333333,100,23.5874959901806,2.29213433659243,0.339884621101651,0.0700923760762077,0.308963502972518,0.0722273952879509
population,1,8,0,14,0.466666666666667,100,22.7572456547352,2.43887003813697,0.36519502780524,0.075580464484134,0.333287122728549,0.0974997487244156
population,1,8,0,15,0.5,100,22.0194410881151,2.57769608130074,0.389397638827918,0.080558845671699,0.354902383772804,0.124377210614177
population,1,8,0,16,0.533333333333333,100,21.1102170585443,2.7090272103763,0.417870376248179,0.0856572945021018,0.381539674508089,0.143958912359717
population,1,8,0,17,0.566666666666667,100,20.4199676486005,2.8451674534039,0.439967816878495,0.0906996955474338,0.401761724975904,0.143958912359717
population,1,8,0,18,0.6,100,19.7166009552249,2.98986377567787,0.462346067428276,0.0956574062692987,0.422368068952324,0.148245842300392
population,1,8,0,19,0.633333333333333,100,19.1139970537487,3.13303523040026,0.481893917999244,0.100999540510178,0.440022392639101,0.148245842300392
population,1,8,0,20,0.666666666666667,100,18.3879607978784,3.28065448695922,0.506648581870972,0.106496547932341,0.461292880662944,0.150205907041067
population,1,8,0,21,0.7,100,17.5492167166587,3.44292081030904,0.534051027523199,0.112091390677211,0.485865339394039,0.156976968706679
population,1,8,0,22,0.733333333333333,100,16.9853927543799,3.57046244406909,0.552587801578085,0.116549959091051,0.502383537679923,0.162337849580029
population,1,8,0,23,0.766666666666667,100,16.0615006354971,3.71855466798561,0.58168513662368,0.121558567350871,0.529450555464678,0.181019338447712
population,1,8,0,24,0.8,100,15.2754305516514,3.85981447101525,0.606254861335505,0.126559608223562,0.552479838326453,0.183732806217046
population,1,8,0,25,0.833333333333333,100,14.5172987101986,3.97821733215068,0.631389614714864,0.130833963413157,0.574690622049346,0.193574262787486
population,1,8,0,26,0.866666666666667,100,13.660754460192,4.12953898187712,0.658262522670157,0.136345338723886,0.599784567516047,0.205691771921934
population,1,8,0,27,0.9,100,12.8169328032352,4.27529254003926,0.684570026826256,0.141414077219518,0.624505782611625,0.205691771921934
population,1,8,0,28,0.933333333333333,100,12.1789030633467,4.40893941080769,0.705309547767131,0.146202437419342,0.643197967514823,0.205691771921934
population,1,8,0,29,0.966666666666667,100,11.4762384193538,4.55601596270488,0.729200465011131,0.151427273700485,0.663783743740161,0.221729540067358
population,1,8,0,30,1,100,10.9093984601979,4.69691201815641,0.747819705701442,0.156586699049354,0.680390300871676,0.221729540067358
population,1,8,0.25,0,0,100,34.1335024874128,0.858151539735388,0,0,0,0
population,1,8,0.25,1,0.0333333333333333,100,32.6355704355651,0.936753456108629,0.0471171873250334,0.0104747329901261,0.0438845106036258,0
population,1,8,0.25,2,0.0666666666666667,100,31.6006003194601,1.02717950613308,0.0797730407618771,0.0162604691189216,0.0742057504613469,0.0119550459414632
population,1,8,0.25,3,0.1,100,30.7676630849901,1.11628522306762,0.10673708081615,0.0209391915087128,0.0986080875721432,0.0166392683354293
population,1,8,0.25,4,0.133333333333333,100,29.7504462387092,1.21853137385327,0.13844546128359,0.0266836731024546,0.128409214680502,0.0423757859679758
population,1,8,0.25,5,0.166666666666667,100,28.7196434711411,1.35967546686266,0.172502537761435,0.0328685053742411,0.158608364854095,0.0517856124549099
population,1,8,0.25,6,0.2,100,27.7362239806705,1.49448771152075,0.204456879861541,0.0386557725111655,0.187419339960833,0.0634017327286334
population,1,8,0.25,7,0.233333333333333,100,26.8615101008162,1.62040501089531,0.233829746886608,0.0435828770935977,0.213045596164012,0.0692256766843246
population,1,8,0.25,8,0.266666666666667,100,26.0185607785782,1.73769021082228,0.261482193621722,0.0482730317320118,0.237741254705026,0.0829993442962586
population,1,8,0.25,9,0.3,100,25.0941657001807,1.86317700422201,0.291097558096217,0.0534063092233793,0.264823007558791,0.0916135815104173
population,1,8,0.25,10,0.333333333333333,100,24.2741793372685,2.00073348975115,0.316966375664591,0.058456595702029,0.288845926484694,0.117015988415774
population,1,8,0.25,11,0.366666666666667,100,23.6445439403394,2.10858938282866,0.3369000000737,0.0625418153429603,0.307292184590239,0.135647872336187
population,1,8,0.25,12,0.4,100,22.637435216118,2.27401124093272,0.36898567846959,0.068625082597345,0.336797176777689,0.148245842300392
population,1,8,0.25,13,0.433333333333333,100,21.9121746092879,2.40352504658006,0.392684852399641,0.0735058428057103,0.358044940821167,0.148245842300392
population,1,8,0.25,14,0.466666666666667,100,21.2105706696934,2.53524684876886,0.415103129047272,0.0781215002205646,0.378599641876332,0.148245842300392
population,1,8,0.25,15,0.5,100,20.5492180231089,2.67681997428509,0.436217625070395,0.0832968628474548,0.397975111675496,0.155187292550022
population,1,8,0.25,16,0.533333333333333,100,19.6895362482101,2.84573721718825,0.464637322650556,0.0892910129815149,0.42316097636125,0.170340392744058
population,1,8,0.25,17,0.566666666666667,100,18.9201014853727,2.97024584421612,0.488767308911273,0.0934870598582549,0.445702898718065,0.170340392744058
population,1,8,0.25,18,0.6,100,18.1186054987808,3.10707009903294,0.515203309093577,0.0987482327169001,0.469184110084739,0.174823102461009
population,1,8,0.25,19,0.633333333333333,100,17.3106340949324,3.2528657463349,0.540495164109691,0.104301948719985,0.492855030001214,0.185829454383466
population,1,8,0.25,20,0.666666666666667,100,16.5569232677962,3.38240257974162,0.565051014434188,0.108931278304716,0.51493629246217,0.185829454383466
population,1,8,0.25,21,0.7,100,15.9317257042557,3.5109080592575,0.585645083969947,0.113617511708784,0.533252536561968,0.197444071446802
population,1,8,0.25,22,0.733333333333333,100,15.3135149206916,3.63679515986405,0.60485729837751,0.118148548398065,0.551364090856524,0.202299323929256
population,1,8,0.25,23,0.766666666666667,100,14.7061545750345,3.75562030032836,0.624597140072129,0.122644952284298,0.569157762803345,0.205691771921934
population,1,8,0.25,24,0.8,100,14.0611505323086,3.90589454124569,0.644979606222942,0.128076701560769,0.588054271972417,0.205691771921934
population,1,8,0.25,25,0.833333333333333,100,13.5931649132332,4.02411516215845,0.660386221537995,0.132498491153238,0.601764720211591,0.205691771921934
population,1,8,0.25,26,0.866666666666667,100,12.9646142386764,4.16487293644557,0.681009416302105,0.13761641585652,0.620179199498872,0.205691771921934
population,1,8,0.25,27,0.9,100,12.4570185208163,4.29487586514397,0.697582356520066,0.142527738432524,0.635050094100071,0.213053239937702
population,1,8,0.25,28,0.933333333333333,100,11.7821963588544,4.43994963140352,0.719906678160216,0.147248464802791,0.654820176651978,0.221729540067358
population,1,8,0.25,29,0.966666666666667,100,11.2899647008638,4.57241461395315,0.735164924389274,0.151824347081643,0.669240954542325,0.221729540067358
population,1,8,0.25,30,1,100,10.9093984601979,4.69691201815641,0.747819705701442,0.156586699049354,0.680390300871676,0.221729540067358
population,1,8,0.5,0,0,100,34.1335024874128,0.858151539735388,0,0,0,0
population,1,8,0.5,1,0.0333333333333333,100,32.3113829134432,0.941298998701522,0.0569558250279178,0.010640291638855,0.0533821448484981,0.00448299913765057
population,1,8,0.5,2,0.0666666666666667,100,30.7704034565807,1.05411173586237,0.105944106372996,0.0172324680621334,0.0985278036460596,0.040877040726262
population,1,8,0.5,3,0.1,100,29.6674170264511,1.17249684971678,0.142840513792613,0.0234547621408813,0.130841699078746,0.0555777225147583
population,1,8,0.5,4,0.133333333333333,100,28.4608705898361,1.30482182755502,0.181443698925776,0.0296152654797246,0.166189564041036,0.0634017327286334
population,1,8,0.5,5,0.166666666666667,100,27.3594660209688,1.41690681082813,0.216729887956696,0.0343401462233239,0.198457116111714,0.0843047063437528
population,1,8,0.5,6,0.2,100,26.3501816771432,1.55222784871365,0.248649768570414,0.0400599775377617,0.22802584683889,0.109955936718832
population,1,8,0.5,7,0.233333333333333,100,25.1567269958478,1.72007659573344,0.286392082388919,0.0465120110732895,0.26299016618278,0.122273978722648
population,1,8,0.5,8,0.266666666666667,100,24.2818921827185,1.83367829579402,0.314697614120541,0.0513249912441193,0.288619965335442,0.140282509286189
population,1,8,0.5,9,0.3,100,23.4096543712125,1.97327137653196,0.343147201979114,0.0565157209107645,0.31417368083322,0.148245842300392
population,1,8,0.5,10,0.333333333333333,100,22.4845997690482,2.11355123928382,0.373806811567785,0.0619194550091667,0.341274755576587,0.159554073666486
population,1,8,0.5,11,0.366666666666667,100,21.6790189951616,2.26198230665485,0.399617775963382,0.0671880924570462,0.364875637852985,0.162337849580029
population,1,8,0.5,12,0.4,100,20.9604341890869,2.39465254236048,0.422917644587378,0.0723721440070762,0.385927822765439,0.178998346123528
population,1,8,0.5,13,0.433333333333333,100,20.1484033470342,2.54498302501033,0.449333633025902,0.0778623225273847,0.409717670946185,0.178998346123528
population,1,8,0.5,14,0.466666666666667,100,19.3163431957882,2.68215388953964,0.476923026960061,0.0829572405168761,0.434094312386741,0.181019338447712
population,1,8,0.5,15,0.5,100,18.4424966185499,2.82642855220828,0.504205973010893,0.0882080403061729,0.459695159459512,0.185829454383466
population,1,8,0.5,16,0.533333333333333,100,17.8366620285965,2.95052066621454,0.524327252400781,0.0930635110677846,0.47744413175372,0.190176864698391
population,1,8,0.5,17,0.566666666666667,100,17.1838507769986,3.07249539918548,0.54394423121453,0.0971350920977034,0.496569366611723,0.195648225940267
population,1,8,0.5,18,0.6,100,16.5639284495689,3.19932287991173,0.563338700172923,0.101699597320936,0.514731063544473,0.197444071446802
population,1,8,0.5,19,0.633333333333333,100,16.0603697203382,3.30518143164571,0.579881345229584,0.105520552845454,0.529483687580533,0.205691771921934
population,1,8,0.5,20,0.666666666666667,100,15.5157145403437,3.43101166505689,0.597107524107059,0.110110068619878,0.545440303230958,0.205691771921934
population,1,8,0.5,21,0.7,100,14.8823315281551,3.57483822759161,0.617327355797459,0.115454242263696,0.563996354208212,0.213053239937702
population,1,8,0.5,22,0.733333333333333,100,14.4307203174297,3.69283143136456,0.631749982289519,0.119802056445755,0.57722708583008,0.213053239937702
population,1,8,0.5,23,0.766666666666667,100,13.9502229034522,3.81153145848956,0.648506211823111,0.124323779728071,0.591304088743998,0.213053239937702
population,1,8,0.5,24,0.8,100,13.4013124854223,3.9476559252538,0.666119426666075,0.129324777107916,0.607385368953443,0.213053239937702
population,1,8,0.5,25,0.833333333333333,100,12.9116591998951,4.0912845406544,0.682223377698444,0.134482470389167,0.621730608962371,0.221729540067358
population,1,8,0.5,26,0.866666666666667,100,12.361709356902,4.23742538046194,0.700703632999097,0.139556040383809,0.637842340924123,0.221729540067358
population,1,8,0.5,27,0.9,100,12.0098552729347,4.34448269693256,0.712368376153135,0.143656368798248,0.648150514956282,0.221729540067358
population,1,8,0.5,28,0.933333333333333,100,11.5903322406339,4.46081191552649,0.726186829998121,0.147997022623139,0.660441167884603,0.221729540067358
population,1,8,0.5,29,0.966666666666667,100,11.2145287471701,4.57871181407198,0.737677174068664,0.15197436280934,0.671450981295999,0.221729540067358
population,1,8,0.5,30,1,100,10.9093984601979,4.69691201815641,0.747819705701442,0.156586699049354,0.680390300871676,0.221729540067358
population,1,8,0.75,0,0,100,34.1335024874128,0.858151539735388,0,0,0,0
population,1,8,0.75,1,0.0333333333333333,100,31.8051870844373,0.952902783252021,0.0730904194061738,0.0108448999202014,0.0682120272841663,0.0494706091087567
population,1,8,0.75,2,0.0666666666666667,100,29.9112451919901,1.06540527586011,0.132896361910903,0.0176628087104641,0.123698331191759,0.0738919915038481
population,1,8,0.75,3,0.1,100,28.2805616882781,1.19631001266654,0.185928213721762,0.024299702541562,0.171472025213149,0.105685673151291
population,1,8,0.75,4,0.133333333333333,100,27.0117459978972,1.34838533748164,0.226908203635769,0.0309666325634096,0.208644175678773,0.127147288380358
population,1,8,0.75,5,0.166666666666667,100,25.7145891945808,1.49386227890548,0.26767110463117,0.0372977913060536,0.246646628072714,0.136752824398621
population,1,8,0.75,6,0.2,100,24.4082206696925,1.64858161167615,0.308698023015109,0.0435336494344333,0.284918953784676,0.148245842300392
population,1,8,0.75,7,0.233333333333333,100,23.2784291045944,1.79256921729425,0.345874362747073,0.0490220856994385,0.318018152014179,0.16300853146439
population,1,8,0.75,8,0.266666666666667,100,22.2471177326366,1.94464888164827,0.379376662907505,0.0547769422918061,0.34823220263316,0.169004778734439
population,1,8,0.75,9,0.3,100,21.5024509420699,2.06436523056231,0.403330346051926,0.0594823825970943,0.370048504398306,0.185829454383466
population,1,8,0.75,10,0.333333333333333,100,20.5586321864762,2.22128468076249,0.435067517244077,0.0653383250706884,0.397699307474894,0.190811736971627
population,1,8,0.75,11,0.366666666666667,100,19.8146229509791,2.35610155523323,0.459767763372435,0.0703996016120249,0.419496345026824,0.197444071446802
population,1,8,0.75,12,0.4,100,19.0885463343918,2.49970971728855,0.482695114832408,0.0753248027676711,0.440768015487689,0.198556545375646
population,1,8,0.75,13,0.433333333333333,100,18.4285221935908,2.62994419179108,0.504105501143065,0.0802054452061103,0.460104564411853,0.198556545375646
population,1,8,0.75,14,0.466666666666667,100,17.7037500481418,2.77698223193595,0.526695755864476,0.0853508634468653,0.481338018134228,0.213053239937702
population,1,8,0.75,15,0.5,100,17.0243703839453,2.91113621523886,0.548448662846649,0.090262612763159,0.501241620597732,0.213053239937702
population,1,8,0.75,16,0.533333333333333,100,16.5033950949016,3.03969103006706,0.566057911367073,0.0952316286163495,0.516504492880933,0.213053239937702
population,1,8,0.75,17,0.566666666666667,100,15.9249131148998,3.17652658564229,0.584440393750237,0.100292053270623,0.533452123151666,0.213053239937702
population,1,8,0.75,18,0.6,100,15.4690567758413,3.30225690140477,0.599117930285874,0.104838553008277,0.546807223151338,0.221729540067358
population,1,8,0.75,19,0.633333333333333,100,14.9757979602832,3.42590266629603,0.615345818898696,0.109363951538681,0.561258093399418,0.221729540067358
population,1,8,0.75,20,0.666666666666667,100,14.5305158503666,3.55363023983588,0.630065184347422,0.114339693431086,0.574303403064923,0.221729540067358
population,1,8,0.75,21,0.7,100,14.0227671396784,3.6849256768138,0.646612997986233,0.119258053808884,0.589178779855672,0.221729540067358
population,1,8,0.75,22,0.733333333333333,100,13.648996592214,3.80648795235799,0.65893228045205,0.123774993509027,0.600129034597395,0.221729540067358
population,1,8,0.75,23,0.766666666666667,100,13.1636840240759,3.92843886375882,0.674508331230592,0.127975899035703,0.61434710578177,0.221729540067358
population,1,8,0.75,24,0.8,100,12.7877887709863,4.04629197529941,0.686689014517144,0.132283823446078,0.625359607450129,0.221729540067358
population,1,8,0.75,25,0.833333333333333,100,12.3951261609468,4.17079077070672,0.699440826751253,0.137068855489943,0.636863337844755,0.221729540067358
population,1,8,0.75,26,0.866666666666667,100,12.0196847082384,4.29383082698276,0.71139302295829,0.141421958794126,0.647862544645958,0.221729540067358
population,1,8,0.75,27,0.9,100,11.6132209218213,4.42092467338413,0.724447723138333,0.145926393135227,0.659770604376044,0.221729540067358
population,1,8,0.75,28,0.933333333333333,100,11.3781832886006,4.51085541321363,0.732282339220182,0.149363323169532,0.666656438412775,0.221729540067358
population,1,8,0.75,29,0.966666666666667,100,11.1452791117855,4.60736476994926,0.740206757974142,0.153203693106182,0.673479769153622,0.221729540067358
population,1,8,0.75,30,1,100,10.9093984601979,4.69691201815641,0.747819705701442,0.156586699049354,0.680390300871676,0.221729540067358
population,1,8,0.9,0,0,100,34.1335024874128,0.858151539735388,0,0,0,0
population,1,8,0.9,1,0.0333333333333333,100,31.1910445709911,0.946768209415853,0.0909084217298246,0.0111996902679279,0.0862043945682628,0.059857227075601
population,1,8,0.9,2,0.0666666666666667,100,28.9506634483334,1.07645299546179,0.162675563106224,0.0182601770614465,0.151840235000514,0.110622122159236
population,1,8,0.9,3,0.1,100,27.1984878103494,1.21804114973317,0.217955692786769,0.0253138345848783,0.203173251254272,0.134643605178655
population,1,8,0.9,4,0.133333333333333,100,25.8514922241128,1.36944458599904,0.262132014400386,0.0318382624265455,0.242635817005715,0.161122789880402
population,1,8,0.9,5,0.166666666666667,100,24.4981673625383,1.52522777494999,0.307159119762194,0.038158645412209,0.282283809826654,0.171283712212852
population,1,8,0.9,6,0.2,100,23.3722859066734,1.68350073735402,0.342900746958714,0.0444418090783691,0.315268454642409,0.191300815625342
population,1,8,0.9,7,0.233333333333333,100,22.2874353709526,1.83520342771935,0.378372067862449,0.0503275902235645,0.347051027676654,0.199244067960825
population,1,8,0.9,8,0.266666666666667,100,21.2412371823466,2.00164048944683,0.412044133219869,0.0564693767172779,0.377701213340775,0.200841469535897
population,1,8,0.9,9,0.3,100,20.4025559920855,2.14907664363417,0.439576306791102,0.0620342744069595,0.40227182957245,0.200841469535897
population,1,8,0.9,10,0.333333333333333,100,19.5295689001099,2.30540818234087,0.467458957248243,0.0676416100849593,0.4278474965377,0.213053239937702
population,1,8,0.9,11,0.366666666666667,100,18.8307153174425,2.44136539458535,0.489731703172889,0.072603380482125,0.448321621129078,0.213053239937702
population,1,8,0.9,12,0.4,100,18.0998411168071,2.5838664463994,0.513947171509473,0.0779267855914268,0.469733845113562,0.213053239937702
population,1,8,0.9,13,0.433333333333333,100,17.5042291482652,2.71265518113789,0.533299564167994,0.0826549788679226,0.48718332803028,0.213053239937702
population,1,8,0.9,14,0.466666666666667,100,16.9421947250935,2.84504632524795,0.551574038110821,0.087542173821617,0.50364909867245,0.213053239937702
population,1,8,0.9,15,0.5,100,16.3919515640622,2.98746537045385,0.569334376537872,0.0927481238346656,0.51976942389352,0.221729540067358
population,1,8,0.9,16,0.533333333333333,100,15.9007214311695,3.11011455959029,0.585221522639141,0.0972526778253365,0.534160860373673,0.221729540067358
population,1,8,0.9,17,0.566666666666667,100,15.439371349127,3.23286372298427,0.600237926094903,0.101756920978871,0.547676909077218,0.221729540067358
population,1,8,0.9,18,0.6,100,14.82006143902,3.38681359516603,0.620210431697499,0.107256830395697,0.565820664185133,0.221729540067358
population,1,8,0.9,19,0.633333333333333,100,14.3625294173654,3.51521759162658,0.635039419627098,0.112085105333825,0.579224856205079,0.221729540067358
population,1,8,0.9,20,0.666666666666667,100,13.8934160955204,3.64920014027043,0.650311530943653,0.117151512431642,0.592968342447607,0.221729540067358
population,1,8,0.9,21,0.7,100,13.4989626864455,3.7707358939976,0.663211924065317,0.121678706862087,0.604524537397726,0.221729540067358
population,1,8,0.9,22,0.733333333333333,100,13.1124794875656,3.89235318323724,0.675454191631462,0.126096886020817,0.615847231253195,0.221729540067358
population,1,8,0.9,23,0.766666666666667,100,12.7676434769741,4.00334529972403,0.686706749365028,0.130268171715441,0.625949798685841,0.221729540067358
population,1,8,0.9,24,0.8,100,12.4192527741771,4.11372311142229,0.698022358553371,0.134441657765707,0.636156506975606,0.221729540067358
population,1,8,0.9,25,0.833333333333333,100,12.0925332945617,4.22439087791236,0.708367986054615,0.13833378646434,0.645728319295067,0.221729540067358
population,1,8,0.9,26,0.866666666666667,100,11.829401798532,4.32854597361311,0.717009538952677,0.142236092103657,0.653437211639964,0.221729540067358
population,1,8,0.9,27,0.9,100,11.5904121807177,4.42397352163475,0.725159114359877,0.14605468887277,0.660438825901565,0.221729540067358
population,1,8,0.9,28,0.933333333333333,100,11.3306826412561,4.52734625315414,0.733776161691942,0.150007038586652,0.668048052044046,0.221729540067358
population,1,8,0.9,29,0.966666666666667,100,11.0702633383126,4.62501337043585,0.742063941854495,0.153522638261032,0.675677486000889,0.221729540067358
population,1,8,0.9,30,1,100,10.9093984601979,4.69691201815641,0.747819705701442,0.156586699049354,0.680390300871676,0.221729540067358
population,1,8,1,0,0,100,34.1335024874128,0.858151539735388,0,0,0,0
population,1,8,1,1,0.0333333333333333,100,30.6821976239336,0.95038630130402,0.107083653490668,0.0116989056166398,0.101111946093196,0.0754090926556227
population,1,8,1,2,0.0666666666666667,100,28.468067972037,1.08598119202488,0.178671331206703,0.0189597295370491,0.165978704279324,0.124699344322385
population,1,8,1,3,0.1,100,26.6728437600386,1.23914707208381,0.236565032892977,0.0260110734926533,0.218572902974885,0.162137776635079
population,1,8,1,4,0.133333333333333,100,25.1295207907354,1.40184147244363,0.286186222817313,0.0328678302601132,0.263787219023239,0.189537067600698
population,1,8,1,5,0.166666666666667,100,23.7834179507827,1.56761991400604,0.329662349594521,0.0394345549034236,0.303223630228012,0.198043454539548
population,1,8,1,6,0.2,100,22.5655804107626,1.73558477034813,0.369031788687661,0.0458701177430969,0.338902287596068,0.212778328755189
population,1,8,1,7,0.233333333333333,100,21.5139720631627,1.89724879768381,0.403185543341493,0.0520012365801547,0.369710973226487,0.221595618415432
population,1,8,1,8,0.266666666666667,100,20.5854502936462,2.0520047043153,0.433504325895674,0.0578842291164982,0.396913624634994,0.221729540067358
population,1,8,1,9,0.3,100,19.7247706126667,2.20521755917721,0.461675109112407,0.0636693784350624,0.422128724705575,0.221729540067358
population,1,8,1,10,0.333333333333333,100,18.9432056021837,2.35510206631153,0.4871256913955,0.0692862930513149,0.445026023650247,0.221729540067358
population,1,8,1,11,0.366666666666667,100,18.2144235638809,2.50360282006779,0.510892959218726,0.0748177772581628,0.466376954120143,0.221729540067358
population,1,8,1,12,0.4,100,17.5349978539294,2.64959273205633,0.532899120430594,0.0802001180774534,0.486281905573691,0.221729540067358
population,1,8,1,13,0.433333333333333,100,16.9183452448722,2.79086237963782,0.552713527783111,0.0853620092545379,0.504347810450713,0.221729540067358
population,1,8,1,14,0.466666666666667,100,16.3422677231346,2.9304458308127,0.571242553655822,0.0904567329245893,0.521224997957329,0.221729540067358
population,1,8,1,15,0.5,100,15.804858377092,3.06614028744808,0.588540522804191,0.0954255035898527,0.536969334368183,0.221729540067358
population,1,8,1,16,0.533333333333333,100,15.3038009544427,3.19711833022794,0.604730567078691,0.100221949149573,0.551648678301146,0.221729540067358
population,1,8,1,17,0.566666666666667,100,14.8338099279822,3.32583999075264,0.619839747779464,0.104925826509427,0.565417878418647,0.221729540067358
population,1,8,1,18,0.6,100,14.39486740651,3.45155931046861,0.633952071585393,0.109504786580731,0.578277458874364,0.221729540067358
population,1,8,1,19,0.633333333333333,100,13.9756884379031,3.57530496071535,0.647387841342224,0.114011038480572,0.590558031861605,0.221729540067358
population,1,8,1,20,0.666666666666667,100,13.5894495448771,3.69631762180167,0.659702233563117,0.118427106575701,0.601873568354481,0.221729540067358
population,1,8,1,21,0.7,100,13.2367040060628,3.81256575025444,0.671005767935892,0.122705426809986,0.612207859098432,0.221729540067358
population,1,8,1,22,0.733333333333333,100,12.9094925056831,3.92537600352175,0.68155988027514,0.126902009543344,0.621794086017288,0.221729540067358
population,1,8,1,23,0.766666666666667,100,12.6019092082196,4.03477877864297,0.691522824723096,0.130998117715081,0.630805270778562,0.221729540067358
population,1,8,1,24,0.8,100,12.3026929585991,4.1431686030399,0.701248243708351,0.135072194418346,0.639571328399836,0.221729540067358
population,1,8,1,25,0.833333333333333,100,12.0208045408585,4.2482877869992,0.710487306521599,0.139067093164125,0.647829737212251,0.221729540067358
population,1,8,1,26,0.866666666666667,100,11.75225035062,4.35073862207297,0.719351282869887,0.142989348464516,0.655697496764249,0.221729540067358
population,1,8,1,27,0.9,100,11.4895665266654,4.45203898544551,0.728035257222946,0.146864280375552,0.663393273781314,0.221729540067358
population,1,8,1,28,0.933333333333333,100,11.2583440728787,4.54382001004322,0.73566220447355,0.150334844026888,0.670167335536975,0.221729540067358
population,1,8,1,29,0.966666666666667,100,11.0653100809761,4.6263971862971,0.742246136900021,0.15359938811721,0.67582260024278,0.221729540067358
population,1,8,1,30,1,100,10.9093984601979,4.69691201815641,0.747819705701441,0.156586699049354,0.680390300871676,0.221729540067358
trip-specific,0.9,8,0,0,0,100,74.3848651144316,3.5474113954929,0,0,0,0
trip-specific,0.9,8,0,1,0.0333333333333333,100,71.4821274162867,3.4102801351546,0.0401585573726428,0.00416388434405415,0.0390232299766805,0.030830149520886
trip-specific,0.9,8,0,2,0.0666666666666667,100,69.0670413212009,3.38740779010956,0.0753806027305389,0.00706526646837984,0.0714906693055088,0.0680901364768152
trip-specific,0.9,8,0,3,0.1,100,66.6183620867147,3.35307470609485,0.110699528919418,0.0098332763333698,0.104409721194884,0.096348134917849
trip-specific,0.9,8,0,4,0.133333333333333,100,64.064772444799,3.35999397789849,0.148011264209525,0.0123858037126918,0.138739146112,0.124247797531924
trip-specific,0.9,8,0,5,0.166666666666667,100,61.6944797109774,3.35937836176976,0.182710814528915,0.0150251061303231,0.170604401633741,0.163197099784435
trip-specific,0.9,8,0,6,0.2,100,59.4015678941433,3.39177277961629,0.21758388441913,0.018129345672968,0.201429379447532,0.184650473887192
trip-specific,0.9,8,0,7,0.233333333333333,100,56.6983263589649,3.43158360819229,0.259049447665291,0.0212017593764894,0.23777066380719,0.214195545141074
trip-specific,0.9,8,0,8,0.266666666666667,100,54.2740001842849,3.44423975613021,0.294279602351515,0.0235248171252557,0.270362323023758,0.250586881971089
trip-specific,0.9,8,0,9,0.3,100,51.9585400926088,3.50601336946227,0.328483753004557,0.0270172689945899,0.301490430712252,0.278918935385085
trip-specific,0.9,8,0,10,0.333333333333333,100,49.6385526941522,3.56905798182756,0.363460750033266,0.0300100886695476,0.3326794016795,0.308034648405857
trip-specific,0.9,8,0,11,0.366666666666667,100,47.1473315274179,3.65618969601925,0.401426364336128,0.0331769592203349,0.36617037007612,0.343237278921814
trip-specific,0.9,8,0,12,0.4,100,44.4475234878442,3.73291393879879,0.440951820612328,0.0364763949096789,0.402465495911468,0.375717193726643
trip-specific,0.9,8,0,13,0.433333333333333,100,41.912325268481,3.79539770190323,0.478497228336332,0.0392189893089796,0.436547673992495,0.414884758322471
trip-specific,0.9,8,0,14,0.466666666666667,100,39.4343716575224,3.86539617076716,0.513739329884008,0.0422367588175525,0.469860278742757,0.440139927835032
trip-specific,0.9,8,0,15,0.5,100,37.0259980172807,3.95814846038664,0.549678187805733,0.0450869152163289,0.50223747854727,0.465797036686996
trip-specific,0.9,8,0,16,0.533333333333333,100,34.3145830141848,4.04955580665246,0.588862950667941,0.0480975330114984,0.538688643699277,0.501661753882658
trip-specific,0.9,8,0,17,0.566666666666667,100,31.9708965899718,4.13519703771554,0.623327258786338,0.0508793259990123,0.570196214770455,0.528767338162679
trip-specific,0.9,8,0,18,0.6,100,29.578700478053,4.25079182462579,0.65775561646675,0.0538497931343413,0.602355930436252,0.562800988585019
trip-specific,0.9,8,0,19,0.633333333333333,100,27.3274384458696,4.36334240860449,0.691071672206741,0.0568618679723241,0.632620985413768,0.589866043344951
trip-specific,0.9,8,0,20,0.666666666666667,100,24.9591744547284,4.48133185874053,0.726806305675303,0.0600195874517416,0.664458967340575,0.62433941708426
trip-specific,0.9,8,0,21,0.7,100,22.3288900125663,4.62792420754975,0.766423888365767,0.0632170323295202,0.699819446090059,0.660459051118991
trip-specific,0.9,8,0,22,0.733333333333333,100,20.2270143100377,4.73855893255747,0.798104878709018,0.0656701321089916,0.728076211754622,0.68476097367441
trip-specific,0.9,8,0,23,0.766666666666667,100,17.6102363049693,4.86357866172938,0.836844093985223,0.0685849290082038,0.763255115434057,0.711353498083491
trip-specific,0.9,8,0,24,0.8,100,15.2077343385979,4.98385834158387,0.872155004581658,0.0714382960866137,0.795553378833144,0.74588042076185
trip-specific,0.9,8,0,25,0.833333333333333,100,12.5792162455489,5.08334086452899,0.910003011930797,0.0737760571617016,0.830890111500539,0.769937219517095
trip-specific,0.9,8,0,26,0.866666666666667,100,10.0860973270688,5.20640581434335,0.945945389941882,0.0767623239033955,0.864406592503023,0.788926982325418
trip-specific,0.9,8,0,27,0.9,100,7.4870499057467,5.33128771078511,0.983969374254243,0.0794789638208308,0.899347133395633,0.84058140169016
trip-specific,0.9,8,0,28,0.933333333333333,100,5.12482719475193,5.48047113175435,1.02006116073024,0.0825105999770294,0.931103898798928,0.867494529062937
trip-specific,0.9,8,0,29,0.966666666666667,100,2.56320455173958,5.60856210862059,1.05776535385777,0.085272683941773,0.965541316129344,0.901410399159607
trip-specific,0.9,8,0,30,1,100,0.415553096666818,5.74697510317966,1.09009228665102,0.088095108059478,0.994413472471483,0.920995600234716
trip-specific,0.9,8,0.25,0,0,100,74.3848651144316,3.5474113954929,0,0,0,0
trip-specific,0.9,8,0.25,1,0.0333333333333333,100,70.8172624144838,3.41529336985151,0.0508874101246373,0.00409219442542094,0.0479614057840854,0.0463201058811822
trip-specific,0.9,8,0.25,2,0.0666666666666667,100,67.9262970385648,3.37221047090542,0.0929406902583871,0.00726363424828395,0.0868263734286686,0.0797570752106599
trip-specific,0.9,8,0.25,3,0.1,100,65.2062491688552,3.36998323218743,0.133599113452029,0.0101016930130688,0.123393595343035,0.115340159910136
trip-specific,0.9,8,0.25,4,0.133333333333333,100,62.1529582772871,3.36716511734894,0.178057925111245,0.0135180784649627,0.164440801476581,0.158050504244176
trip-specific,0.9,8,0.25,5,0.166666666666667,100,59.1895075115231,3.34962272719428,0.221698015031474,0.0165191588753599,0.204280233344946,0.191290676163142
trip-specific,0.9,8,0.25,6,0.2,100,56.3770319658565,3.38217813720713,0.263697714347366,0.0197602223631294,0.242090015500765,0.235287172890456
trip-specific,0.9,8,0.25,7,0.233333333333333,100,53.5939628131717,3.40866378214902,0.304844355524235,0.0225013688850392,0.279504470019214,0.268517611322096
trip-specific,0.9,8,0.25,8,0.266666666666667,100,50.9208785473562,3.46843080122583,0.345581358949328,0.0250767587412288,0.315440332263547,0.304747826313515
trip-specific,0.9,8,0.25,9,0.3,100,48.3029566833229,3.51026456825936,0.383970815770454,0.0280533830853315,0.350634613519632,0.338279743818236
trip-specific,0.9,8,0.25,10,0.333333333333333,100,45.7541203386539,3.54367725457691,0.420901865642288,0.0309372931655463,0.384900137033696,0.36223382164611
trip-specific,0.9,8,0.25,11,0.366666666666667,100,43.3223696450787,3.58749596698882,0.455973235136379,0.0334507561879033,0.417591608475289,0.378218410230666
trip-specific,0.9,8,0.25,12,0.4,100,40.5737563400032,3.68845206384879,0.497064415869535,0.03703817749351,0.454542852533433,0.416364439315346
trip-specific,0.9,8,0.25,13,0.433333333333333,100,38.2725230351707,3.77249530274326,0.531525404243311,0.0398588761711454,0.485479701061589,0.449719061335424
trip-specific,0.9,8,0.25,14,0.466666666666667,100,35.8645471786601,3.86886803565136,0.56757951087343,0.0425127028835306,0.517851553222727,0.484241011255886
trip-specific,0.9,8,0.25,15,0.5,100,33.6064031079502,3.97509717737216,0.60135884687975,0.0456095665367231,0.5482091275389,0.513339009414926
trip-specific,0.9,8,0.25,16,0.533333333333333,100,30.9198565316227,4.07399826910222,0.640123807779748,0.0487310582558094,0.58432597163339,0.563503767423613
trip-specific,0.9,8,0.25,17,0.566666666666667,100,28.4668178701487,4.14327936601226,0.675222009514354,0.0511352195248639,0.617303629893579,0.587951111599912
trip-specific,0.9,8,0.25,18,0.6,100,25.9001994785401,4.25622393986907,0.713427962023064,0.0540832350307723,0.651808208044795,0.617268809394536
trip-specific,0.9,8,0.25,19,0.633333333333333,100,23.3438861446261,4.35420341603611,0.749719230785477,0.0572313041631974,0.686174249174015,0.650219896195801
trip-specific,0.9,8,0.25,20,0.666666666666667,100,20.9161715677067,4.46049250420254,0.785631087202234,0.060061894163529,0.718811460697954,0.679705254003402
trip-specific,0.9,8,0.25,21,0.7,100,18.750523651058,4.56906439733676,0.818270669128588,0.0627559573984467,0.747925554180777,0.691910096865341
trip-specific,0.9,8,0.25,22,0.733333333333333,100,16.4904263518684,4.69092068176989,0.851406976564714,0.0655565444522826,0.778309386909554,0.710895369458455
trip-specific,0.9,8,0.25,23,0.766666666666667,100,14.3583788771526,4.80830961333257,0.883000668836306,0.0682280509519729,0.80697176965954,0.754442535401385
trip-specific,0.9,8,0.25,24,0.8,100,12.3060569828322,4.95468727154353,0.913679495819317,0.0713982994169943,0.834562353996327,0.774246516202226
trip-specific,0.9,8,0.25,25,0.833333333333333,100,10.3703715922915,5.08967776114166,0.943436699379406,0.074188788282278,0.860584924415228,0.794354756879439
trip-specific,0.9,8,0.25,26,0.866666666666667,100,8.17186092886496,5.22363370684292,0.975532965106117,0.0771164892280645,0.890140811355998,0.824598543423551
trip-specific,0.9,8,0.25,27,0.9,100,6.10132969516115,5.34070592262223,1.00561005623402,0.0799467547812827,0.917976194676497,0.855928258366346
trip-specific,0.9,8,0.25,28,0.933333333333333,100,3.90011111264853,5.47877615041352,1.03805440617143,0.0826766610692925,0.947568485784726,0.888042330027387
trip-specific,0.9,8,0.25,29,0.966666666666667,100,2.07294016092071,5.61435450153099,1.06544368546077,0.0853225810105926,0.972132232037635,0.901410399159606
trip-specific,0.9,8,0.25,30,1,100,0.415553096666821,5.74697510317966,1.09009228665102,0.088095108059478,0.994413472471482,0.920995600234716
trip-specific,0.9,8,0.5,0,0,100,74.3848651144316,3.5474113954929,0,0,0,0
trip-specific,0.9,8,0.5,1,0.0333333333333333,100,70.2733840731317,3.41175967696298,0.0586456059700912,0.00405005382930603,0.0552730859291717,0.0542275602467904
trip-specific,0.9,8,0.5,2,0.0666666666666667,100,66.5087808764433,3.36826949571097,0.114093463374152,0.00754140773978785,0.10588288660431,0.10412897326813
trip-specific,0.9,8,0.5,3,0.1,100,63.2645296456722,3.37104334243846,0.163040778963457,0.0109279954117424,0.149497286197294,0.14618216926775
trip-specific,0.9,8,0.5,4,0.133333333333333,100,59.8931231097554,3.36091689423339,0.213195906340902,0.0142148045650056,0.194821110213516,0.195339540917459
trip-specific,0.9,8,0.5,5,0.166666666666667,100,56.6251350351414,3.38362918544307,0.261971035132479,0.0169582318237753,0.23875461832147,0.23531054178078
trip-specific,0.9,8,0.5,6,0.2,100,53.5616335646277,3.38433862495096,0.305899394014854,0.0198321743133857,0.279939091342976,0.2789751194461
trip-specific,0.9,8,0.5,7,0.233333333333333,100,50.4167003535742,3.39297800189644,0.351232068111445,0.0230996823389144,0.322218299703648,0.306738914430504
trip-specific,0.9,8,0.5,8,0.266666666666667,100,47.5161527986244,3.42677543442769,0.39454905887059,0.0259201466788522,0.361212086282245,0.345561594752526
trip-specific,0.9,8,0.5,9,0.3,100,44.84733961838,3.48011203829261,0.434564229085013,0.0289309756407153,0.397090529781991,0.38019930577574
trip-specific,0.9,8,0.5,10,0.333333333333333,100,42.0113709573045,3.54528920101649,0.476639369717868,0.0318611639309894,0.435216143866425,0.416287763624078
trip-specific,0.9,8,0.5,11,0.366666666666667,100,39.415958223367,3.6130329307296,0.5142282222187,0.0347566536174972,0.47010782149392,0.443698960440453
trip-specific,0.9,8,0.5,12,0.4,100,36.8880795456821,3.70029908581968,0.552243376558206,0.0379033324200734,0.50409159862111,0.477662876758795
trip-specific,0.9,8,0.5,13,0.433333333333333,100,34.3927558784161,3.78002515761734,0.588834467900699,0.0408978107203524,0.537637719373326,0.515395507585128
trip-specific,0.9,8,0.5,14,0.466666666666667,100,31.6975737126174,3.86556923538874,0.628105938384528,0.0437173293651031,0.573870656835167,0.547540848029161
trip-specific,0.9,8,0.5,15,0.5,100,29.0842910593871,3.94906012643442,0.665952958526586,0.0466983988624572,0.609002570420143,0.579884827808949
trip-specific,0.9,8,0.5,16,0.533333333333333,100,26.788580633568,4.05929511697839,0.700143400067325,0.0497037419655046,0.639865171599663,0.615356976317496
trip-specific,0.9,8,0.5,17,0.566666666666667,100,24.3160521284184,4.12350666814213,0.735273217094813,0.0519727165105132,0.67310484342465,0.63904789078974
trip-specific,0.9,8,0.5,18,0.6,100,22.0285712227348,4.21865110056249,0.768588289989544,0.0546121098149825,0.703856810268505,0.666855467333373
trip-specific,0.9,8,0.5,19,0.633333333333333,100,20.0226706058974,4.32524259161617,0.79884088034854,0.057094482922951,0.730823325751884,0.689951422565038
trip-specific,0.9,8,0.5,20,0.666666666666667,100,18.0080381041926,4.44644311415169,0.828668785222656,0.0599097820374413,0.757907229158921,0.711331661942604
trip-specific,0.9,8,0.5,21,0.7,100,15.8590826022421,4.5760242685304,0.860540132155957,0.0630329279876485,0.786796916579132,0.734553458643951
trip-specific,0.9,8,0.5,22,0.733333333333333,100,13.9883414032491,4.69110687450131,0.887422286710887,0.065758251148661,0.811946403589899,0.75329783607384
trip-specific,0.9,8,0.5,23,0.766666666666667,100,11.9701190478336,4.81578236427424,0.918164174976557,0.0685327352057354,0.839078567536298,0.780532297009731
trip-specific,0.9,8,0.5,24,0.8,100,9.93425234821945,4.95062920571097,0.948396471095922,0.0715503702009438,0.866447934899971,0.805953939058933
trip-specific,0.9,8,0.5,25,0.833333333333333,100,8.03798442291801,5.08098479188851,0.977068889131986,0.0744629549776024,0.891940592880653,0.844678420552266
trip-specific,0.9,8,0.5,26,0.866666666666667,100,6.25913604588234,5.22582387909617,1.00354432412483,0.0775161306970892,0.915854710010517,0.86950727333012
trip-specific,0.9,8,0.5,27,0.9,100,4.66492749419584,5.353328311774,1.02717754368366,0.0801672730455691,0.937286604109324,0.877921710139915
trip-specific,0.9,8,0.5,28,0.933333333333333,100,3.132049997719,5.48577002046197,1.05029244636827,0.0828507549989747,0.957893988341569,0.894937692838688
trip-specific,0.9,8,0.5,29,0.966666666666667,100,1.70949293868463,5.61492303451526,1.07081690568764,0.0853003333036274,0.977018269293695,0.90871235315717
trip-specific,0.9,8,0.5,30,1,100,0.41555309666682,5.74697510317966,1.09009228665102,0.088095108059478,0.994413472471483,0.920995600234716
trip-specific,0.9,8,0.75,0,0,100,74.3848651144316,3.5474113954929,0,0,0,0
trip-specific,0.9,8,0.75,1,0.0333333333333333,100,69.423950926611,3.40006813575716,0.0709517097865781,0.00381989084022567,0.0666925211222583,0.0649074612736233
trip-specific,0.9,8,0.75,2,0.0666666666666667,100,64.9881670676879,3.36089282426963,0.136630096243337,0.00733122622272862,0.126325402785743,0.124503196950757
trip-specific,0.9,8,0.75,3,0.1,100,60.9095336286548,3.35553444572545,0.197440178423914,0.0109054177603159,0.18115689885364,0.181328942970676
trip-specific,0.9,8,0.75,4,0.133333333333333,100,57.3491732528541,3.33964452885572,0.250009443644598,0.014237341123102,0.229020941765106,0.222293256234979
trip-specific,0.9,8,0.75,5,0.166666666666667,100,53.7540819044036,3.30396309838837,0.301555434511907,0.0171730979312804,0.277351893806491,0.266241142333531
trip-specific,0.9,8,0.75,6,0.2,100,50.1755765132467,3.32776067937006,0.353972430083916,0.0204875310623596,0.325459870955496,0.315880582249959
trip-specific,0.9,8,0.75,7,0.233333333333333,100,46.8891100292671,3.35809642425292,0.403190640795612,0.023374715108092,0.369641795315025,0.360829893734729
trip-specific,0.9,8,0.75,8,0.266666666666667,100,43.7321661418773,3.417132219698,0.449971700528771,0.0266110919873351,0.41208247034392,0.398474691033843
trip-specific,0.9,8,0.75,9,0.3,100,40.8817394835502,3.45935558250762,0.491713221897725,0.0292978444008501,0.450402451887775,0.433300565151372
trip-specific,0.9,8,0.75,10,0.333333333333333,100,37.89981566878,3.53478029130567,0.536521891754124,0.032460256338687,0.490490227945214,0.476963710009567
trip-specific,0.9,8,0.75,11,0.366666666666667,100,35.2262322842306,3.60246108805957,0.576331379709885,0.0352402982600771,0.526432800139657,0.515194224551472
trip-specific,0.9,8,0.75,12,0.4,100,32.6503314730212,3.66043462592915,0.614343793368744,0.0379190040398187,0.561062167380517,0.554543260019551
trip-specific,0.9,8,0.75,13,0.433333333333333,100,30.0500371884172,3.74454229224932,0.653225040255806,0.0406908636663299,0.596019470598097,0.581392831565378
trip-specific,0.9,8,0.75,14,0.466666666666667,100,27.537788017174,3.81709687340966,0.689451571837273,0.0434896724747527,0.629793130970787,0.61726485819783
trip-specific,0.9,8,0.75,15,0.5,100,25.0507361919061,3.92185367301023,0.726144466946269,0.0464688105717731,0.663228048429357,0.643458235555692
trip-specific,0.9,8,0.75,16,0.533333333333333,100,22.931032982933,4.03520641650124,0.75753878654333,0.0494773015513475,0.691724479870246,0.672045148470645
trip-specific,0.9,8,0.75,17,0.566666666666667,100,20.738882820788,4.13648348657226,0.789411147810221,0.0523874365769171,0.721194858807852,0.69078924483066
trip-specific,0.9,8,0.75,18,0.6,100,18.8081387934718,4.24225912007226,0.817825385731013,0.0551577264302715,0.747150999540862,0.715587360799699
trip-specific,0.9,8,0.75,19,0.633333333333333,100,16.6785463338787,4.34237329542059,0.84887947563812,0.0578285024348912,0.775780378061843,0.733298733252995
trip-specific,0.9,8,0.75,20,0.666666666666667,100,14.7566067093724,4.46141264706707,0.877458343914302,0.0609011563807103,0.801618155969346,0.74925724690064
trip-specific,0.9,8,0.75,21,0.7,100,12.8784838631635,4.59037575959687,0.905304799236182,0.0639264867423373,0.826866878855644,0.767513671577846
trip-specific,0.9,8,0.75,22,0.733333333333333,100,11.2235003288037,4.71615823762535,0.929949608928194,0.0667843974530954,0.849115807207047,0.782177017032477
trip-specific,0.9,8,0.75,23,0.766666666666667,100,9.4792698229273,4.84025043675359,0.955853281623443,0.0694251150584424,0.872564535697622,0.803131286237558
trip-specific,0.9,8,0.75,24,0.8,100,7.92730913191853,4.97892309914653,0.979253653753111,0.0723106677315995,0.893428466668274,0.825505701352995
trip-specific,0.9,8,0.75,25,0.833333333333333,100,6.25632938924946,5.11364003847675,1.00396408610939,0.0752432355732306,0.915892441565567,0.849150873147135
trip-specific,0.9,8,0.75,26,0.866666666666667,100,4.802640792622,5.24732132616366,1.02491575042107,0.0779789391557929,0.935435242300517,0.878181208164405
trip-specific,0.9,8,0.75,27,0.9,100,3.34754970672173,5.38775103905587,1.04589656743142,0.0808001113163811,0.954996897533228,0.897622866579391
trip-specific,0.9,8,0.75,28,0.933333333333333,100,2.2576025091018,5.51178320511401,1.06239520323149,0.0832709025868405,0.969649706218747,0.901336174983875
trip-specific,0.9,8,0.75,29,0.966666666666667,100,1.21418119827875,5.63652397730403,1.0781822604726,0.0858302465932034,0.983677039725609,0.917951970086196
trip-specific,0.9,8,0.75,30,1,100,0.415553096666818,5.74697510317966,1.09009228665102,0.088095108059478,0.994413472471482,0.920995600234716
trip-specific,0.9,8,0.9,0,0,100,74.3848651144316,3.5474113954929,0,0,0,0
trip-specific,0.9,8,0.9,1,0.0333333333333333,100,68.6715206974796,3.38159014777064,0.0812234849619007,0.00399778695839521,0.0768078883810933,0.0730253214103841
trip-specific,0.9,8,0.9,2,0.0666666666666667,100,63.7486854618832,3.34714734997992,0.154628566187787,0.0074864652513878,0.142988491491999,0.142621704583843
trip-specific,0.9,8,0.9,3,0.1,100,59.4322785926209,3.30080617100857,0.217719681919202,0.0108644063401466,0.201016517255332,0.200565242546487
trip-specific,0.9,8,0.9,4,0.133333333333333,100,55.5198144940569,3.27095985513209,0.274795578669851,0.0138939682165541,0.253614100010173,0.253762297618356
trip-specific,0.9,8,0.9,5,0.166666666666667,100,51.7406161545997,3.28916828258629,0.33143550426383,0.0170614565347704,0.304420111873518,0.302658814993269
trip-specific,0.9,8,0.9,6,0.2,100,48.3560044551386,3.30705350649492,0.381217271515183,0.0203741012586538,0.349921460760208,0.344711274314383
trip-specific,0.9,8,0.9,7,0.233333333333333,100,44.9282093279496,3.3431620176369,0.431819713553821,0.0234486944950127,0.396003350159561,0.384905458429977
trip-specific,0.9,8,0.9,8,0.266666666666667,100,41.6151180276875,3.37838668801268,0.480427237769249,0.0265116976326295,0.440543207765881,0.434426672027598
trip-specific,0.9,8,0.9,9,0.3,100,38.6729249728594,3.43761356489131,0.524385946872119,0.0294405577630188,0.480096859578005,0.471600584868913
trip-specific,0.9,8,0.9,10,0.333333333333333,100,35.7486976897467,3.4947728848328,0.567443363776337,0.0324446003345243,0.519408986831502,0.505793685888403
trip-specific,0.9,8,0.9,11,0.366666666666667,100,33.0611660571753,3.57166740022899,0.607154949972205,0.0354067577700281,0.555539073623177,0.538892453770073
trip-specific,0.9,8,0.9,12,0.4,100,30.3859153591119,3.64777678255272,0.646744576793749,0.0383498059026869,0.591504060505224,0.583226131961015
trip-specific,0.9,8,0.9,13,0.433333333333333,100,27.8833536109581,3.73432860230679,0.684244693631484,0.0411611975957012,0.625147487085402,0.610720082383699
trip-specific,0.9,8,0.9,14,0.466666666666667,100,25.5189906774019,3.82705070152454,0.719032840735403,0.0440645797222793,0.656933024774002,0.640938213609013
trip-specific,0.9,8,0.9,15,0.5,100,23.1837275573053,3.92805788903743,0.753840639884884,0.0470668698142768,0.68832735635616,0.668852628839927
trip-specific,0.9,8,0.9,16,0.533333333333333,100,20.9915284083268,4.02097204578321,0.785957073931022,0.0497743848900937,0.717798393852916,0.693619618662671
trip-specific,0.9,8,0.9,17,0.566666666666667,100,18.8907153525023,4.12805086058158,0.817096501601409,0.0525046603099286,0.746040873725571,0.712790696915198
trip-specific,0.9,8,0.9,18,0.6,100,16.616223909341,4.24769841105509,0.850459386844902,0.0556825291739516,0.776618215496135,0.738583107079495
trip-specific,0.9,8,0.9,19,0.633333333333333,100,14.6214639795358,4.37036598030715,0.879779821953326,0.0587022303327574,0.80343496009514,0.753891656924265
trip-specific,0.9,8,0.9,20,0.666666666666667,100,12.7729170193581,4.4997021743009,0.907579293948627,0.0617822729901489,0.828286076748158,0.779387844620991
trip-specific,0.9,8,0.9,21,0.7,100,11.0430896197665,4.62321955897413,0.932898295215385,0.06459122566289,0.85154117571124,0.805480871355596
trip-specific,0.9,8,0.9,22,0.733333333333333,100,9.38664149718734,4.7450459210822,0.956704524109007,0.0673509606355063,0.873809793393492,0.826388984443395
trip-specific,0.9,8,0.9,23,0.766666666666667,100,7.85102871413992,4.87142086735914,0.979502850548627,0.0701062684192787,0.894453949710574,0.839642187310648
trip-specific,0.9,8,0.9,24,0.8,100,6.33943617651,4.99686980817184,1.00179206711489,0.0728408315754562,0.914775187576698,0.865129127285977
trip-specific,0.9,8,0.9,25,0.833333333333333,100,4.97910502691099,5.12989633065444,1.0215905129439,0.0754891590301692,0.933062928604477,0.869741352811664
trip-specific,0.9,8,0.9,26,0.866666666666667,100,3.79948172703054,5.26587199886491,1.03884685570914,0.0781766889976343,0.948921306489088,0.888145504913535
trip-specific,0.9,8,0.9,27,0.9,100,2.76813548204753,5.39204215457975,1.05456197286144,0.0808214041111637,0.962786307701316,0.897622866579391
trip-specific,0.9,8,0.9,28,0.933333333333333,100,1.81773657713014,5.52154065129354,1.06884625444344,0.0835051233230146,0.975563085658167,0.910627243676417
trip-specific,0.9,8,0.9,29,0.966666666666667,100,0.986836456347236,5.63735333787811,1.08113882076229,0.0858372914868679,0.986733370359291,0.917951970086196
trip-specific,0.9,8,0.9,30,1,100,0.415553096666822,5.74697510317966,1.09009228665102,0.088095108059478,0.994413472471482,0.920995600234716
trip-specific,0.9,8,1,0,0,100,74.3848651144316,3.5474113954929,0,0,0,0
trip-specific,0.9,8,1,1,0.0333333333333333,100,68.0659742221237,3.3743139631366,0.0906281878500321,0.00430424056396057,0.0849486099435294,0.0805352904835749
trip-specific,0.9,8,1,2,0.0666666666666667,100,63.0867578886319,3.32916058728872,0.164464141690537,0.00764854703997924,0.151887177699643,0.151810147259882
trip-specific,0.9,8,1,3,0.1,100,58.5946491149073,3.29483553991398,0.230643400005097,0.0108935067897863,0.212277268705577,0.216022078286154
trip-specific,0.9,8,1,4,0.133333333333333,100,54.4418424292333,3.27414180209963,0.291524537361441,0.0140963645344621,0.268105919860425,0.270780668926571
trip-specific,0.9,8,1,5,0.166666666666667,100,50.5803721094082,3.27256835474897,0.348363630993063,0.0172278608669986,0.320017962906879,0.316775349148974
trip-specific,0.9,8,1,6,0.2,100,46.9167183929628,3.2831759434514,0.402215009477494,0.0203403622995557,0.369270639655158,0.362973338679946
trip-specific,0.9,8,1,7,0.233333333333333,100,43.4972463427889,3.31124147058662,0.452644587299583,0.0234343008122363,0.415240636978046,0.408725615150899
trip-specific,0.9,8,1,8,0.266666666666667,100,40.267069777863,3.35574226170985,0.500413563871834,0.0265152132662336,0.458665822463786,0.451603097108024
trip-specific,0.9,8,1,9,0.3,100,37.1794291853924,3.41353528107245,0.54617597747692,0.0295866615431622,0.500174812064301,0.495087042530984
trip-specific,0.9,8,1,10,0.333333333333333,100,34.2551243575918,3.48141268458134,0.589521517934851,0.0326676637406372,0.539487981797174,0.530111480911535
trip-specific,0.9,8,1,11,0.366666666666667,100,31.4652380374799,3.55910752513523,0.63093253743544,0.0357552114635702,0.576994083553493,0.565602618628565
trip-specific,0.9,8,1,12,0.4,100,28.7873350463354,3.64503598169619,0.67059605901657,0.0388000799956595,0.612994726789519,0.596251806987882
trip-specific,0.9,8,1,13,0.433333333333333,100,26.2504529252085,3.73873146530645,0.708159446757047,0.0418131389453829,0.64709954256386,0.62752448988286
trip-specific,0.9,8,1,14,0.466666666666667,100,23.8249942183848,3.83907614211677,0.744039306061591,0.0448140643554949,0.679706427083882,0.65805781592332
trip-specific,0.9,8,1,15,0.5,100,21.5205749741259,3.94323445127916,0.778067942515691,0.0477727948534958,0.71068610609135,0.683976040728291
trip-specific,0.9,8,1,16,0.533333333333333,100,19.3023724924412,4.05007987311808,0.810692143988399,0.0506667121881029,0.740506721861402,0.710637232132232
trip-specific,0.9,8,1,17,0.566666666666667,100,17.193245164405,4.16080774718765,0.84168201552471,0.0535364454119413,0.768860975442311,0.738012623102987
trip-specific,0.9,8,1,18,0.6,100,15.1850041243483,4.27502099936806,0.871244149588056,0.056373218631405,0.795858954627555,0.764227099717612
trip-specific,0.9,8,1,19,0.633333333333333,100,13.2891261441085,4.39251491897318,0.899152473800736,0.0591970988490406,0.821346370344762,0.789954025335472
trip-specific,0.9,8,1,20,0.666666666666667,100,11.5016946092383,4.51354777977717,0.925432358282451,0.0620092418192414,0.845375875972291,0.813312994101713
trip-specific,0.9,8,1,21,0.7,100,9.83717303434392,4.63736564189758,0.949844606203788,0.0648117447633242,0.867753029877641,0.831386534112836
trip-specific,0.9,8,1,22,0.733333333333333,100,8.29007665757183,4.76298525118123,0.972517371005588,0.0675927476518885,0.88855156697779,0.846673278698604
trip-specific,0.9,8,1,23,0.766666666666667,100,6.86243128883971,4.88876884841674,0.993430600430304,0.0703242044233192,0.907744253104677,0.864019267697562
trip-specific,0.9,8,1,24,0.8,100,5.53721382536191,5.01609815372691,1.01284667833598,0.0730464607225322,0.925559939957629,0.882098262275517
trip-specific,0.9,8,1,25,0.833333333333333,100,4.34778361698926,5.1431326010187,1.03041327492882,0.0757418979302792,0.941550157948116,0.892675188884105
trip-specific,0.9,8,1,26,0.866666666666667,100,3.28230784840379,5.27142971105387,1.04632506268669,0.0784179868914374,0.955873982652864,0.901510519726567
trip-specific,0.9,8,1,27,0.9,100,2.34202871070484,5.39945449672895,1.06042407197115,0.0810698619383952,0.968514714557834,0.909387329016949
trip-specific,0.9,8,1,28,0.933333333333333,100,1.5458355782586,5.5221194455465,1.07243053154829,0.0835186268754093,0.97921841256443,0.91463580077588
trip-specific,0.9,8,1,29,0.966666666666667,100,0.89361292807599,5.64007670799396,1.08252997968964,0.0858788128124766,0.987986629716928,0.918275687344472
trip-specific,0.9,8,1,30,1,100,0.415553096666819,5.74697510317966,1.09009228665102,0.088095108059478,0.994413472471482,0.920995600234716
trip-specific,1,8,0,0,0,100,24.4597971764773,1.34968337368327,0,0,0,0
trip-specific,1,8,0,1,0.0333333333333333,100,23.2018034643501,1.25008258296802,0.0531327224498025,0.0112140777529051,0.0514310770056996,0.00305107706247528
trip-specific,1,8,0,2,0.0666666666666667,100,22.4060620864689,1.29032981334226,0.0917598870779676,0.0199403677123276,0.0839637007286167,0.0377422301949679
trip-specific,1,8,0,3,0.1,100,21.6499343631045,1.33918058311111,0.128551314829242,0.0277802256806308,0.114876783037067,0.0648720996573343
trip-specific,1,8,0,4,0.133333333333333,100,20.7503725834456,1.41890973663388,0.172755196788698,0.0353750091625775,0.151653939166717,0.0952830312425126
trip-specific,1,8,0,5,0.166666666666667,100,19.9372859821447,1.4860456119579,0.212512199502308,0.042668582853488,0.184895694829467,0.111977229838859
trip-specific,1,8,0,6,0.2,100,19.1296196018306,1.57580061284622,0.253382042617441,0.0513418155773294,0.217915853356819,0.126908809389672
trip-specific,1,8,0,7,0.233333333333333,100,18.0428973291495,1.67854810674826,0.308900858583006,0.0595099652172276,0.262344769297552,0.165900704557631
trip-specific,1,8,0,8,0.266666666666667,100,17.2647467520825,1.76132501449324,0.348259094683953,0.0659688104486152,0.29415822103849,0.184153525652029
trip-specific,1,8,0,9,0.3,100,16.4854536860736,1.88523746557485,0.387982460475045,0.0760432936353399,0.326018381627158,0.212534862041722
trip-specific,1,8,0,10,0.333333333333333,100,15.7098372238431,1.9925650360246,0.427261777427128,0.0843183993105796,0.3577282301036,0.222998823407937
trip-specific,1,8,0,11,0.366666666666667,100,14.7387195522796,2.12137485460386,0.475984123231411,0.0933572357508593,0.397430835344227,0.269696042021679
trip-specific,1,8,0,12,0.4,100,13.5972356604784,2.26354394292721,0.531820294436728,0.102972231375047,0.444098593198693,0.295469234434772
trip-specific,1,8,0,13,0.433333333333333,100,12.6241359274575,2.38011466980581,0.58129973376369,0.110755420307876,0.483882231877294,0.324655172989045
trip-specific,1,8,0,14,0.466666666666667,100,11.689835575531,2.49754366661336,0.62557272525112,0.119245301850578,0.522079619418393,0.340839293778892
trip-specific,1,8,0,15,0.5,100,10.8798997686073,2.6249087960582,0.66722394125444,0.127412520747394,0.555192559852037,0.360102556695679
trip-specific,1,8,0,16,0.533333333333333,100,9.81474229937276,2.7522506122379,0.718723547464868,0.135823259366067,0.598739833018261,0.396834464965667
trip-specific,1,8,0,17,0.566666666666667,100,9.03627342617186,2.86338713479215,0.757657312844687,0.143547111218797,0.63056629779163,0.401312089351951
trip-specific,1,8,0,18,0.6,100,8.16429502414155,3.0042795988354,0.799974632078092,0.151909194733346,0.666215751290323,0.423956935207919
trip-specific,1,8,0,19,0.633333333333333,100,7.51703503345293,3.1314437887437,0.833480032742338,0.160478285517725,0.692677949076292,0.451374862477563
trip-specific,1,8,0,20,0.666666666666667,100,6.72646830309087,3.26304404035973,0.874454774638734,0.169313188752096,0.72499901554541,0.474011025956929
trip-specific,1,8,0,21,0.7,100,5.72549186753609,3.41656091735425,0.924054171637553,0.178371529598843,0.765922348978338,0.483656786076334
trip-specific,1,8,0,22,0.733333333333333,100,5.05603789243923,3.51994877951349,0.957890494602413,0.185067104531167,0.793291912604183,0.501892680983158
trip-specific,1,8,0,23,0.766666666666667,100,3.96834912649486,3.65458675656643,1.01035244662194,0.193005401946552,0.837760342088561,0.553972787716305
trip-specific,1,8,0,24,0.8,100,3.11999151206198,3.78584586363339,1.05303329685577,0.201098519103138,0.872444097162734,0.569949824717329
trip-specific,1,8,0,25,0.833333333333333,100,2.16667646663418,3.88658044695988,1.09832919684397,0.207443564752317,0.911418870279192,0.602467905310158
trip-specific,1,8,0,26,0.866666666666667,100,1.31003581279732,4.021387612237,1.13967741754128,0.21595948397409,0.946441264277647,0.616572420443847
trip-specific,1,8,0,27,0.9,100,0.383958651094162,4.14848904982483,1.18502273662904,0.223875717297142,0.984302459733255,0.64388768537295
trip-specific,1,8,0,28,0.933333333333333,100,-0.473376323625049,4.28032517715956,1.22876867293891,0.231887190670129,1.01935323993938,0.662508663123291
trip-specific,1,8,0,29,0.966666666666667,100,-1.34572582202325,4.40900336696778,1.27180216567177,0.239998272383496,1.0550178651243,0.688268620780789
trip-specific,1,8,0,30,1,100,-1.96098859050629,4.53358694501837,1.30409312936557,0.247884612701089,1.08017190724673,0.696654287004458
trip-specific,1,8,0.25,0,0,100,24.4597971764773,1.34968337368327,0,0,0,0
trip-specific,1,8,0.25,1,0.0333333333333333,100,22.7638607360203,1.24876032592031,0.0730606986147332,0.0112394835270531,0.0693356706198672,0.0437670868813452
trip-specific,1,8,0.25,2,0.0666666666666667,100,21.7534660302487,1.30192463638188,0.123088875985409,0.0210730387108761,0.110644055087719,0.0715390431567423
trip-specific,1,8,0.25,3,0.1,100,20.7519769604261,1.36610507233508,0.172276482299661,0.0290784045995921,0.151588346759353,0.0997038347321254
trip-specific,1,8,0.25,4,0.133333333333333,100,19.5246441786422,1.45601942148631,0.232058392894506,0.0393241456823217,0.201765900274152,0.146299588782444
trip-specific,1,8,0.25,5,0.166666666666667,100,18.4042462604477,1.53449546895363,0.286756718804891,0.0479824082877955,0.247571591552412,0.193596954570942
trip-specific,1,8,0.25,6,0.2,100,17.3056092364606,1.64284141733761,0.341895039678086,0.0572095269594103,0.292487623196518,0.224145478111073
trip-specific,1,8,0.25,7,0.233333333333333,100,16.1911659888853,1.73918941205219,0.396473766892907,0.0649505302294095,0.338049867214104,0.266881046390609
trip-specific,1,8,0.25,8,0.266666666666667,100,15.1822837012317,1.84066494215466,0.447552838100096,0.0723613139616175,0.37929641886678,0.293000810516936
trip-specific,1,8,0.25,9,0.3,100,14.1445704825769,1.94734234075423,0.498695174626934,0.0805319317989463,0.421721677390706,0.311212030061711
trip-specific,1,8,0.25,10,0.333333333333333,100,13.2694050665586,2.05719981902736,0.542231116037085,0.0887478865393903,0.457501426899824,0.319507520539784
trip-specific,1,8,0.25,11,0.366666666666667,100,12.4074673564841,2.14931268524078,0.583115016502645,0.0954359247509674,0.492740382638322,0.347184155177926
trip-specific,1,8,0.25,12,0.4,100,11.3267503972277,2.30787187187022,0.637511790089815,0.105802877805814,0.536923780867633,0.363862427349063
trip-specific,1,8,0.25,13,0.433333333333333,100,10.5308794773108,2.4265526930799,0.678163627644586,0.113677381822815,0.569461700711149,0.406091725850953
trip-specific,1,8,0.25,14,0.466666666666667,100,9.72032197070422,2.55072874218269,0.71962198697518,0.121420481869002,0.602600058349947,0.411044986163463
trip-specific,1,8,0.25,15,0.5,100,8.96517811530969,2.68204985810167,0.756968461415968,0.130052222695402,0.633472916777438,0.423956935207919
trip-specific,1,8,0.25,16,0.533333333333333,100,7.96577225618319,2.82488453492025,0.804796790186432,0.139434426409038,0.67433203968495,0.467457329316549
trip-specific,1,8,0.25,17,0.566666666666667,100,7.14261140393687,2.93586448771532,0.84541680220606,0.146133440663708,0.707985665113943,0.478731655473927
trip-specific,1,8,0.25,18,0.6,100,6.24135577050592,3.06077945871991,0.889879507761794,0.154492598128369,0.744832071767621,0.514750186842992
trip-specific,1,8,0.25,19,0.633333333333333,100,5.30766468703267,3.18802616174251,0.934405711423209,0.163201661210666,0.783004550334661,0.544164932899089
trip-specific,1,8,0.25,20,0.666666666666667,100,4.41770781498121,3.31115268694353,0.978994692787146,0.170698930859351,0.81938902505579,0.565898218435035
trip-specific,1,8,0.25,21,0.7,100,3.70369618368008,3.42767982730024,1.01592662363561,0.178096367167787,0.848580257761014,0.567565402709528
trip-specific,1,8,0.25,22,0.733333333333333,100,2.94218210456144,3.55266390524276,1.05317602687082,0.185862853383387,0.87971355267856,0.581428589174322
trip-specific,1,8,0.25,23,0.766666666666667,100,2.23139681721553,3.66473551369727,1.08898488065846,0.193152610212402,0.908772881430046,0.61036494867759
trip-specific,1,8,0.25,24,0.8,100,1.53223839331561,3.79875881131391,1.12385983620158,0.201795989102881,0.937356864316555,0.614746871571437
trip-specific,1,8,0.25,25,0.833333333333333,100,0.940469881037103,3.91964383479562,1.15513656140258,0.209378267750762,0.961550381049703,0.625042888381747
trip-specific,1,8,0.25,26,0.866666666666667,100,0.252402455307319,4.05353359572434,1.18972425448826,0.217677576976696,0.989680926072843,0.632661944027786
trip-specific,1,8,0.25,27,0.9,100,-0.335468027461112,4.16667620331762,1.219812221008,0.225348502607842,1.01371507805403,0.657061735472342
trip-specific,1,8,0.25,28,0.933333333333333,100,-1.04413014315298,4.29521590739269,1.25545494660346,0.232917147705346,1.04268760430103,0.680413900500804
trip-specific,1,8,0.25,29,0.966666666666667,100,-1.5684082049876,4.41678260460983,1.28252775721602,0.240230064942473,1.06412188104715,0.696654287004458
trip-specific,1,8,0.25,30,1,100,-1.96098859050629,4.53358694501837,1.30409312936557,0.247884612701089,1.08017190724673,0.696654287004458
trip-specific,1,8,0.5,0,0,100,24.4597971764773,1.34968337368327,0,0,0,0
trip-specific,1,8,0.5,1,0.0333333333333333,100,22.3752572983156,1.2528164583863,0.0906051759886047,0.0115226246574674,0.0852231056178348,0.0652022498052038
trip-specific,1,8,0.5,2,0.0666666666666667,100,20.6291800117191,1.3104134582606,0.174115165318136,0.0219959624960114,0.156608705179375,0.123454364389158
trip-specific,1,8,0.5,3,0.1,100,19.2955721383362,1.39394634198163,0.240349034395192,0.0323213349216751,0.211131147199679,0.160085525364394
trip-specific,1,8,0.5,4,0.133333333333333,100,17.9063984111003,1.4904366551228,0.309412920274395,0.0420690592019225,0.267925310994782,0.230079132223689
trip-specific,1,8,0.5,5,0.166666666666667,100,16.5377082555664,1.58996539801991,0.376343037834297,0.0500997667210946,0.32388203645979,0.26847809906918
trip-specific,1,8,0.5,6,0.2,100,15.3615074501201,1.68730408291535,0.43184246477608,0.058903103460787,0.371969140247284,0.307566898389435
trip-specific,1,8,0.5,7,0.233333333333333,100,14.1069920206154,1.79315002001069,0.491786018241552,0.0680751888697722,0.423258013186557,0.321592205589635
trip-specific,1,8,0.5,8,0.266666666666667,100,13.0164598442966,1.89679397449353,0.54693643081298,0.0761203825918785,0.467842690992777,0.363757577231616
trip-specific,1,8,0.5,9,0.3,100,12.0867632384105,2.02306385778451,0.594599473186869,0.0848642913707302,0.505851861681251,0.398766450352239
trip-specific,1,8,0.5,10,0.333333333333333,100,10.9573189109402,2.13930437586685,0.649673194554654,0.0929749889503682,0.552027401049847,0.413661543186547
trip-specific,1,8,0.5,11,0.366666666666667,100,10.0191476896108,2.26170044793988,0.694097873409102,0.10129703801975,0.590383042945011,0.460203106794026
trip-specific,1,8,0.5,12,0.4,100,9.15813082528618,2.38731645390997,0.738329718886294,0.110056174450164,0.625584351366027,0.481201552972321
trip-specific,1,8,0.5,13,0.433333333333333,100,8.26191932454619,2.50978991426794,0.782078383210047,0.118604502129661,0.662224536657582,0.503822607363885
trip-specific,1,8,0.5,14,0.466666666666667,100,7.22856727419285,2.62423320805985,0.831394056990201,0.126240665846043,0.704471495734868,0.518166437544779
trip-specific,1,8,0.5,15,0.5,100,6.25832009592662,2.74948942226491,0.879527107892559,0.134431870090572,0.744138512238149,0.538775317122876
trip-specific,1,8,0.5,16,0.533333333333333,100,5.53492093523688,2.87659845802406,0.916643542710429,0.142760943989529,0.773713539188307,0.549253252098621
trip-specific,1,8,0.5,17,0.566666666666667,100,4.7811405233822,2.97882050272569,0.953506816641684,0.149157129487735,0.804530655389892,0.56851874411123
trip-specific,1,8,0.5,18,0.6,100,4.13090070121739,3.09944918474869,0.986827507905602,0.156835022027158,0.831114678858007,0.602289435113437
trip-specific,1,8,0.5,19,0.633333333333333,100,3.55695527154384,3.20549989219922,1.0162666723554,0.163435739590529,0.854579527136696,0.619159775621947
trip-specific,1,8,0.5,20,0.666666666666667,100,2.93043524978,3.32962102666422,1.0474869074168,0.171303354610286,0.88019380419891,0.619159775621947
trip-specific,1,8,0.5,21,0.7,100,2.23892061822527,3.45943380495994,1.08251981824238,0.179867063228068,0.908465282762916,0.621098309788242
trip-specific,1,8,0.5,22,0.733333333333333,100,1.74741755297033,3.57604765985511,1.10792646187828,0.187102612332294,0.928559605774212,0.622902638100261
trip-specific,1,8,0.5,23,0.766666666666667,100,1.14036938688213,3.69683502196755,1.13985509919375,0.194859577573906,0.953377806910892,0.64667438968728
trip-specific,1,8,0.5,24,0.8,100,0.534086011677576,3.82218519363006,1.17091424556719,0.202992128926191,0.9781647407857,0.672177682050702
trip-specific,1,8,0.5,25,0.833333333333333,100,0.0133982850265546,3.94785784670004,1.19821457690259,0.211176114877421,0.999452232374215,0.687120192726854
trip-specific,1,8,0.5,26,0.866666666666667,100,-0.521349616294438,4.08612894775436,1.22607628032626,0.219592214774975,1.02131455189644,0.691097595202143
trip-specific,1,8,0.5,27,0.9,100,-0.924003985774463,4.19551985104157,1.24779217761663,0.22660399114991,1.03777643694704,0.691097595202143
trip-specific,1,8,0.5,28,0.933333333333333,100,-1.31255135060358,4.30930925040657,1.26901966844248,0.233791743288313,1.05366157949445,0.696654287004458
trip-specific,1,8,0.5,29,0.966666666666667,100,-1.64503651977946,4.41771563849858,1.28638869280212,0.240227130775843,1.06725470812004,0.696654287004458
trip-specific,1,8,0.5,30,1,100,-1.96098859050629,4.53358694501837,1.30409312936557,0.247884612701089,1.08017190724673,0.696654287004458
trip-specific,1,8,0.75,0,0,100,24.4597971764773,1.34968337368327,0,0,0,0
trip-specific,1,8,0.75,1,0.0333333333333333,100,21.6922774926338,1.25737766057417,0.121648059516551,0.0113776337040729,0.113145651367259,0.0998832317959337
trip-specific,1,8,0.75,2,0.0666666666666667,100,19.4383605338804,1.32633476293166,0.229338016490658,0.0221843761484852,0.205293470193857,0.203127199177455
trip-specific,1,8,0.75,3,0.1,100,17.459106593948,1.417452529193,0.324639578963009,0.0329998500918601,0.28621212727233,0.253329794864403
trip-specific,1,8,0.75,4,0.133333333333333,100,15.9482010320021,1.51141898003874,0.397415084139444,0.0428249677990831,0.347983103991586,0.296162550664133
trip-specific,1,8,0.75,5,0.166666666666667,100,14.4208357146893,1.6042477382982,0.469023487685299,0.0516603769368262,0.41042701169421,0.345102082227468
trip-specific,1,8,0.75,6,0.2,100,12.7970900425955,1.72292704890037,0.545728559504363,0.0614138220655597,0.476811277286373,0.392854619299727
trip-specific,1,8,0.75,7,0.233333333333333,100,11.4417798973408,1.83072271465689,0.61298037802366,0.0697575070744944,0.532220982259648,0.455001898274241
trip-specific,1,8,0.75,8,0.266666666666667,100,10.1967190585246,1.96277761612219,0.674219196802591,0.0791561422731004,0.583123319259138,0.490873812330483
trip-specific,1,8,0.75,9,0.3,100,9.27320629559091,2.06766410332576,0.720163447336858,0.0868682828671293,0.620879673339694,0.503357235631323
trip-specific,1,8,0.75,10,0.333333333333333,100,8.17378884771763,2.19722862675305,0.775089369432307,0.0960011748162665,0.665827611376178,0.549030089959797
trip-specific,1,8,0.75,11,0.366666666666667,100,7.33105372486952,2.31188960143539,0.81736385826678,0.103936164782908,0.700281499802471,0.58235998923154
trip-specific,1,8,0.75,12,0.4,100,6.54298516599069,2.42822829251906,0.85764529377447,0.111609269623837,0.732500432494061,0.605557656891967
trip-specific,1,8,0.75,13,0.433333333333333,100,5.75212701136384,2.54248648978328,0.89772019379837,0.11951098037255,0.764833413381874,0.610406970671058
trip-specific,1,8,0.75,14,0.466666666666667,100,4.99788148913142,2.65850372141893,0.935110969105185,0.127329831808701,0.795669544883315,0.614545640292105
trip-specific,1,8,0.75,15,0.5,100,4.24517172839473,2.78987878673894,0.973705497028995,0.135747913727791,0.82644288921262,0.641180158783814
trip-specific,1,8,0.75,16,0.533333333333333,100,3.63086226081017,2.91444704337948,1.0052224014577,0.144033788677007,0.851557957140302,0.646721104869877
trip-specific,1,8,0.75,17,0.566666666666667,100,3.02800833048498,3.02833446463355,1.03590019609798,0.151972532520345,0.876204683602324,0.662684632483505
trip-specific,1,8,0.75,18,0.6,100,2.55619916912559,3.14231879944043,1.06066246745607,0.159421030646227,0.895493852598915,0.668508784712991
trip-specific,1,8,0.75,19,0.633333333333333,100,1.99005210425064,3.25387336354227,1.08917895463053,0.166732345550923,0.918639877105585,0.684527576404436
trip-specific,1,8,0.75,20,0.666666666666667,100,1.54294155194954,3.38247734830911,1.11374411216161,0.175427849193749,0.936919282657284,0.687120192726854
trip-specific,1,8,0.75,21,0.7,100,1.05892474108473,3.50895514842372,1.13979204252815,0.183636921065252,0.956707542035423,0.687120192726854
trip-specific,1,8,0.75,22,0.733333333333333,100,0.666649137778273,3.62828990251203,1.16049014296665,0.191411638699384,0.972745107697811,0.691097595202143
trip-specific,1,8,0.75,23,0.766666666666667,100,0.230268089823727,3.74762104197016,1.18376078742485,0.198482099294022,0.990585854487577,0.691097595202143
trip-specific,1,8,0.75,24,0.8,100,-0.167765308431944,3.87656263633962,1.20518913392346,0.206324567289606,1.00685881846123,0.691097595202143
trip-specific,1,8,0.75,25,0.833333333333333,100,-0.565298829333327,3.99889076584128,1.22692861353215,0.214362659788837,1.02311134574235,0.696654287004458
trip-specific,1,8,0.75,26,0.866666666666667,100,-0.903820557890113,4.11718163891179,1.24501835335782,0.221648104658205,1.03695126952072,0.696654287004458
trip-specific,1,8,0.75,27,0.9,100,-1.25031216627974,4.23987660092173,1.2638466097895,0.229214844023428,1.05111702919116,0.696654287004458
trip-specific,1,8,0.75,28,0.933333333333333,100,-1.51451170398703,4.34273578255432,1.27852251047647,0.235535796992273,1.06191840811515,0.696654287004458
trip-specific,1,8,0.75,29,0.966666666666667,100,-1.76647682053313,4.44757481084524,1.29275122353468,0.24228808893668,1.07221960214093,0.696654287004458
trip-specific,1,8,0.75,30,1,100,-1.96098859050629,4.53358694501837,1.30409312936557,0.247884612701089,1.08017190724673,0.696654287004458
trip-specific,1,8,0.9,0,0,100,24.4597971764773,1.34968337368327,0,0,0,0
trip-specific,1,8,0.9,1,0.0333333333333333,100,20.9620239625971,1.2567504622447,0.152608357780187,0.011939777570598,0.143000908333125,0.12665837615254
trip-specific,1,8,0.9,2,0.0666666666666667,100,18.2364097512501,1.33946813350039,0.282806249673468,0.0226729913944763,0.254433320943976,0.241276182224329
trip-specific,1,8,0.9,3,0.1,100,16.1355230228663,1.42229825320558,0.382586086495734,0.0329860993734785,0.340324741597463,0.306760814791862
trip-specific,1,8,0.9,4,0.133333333333333,100,14.3839959263516,1.50580655151704,0.46492301432838,0.0420042901942181,0.411933147990922,0.378664554085064
trip-specific,1,8,0.9,5,0.166666666666667,100,12.7120096780857,1.61515051293577,0.546171188633014,0.0513975946190665,0.480289653002082,0.44056719516788
trip-specific,1,8,0.9,6,0.2,100,11.3804646013771,1.73204861015396,0.611389352818822,0.0612575685051971,0.534727760853161,0.472484855488773
trip-specific,1,8,0.9,7,0.233333333333333,100,10.0055199976231,1.853024490948,0.678254385739928,0.0704375764433307,0.590940189510433,0.52712747276696
trip-specific,1,8,0.9,8,0.266666666666667,100,8.77668403496827,1.977218532639,0.739040586063265,0.079616337000496,0.641179198190216,0.579402636363354
trip-specific,1,8,0.9,9,0.3,100,7.79147557467268,2.09622440333941,0.788577988577555,0.0882267824972151,0.681457882971914,0.600805228981861
trip-specific,1,8,0.9,10,0.333333333333333,100,6.830249583309,2.22181286616829,0.837048552933714,0.0969519205727248,0.720756082561569,0.605557656891967
trip-specific,1,8,0.9,11,0.366666666666667,100,6.01746614614077,2.344923973534,0.878263522486802,0.105327307813518,0.753985443839752,0.625824240770269
trip-specific,1,8,0.9,12,0.4,100,5.1900655195221,2.46353909280923,0.918870635884063,0.113713245500523,0.787812405717194,0.646956440111262
trip-specific,1,8,0.9,13,0.433333333333333,100,4.5109823177047,2.58316135246636,0.954451928939403,0.121690585740319,0.815575644999917,0.648684822935992
trip-specific,1,8,0.9,14,0.466666666666667,100,3.88433460226655,2.70572518496998,0.986791941964298,0.129892149619777,0.841195142615407,0.671084546340519
trip-specific,1,8,0.9,15,0.5,100,3.29636388695423,2.83205640137196,1.0181735596366,0.138419926529667,0.865233392445122,0.67686795663533
trip-specific,1,8,0.9,16,0.533333333333333,100,2.81353021670305,2.94550812056728,1.04389953147455,0.145904199802022,0.884973280996427,0.67686795663533
trip-specific,1,8,0.9,17,0.566666666666667,100,2.32151467989018,3.06050943549326,1.0693881105358,0.153449619379634,0.90508855559429,0.684527576404436
trip-specific,1,8,0.9,18,0.6,100,1.71040817738087,3.19738561049903,1.10086571675914,0.1624275626159,0.930072675376649,0.691097595202143
trip-specific,1,8,0.9,19,0.633333333333333,100,1.24113598181602,3.32386472782296,1.1260394866372,0.170706915487459,0.949258124551842,0.691097595202143
trip-specific,1,8,0.9,20,0.666666666666667,100,0.815300871181312,3.45001110507855,1.14936646876078,0.179107237457493,0.966667717426317,0.691097595202143
trip-specific,1,8,0.9,21,0.7,100,0.457885511727781,3.56629224218671,1.16866770352813,0.186662696603275,0.981280077327537,0.696654287004458
trip-specific,1,8,0.9,22,0.733333333333333,100,0.123475900548519,3.68047120579557,1.18677409073673,0.194049830416182,0.994951883711151,0.696654287004458
trip-specific,1,8,0.9,23,0.766666666666667,100,-0.209933273256891,3.79514276999801,1.2051381686424,0.201350796240717,1.00858278880001,0.696654287004458
trip-specific,1,8,0.9,24,0.8,100,-0.506186758441603,3.9055064650756,1.22162950203798,0.208478930441722,1.0206946425103,0.696654287004458
trip-specific,1,8,0.9,25,0.833333333333333,100,-0.821089561219138,4.01927240014523,1.23857449132441,0.215326756538258,1.03356894398163,0.696654287004458
trip-specific,1,8,0.9,26,0.866666666666667,100,-1.09175142962042,4.13570760888309,1.25357053863241,0.222449693365241,1.04463452504301,0.696654287004458
trip-specific,1,8,0.9,27,0.9,100,-1.33141343686974,4.2430013012777,1.26748471104951,0.229373579345565,1.05443272596513,0.696654287004458
trip-specific,1,8,0.9,28,0.933333333333333,100,-1.57503782066345,4.35331916455496,1.28167663405209,0.236393679265939,1.06439292236561,0.696654287004458
trip-specific,1,8,0.9,29,0.966666666666667,100,-1.78219762352749,4.44838436622272,1.29350955633786,0.242312763136027,1.07286232222896,0.696654287004458
trip-specific,1,8,0.9,30,1,100,-1.96098859050629,4.53358694501837,1.30409312936557,0.247884612701089,1.08017190724673,0.696654287004458
trip-specific,1,8,1,0,0,100,24.4597971764773,1.34968337368327,0,0,0,0
trip-specific,1,8,1,1,0.0333333333333333,100,20.3891963058254,1.26911075673713,0.179868447229762,0.0127769208834469,0.166420058240164,0.147635890952674
trip-specific,1,8,1,2,0.0666666666666667,100,17.618570096134,1.34095911957867,0.310721426039589,0.0229709354222093,0.279692714987943,0.253871854711749
trip-specific,1,8,1,3,0.1,100,15.3207778836509,1.42781628762147,0.419587049355974,0.0329104056453233,0.373634303951436,0.349905983106864
trip-specific,1,8,1,4,0.133333333333333,100,13.3549737089188,1.52629525624294,0.512984201292538,0.0426589593801566,0.4540030887189,0.435131814036478
trip-specific,1,8,1,5,0.166666666666667,100,11.6751459491744,1.63408716887618,0.594034665028655,0.0521117792137032,0.522680181485634,0.493512450410906
trip-specific,1,8,1,6,0.2,100,10.1850206617703,1.74798217777977,0.666387573570936,0.0614976758794125,0.583601589649929,0.551591449226134
trip-specific,1,8,1,7,0.233333333333333,100,8.89959103352836,1.86610413763292,0.729422548373506,0.0707742948711213,0.636154340556553,0.597564562815886
trip-specific,1,8,1,8,0.266666666666667,100,7.76935214135053,1.98875979321296,0.785498159025647,0.0800024859005,0.682362364442571,0.622503259548127
trip-specific,1,8,1,9,0.3,100,6.74767675710533,2.11401306353988,0.836508032600939,0.0891420720018243,0.724131941552055,0.627419133644341
trip-specific,1,8,1,10,0.333333333333333,100,5.84269634069822,2.24184860781083,0.882353881012011,0.0982178661198239,0.761130630048026,0.633350365683286
trip-specific,1,8,1,11,0.366666666666667,100,5.02897632523496,2.37125875646533,0.923972630849913,0.107239625227471,0.794398281843839,0.650837130774788
trip-specific,1,8,1,12,0.4,100,4.28889061581534,2.50096678482567,0.961919608949784,0.116084784892997,0.824655511864182,0.673779670359504
trip-specific,1,8,1,13,0.433333333333333,100,3.63575846362415,2.6299540917521,0.995779227332985,0.124734167398674,0.851357783656497,0.686972979941765
trip-specific,1,8,1,14,0.466666666666667,100,3.04628094618826,2.7585241764768,1.02666814365384,0.133292106121608,0.875457636700364,0.692706513991614
trip-specific,1,8,1,15,0.5,100,2.51704741115463,2.88442572409686,1.05463306864837,0.141638156542309,0.897094510105945,0.695530049422006
trip-specific,1,8,1,16,0.533333333333333,100,2.03089363072455,3.00737725095722,1.08040557967284,0.149710007184836,0.916970136094275,0.696654287004458
trip-specific,1,8,1,17,0.566666666666667,100,1.58936990209997,3.12833054713293,1.10400815724567,0.157623731291942,0.935021133223931,0.696654287004458
trip-specific,1,8,1,18,0.6,100,1.18724697355101,3.24706314071515,1.1257701453077,0.165346164052881,0.951461291155237,0.696654287004458
trip-specific,1,8,1,19,0.633333333333333,100,0.821611582785211,3.3638960580818,1.14575262782581,0.172937547496292,0.966409713994876,0.696654287004458
trip-specific,1,8,1,20,0.666666666666667,100,0.487340170459681,3.48008199691925,1.16419732783123,0.180456197650433,0.980075870337619,0.696654287004458
trip-specific,1,8,1,21,0.7,100,0.175990316355169,3.59489246027509,1.18153370717979,0.18786120514047,0.992804915139509,0.696654287004458
trip-specific,1,8,1,22,0.733333333333333,100,-0.114208033157587,3.70792775986939,1.19783158575342,0.195164749457107,1.00466921423484,0.696654287004458
trip-specific,1,8,1,23,0.766666666666667,100,-0.381265770547034,3.81910300433282,1.21299955425854,0.202323288581524,1.01558744611806,0.696654287004458
trip-specific,1,8,1,24,0.8,100,-0.639543548126045,3.92987385849474,1.22773278055865,0.209443012678422,1.02614672327459,0.696654287004458
trip-specific,1,8,1,25,0.833333333333333,100,-0.888083784937871,4.03911628667176,1.24201018731736,0.216471671297845,1.0363078965263,0.696654287004458
trip-specific,1,8,1,26,0.866666666666667,100,-1.1292375369403,4.1470646529554,1.25592271664011,0.223397729828942,1.04616708506587,0.696654287004458
trip-specific,1,8,1,27,0.9,100,-1.36580347975884,4.25421738899265,1.26959775992599,0.230239836622898,1.0558387083059,0.696654287004458
trip-specific,1,8,1,28,0.933333333333333,100,-1.58425910102819,4.35448727474377,1.28208072536442,0.23646607576901,1.06476991978297,0.696654287004458
trip-specific,1,8,1,29,0.966666666666667,100,-1.78424227838428,4.44940737374852,1.29366529012391,0.242420678254582,1.07294591469876,0.696654287004458
trip-specific,1,8,1,30,1,100,-1.96098859050629,4.53358694501837,1.30409312936557,0.247884612701089,1.08017190724673,0.696654287004458
